episode,curriculum_level,scenario,steps,reward,rolling_avg_reward,loss,success_rate,blocked_action_frequency,rollback_count,containment_conflicts,policy_confidence,unsafe_action_count
1,1,LINE_FAULT,5,-151.51,-151.51,0.0000,0.00,1.00,5,0,0.0000,5
2,1,OVERLOAD,5,63.80,-43.86,0.0000,1.00,0.40,2,0,0.0812,2
3,1,LINE_FAULT,5,-160.61,-82.77,0.0000,0.00,1.00,5,0,0.0000,5
4,1,OVERLOAD,5,9.63,-59.67,0.0000,1.00,1.00,5,0,0.1071,5
5,1,OVERLOAD,5,21.51,-43.44,0.0000,1.00,0.80,4,0,0.0668,4
1,1,LINE_FAULT,5,-166.40,-166.40,198639504.3067,0.00,1.00,5,0,0.6000,5
2,1,LINE_FAULT,5,-166.55,-166.47,30869158.4328,0.00,1.00,5,0,0.6000,5
3,1,LINE_FAULT,5,-176.96,-169.97,591078.3876,0.00,1.00,5,0,0.6000,5
4,1,OVERLOAD,5,17.78,-123.03,22923191.1004,1.00,0.60,3,0,0.4192,3
5,1,LINE_FAULT,5,-169.10,-132.24,102559556.3059,0.00,1.00,5,0,0.6000,5
1,1,LINE_FAULT,5,-146.51,-146.51,0.0000,0.00,1.00,5,0,0.0000,5
2,1,LINE_FAULT,5,-131.31,-138.91,0.0000,0.00,1.00,5,0,0.2000,5
3,1,OVERLOAD,5,90.66,-62.39,0.0000,1.00,0.20,1,0,0.0604,1
4,1,OVERLOAD,5,19.35,-41.95,0.0000,1.00,1.00,5,0,0.1029,5
5,1,LINE_FAULT,5,-168.87,-67.34,0.0000,0.00,1.00,5,0,0.0000,5
1,1,LINE_FAULT,5,-176.51,-176.51,9714123.0898,0.00,1.00,5,0,0.6000,5
2,1,OVERLOAD,5,56.81,-59.85,1440075.8827,1.00,0.40,2,0,0.2400,2
3,1,LINE_FAULT,5,-169.10,-96.26,51032257.8070,0.00,1.00,5,0,0.6000,5
4,1,OVERLOAD,5,42.04,-61.69,621.6161,1.00,0.80,4,0,0.0870,4
5,1,OVERLOAD,5,19.18,-45.51,117.8130,1.00,1.00,5,0,0.0954,5
1,1,LINE_FAULT,12,-404.87,-404.87,6108646.7670,0.00,1.00,12,0,0.4167,12
2,1,LINE_FAULT,12,-405.02,-404.95,1777031.0087,0.00,1.00,12,0,0.4167,12
3,1,OVERLOAD,12,-1.21,-270.37,6501750.3752,1.00,0.83,10,0,0.4245,10
4,1,LINE_FAULT,12,-426.37,-309.37,1003779.2272,0.00,1.00,12,0,0.4167,12
5,1,OVERLOAD,12,98.31,-227.83,2110.8051,1.00,0.83,10,0,0.1101,10
6,1,LINE_FAULT,12,-424.77,-260.66,17418.1892,0.00,1.00,12,0,0.4167,12
7,1,LINE_FAULT,12,-417.22,-283.02,13268.3396,0.00,1.00,12,0,0.4167,12
8,1,OVERLOAD,12,23.97,-244.65,1636409.9339,1.00,0.92,11,0,0.2441,11
9,1,LINE_FAULT,12,-407.57,-262.75,9376451.0742,0.00,1.00,12,0,0.4167,12
10,1,OVERLOAD,12,23.94,-234.08,88.2877,1.00,1.00,12,0,0.0945,12
11,1,OVERLOAD,12,22.99,-191.30,156.2862,1.00,1.00,12,0,0.0906,12
12,1,OVERLOAD,12,47.99,-146.00,517.2406,1.00,1.00,12,0,0.0998,12
13,1,OVERLOAD,12,37.99,-142.08,297.0665,1.00,1.00,12,3,0.1063,12
14,1,LINE_FAULT,12,-424.58,-141.90,597642.1764,0.00,1.00,12,0,0.4167,12
15,1,LINE_FAULT,12,-417.22,-193.45,129308.1145,0.00,1.00,12,0,0.4167,12
16,1,OVERLOAD,12,23.45,-148.63,164.7419,1.00,1.00,12,1,0.1032,12
17,1,LINE_FAULT,12,-424.58,-149.36,356039.2124,0.00,1.00,12,0,0.4167,12
18,1,OVERLOAD,12,23.45,-149.41,82.1803,1.00,1.00,12,0,0.1003,12
19,1,LINE_FAULT,12,-407.89,-149.45,46412118.4160,0.00,1.00,12,0,0.4167,12
20,1,LINE_FAULT,12,-417.67,-193.61,33780.2337,0.00,1.00,12,0,0.4167,12
21,1,LINE_FAULT,12,-399.79,-235.89,103774463.4500,0.00,1.00,12,0,0.4167,12
22,1,OVERLOAD,12,38.94,-236.79,299.0210,1.00,1.00,12,2,0.0994,12
23,1,OVERLOAD,12,42.99,-236.29,369.7979,1.00,1.00,12,1,0.1027,12
24,1,OVERLOAD,12,37.99,-190.03,296.1221,1.00,1.00,12,1,0.1004,12
25,1,OVERLOAD,12,37.99,-144.51,261.0172,1.00,1.00,12,0,0.1003,12
26,1,LINE_FAULT,12,-407.89,-187.65,34759.1932,0.00,1.00,12,0,0.4167,12
27,1,OVERLOAD,12,38.94,-141.29,308.9326,1.00,1.00,12,0,0.0974,12
28,1,OVERLOAD,12,22.99,-141.34,149.4002,1.00,1.00,12,0,0.0994,12
29,1,OVERLOAD,12,37.99,-96.75,289.5282,1.00,1.00,12,0,0.0990,12
30,1,OVERLOAD,12,37.99,-51.19,277.4089,1.00,1.00,12,0,0.1020,12
31,1,OVERLOAD,12,22.99,-8.91,68.1875,1.00,1.00,12,1,0.0989,12
32,1,LINE_FAULT,12,-407.89,-53.59,177779.1547,0.00,1.00,12,0,0.4167,12
33,1,OVERLOAD,12,33.94,-54.50,329.7158,1.00,1.00,12,1,0.0961,12
34,1,OVERLOAD,12,7.99,-57.50,20.1710,1.00,1.00,12,1,0.1005,12
35,1,OVERLOAD,12,7.99,-60.50,15.5685,1.00,1.00,12,0,0.0971,12
36,1,OVERLOAD,12,37.99,-15.91,264.5510,1.00,1.00,12,1,0.0954,12
37,1,LINE_FAULT,12,-407.89,-60.59,224861.4230,0.00,1.00,12,0,0.4167,12
38,1,LINE_FAULT,12,-405.02,-103.39,39478.6470,0.00,1.00,12,0,0.4167,12
39,1,OVERLOAD,12,8.94,-106.30,30.0639,1.00,1.00,12,0,0.0967,12
40,1,OVERLOAD,12,37.99,-106.30,266.4111,1.00,1.00,12,2,0.1007,12
41,1,LINE_FAULT,12,-407.89,-149.39,37743.2095,0.00,1.00,12,0,0.4167,12
42,1,LINE_FAULT,12,-417.67,-150.36,91329976.9531,0.00,1.00,12,0,0.4167,12
43,1,OVERLOAD,12,38.45,-149.91,292.1974,1.00,1.00,12,2,0.0954,12
44,1,LINE_FAULT,12,-424.58,-193.17,401302.1722,0.00,1.00,12,0,0.4167,12
45,1,OVERLOAD,12,38.45,-190.12,303.2442,1.00,1.00,12,0,0.0987,12
46,1,OVERLOAD,12,37.99,-190.12,322.5725,1.00,1.00,12,1,0.0978,12
47,1,LINE_FAULT,12,-407.89,-190.12,906464.5531,0.00,1.00,12,0,0.4167,12
48,1,LINE_FAULT,12,-405.02,-190.12,120708.7162,0.00,1.00,12,0,0.4167,12
49,1,LINE_FAULT,12,-405.02,-231.52,48186.5572,0.00,1.00,12,0,0.4167,12
50,1,OVERLOAD,12,43.94,-230.92,377.9863,1.00,1.00,12,1,0.0961,12
51,1,OVERLOAD,12,22.99,-187.84,153.2074,1.00,1.00,12,1,0.1015,12
52,1,OVERLOAD,12,22.99,-143.77,75.2276,1.00,1.00,12,0,0.0955,12
53,1,OVERLOAD,12,27.99,-144.82,132.7917,1.00,1.00,12,1,0.0981,12
54,1,LINE_FAULT,12,-407.89,-143.15,231869.3084,0.00,1.00,12,0,0.4167,12
55,1,LINE_FAULT,12,-417.67,-188.76,474040.7475,0.00,1.00,12,0,0.4167,12
56,1,OVERLOAD,12,38.45,-188.71,270.4620,1.00,1.00,12,1,0.0965,12
57,1,LINE_FAULT,12,-407.89,-188.71,29114.9853,0.00,1.00,12,0,0.4167,12
58,1,LINE_FAULT,12,-417.67,-189.98,405619.1462,0.00,1.00,12,0,0.4167,12
59,1,OVERLOAD,12,38.45,-145.63,284.5279,1.00,1.00,12,0,0.1047,12
60,1,OVERLOAD,12,27.99,-147.23,212.5737,1.00,1.00,12,2,0.0989,12
61,1,LINE_FAULT,12,-407.89,-190.31,13517.6723,0.00,1.00,12,0,0.4167,12
62,1,LINE_FAULT,12,-417.67,-234.38,251820.4745,0.00,1.00,12,0,0.4167,12
63,1,OVERLOAD,12,23.45,-234.83,144.0412,1.00,1.00,12,1,0.1000,12
64,1,OVERLOAD,12,42.99,-189.75,398.0732,1.00,1.00,12,1,0.1018,12
65,1,LINE_FAULT,12,-407.89,-188.77,17245.7932,0.00,1.00,12,0,0.4167,12
66,1,LINE_FAULT,12,-417.67,-234.38,269200.4496,0.00,1.00,12,0,0.4167,12
67,1,LINE_FAULT,12,-399.79,-233.57,12023.3496,0.00,1.00,12,0,0.4167,12
68,1,LINE_FAULT,12,-405.02,-232.30,13015.5465,0.00,1.00,12,0,0.4167,12
69,1,LINE_FAULT,12,-405.02,-276.65,13079.9838,0.00,1.00,12,0,0.4167,12
70,1,LINE_FAULT,12,-417.67,-321.22,203189.6375,0.00,1.00,12,0,0.4167,12
71,1,OVERLOAD,12,38.45,-276.58,263.9341,1.00,1.00,12,1,0.1064,12
72,1,LINE_FAULT,12,-424.58,-277.27,143216.1847,0.00,1.00,12,0,0.4167,12
73,1,LINE_FAULT,12,-399.79,-319.60,11637.0839,0.00,1.00,12,0,0.4167,12
74,1,OVERLOAD,12,43.94,-319.50,336.9652,1.00,1.00,12,1,0.1031,12
75,1,OVERLOAD,12,22.99,-276.42,69.3320,1.00,1.00,12,0,0.0985,12
76,1,LINE_FAULT,12,-407.89,-275.44,12984.9635,0.00,1.00,12,0,0.4167,12
77,1,OVERLOAD,12,43.94,-231.06,370.6457,1.00,1.00,12,2,0.1008,12
78,1,OVERLOAD,12,37.99,-186.76,256.2870,1.00,1.00,12,1,0.0986,12
79,1,OVERLOAD,12,42.99,-141.96,340.3620,1.00,1.00,12,0,0.0996,12
80,1,LINE_FAULT,12,-407.89,-140.98,15711.0896,0.00,1.00,12,0,0.4167,12
81,1,OVERLOAD,12,43.94,-140.44,341.0595,1.00,1.00,12,2,0.0957,12
82,1,LINE_FAULT,12,-407.89,-138.77,16040.7196,0.00,1.00,12,0,0.4167,12
83,1,LINE_FAULT,12,-405.02,-139.29,12003.4144,0.00,1.00,12,0,0.4167,12
84,1,LINE_FAULT,12,-405.02,-184.19,12626.5250,0.00,1.00,12,0,0.4167,12
85,1,OVERLOAD,12,38.94,-182.59,223.6826,1.00,1.00,12,0,0.0956,12
86,1,OVERLOAD,12,42.99,-137.50,347.4711,1.00,1.00,12,2,0.1038,12
87,1,OVERLOAD,12,42.99,-137.60,340.2828,1.00,1.00,12,0,0.0943,12
88,1,LINE_FAULT,12,-407.89,-182.19,15011.1657,0.00,1.00,12,0,0.4167,12
89,1,LINE_FAULT,12,-417.67,-228.25,94723.5912,0.00,1.00,12,0,0.4167,12
90,1,LINE_FAULT,12,-417.22,-229.18,38477.4223,0.00,1.00,12,0,0.4167,12
91,1,LINE_FAULT,12,-417.22,-275.30,24565.3402,0.00,1.00,12,0,0.4167,12
92,1,OVERLOAD,12,23.45,-232.17,100.1560,1.00,1.00,12,1,0.1021,12
93,1,LINE_FAULT,12,-407.89,-232.45,27192.5773,0.00,1.00,12,0,0.4167,12
94,1,LINE_FAULT,12,-417.67,-233.72,12084.9689,0.00,1.00,12,0,0.4167,12
95,1,OVERLOAD,12,23.45,-235.27,84.0920,1.00,1.00,12,0,0.0999,12
96,1,LINE_FAULT,12,-424.58,-282.03,14675.8988,0.00,1.00,12,0,0.4167,12
97,1,LINE_FAULT,12,-399.79,-326.30,60998.6537,0.00,1.00,12,0,0.4167,12
98,1,LINE_FAULT,12,-417.67,-327.28,13824.4724,0.00,1.00,12,0,0.4167,12
99,1,OVERLOAD,12,8.45,-284.67,108.5062,1.00,1.00,12,1,0.1004,12
100,1,LINE_FAULT,12,-407.89,-283.73,108286.7541,0.00,1.00,12,0,0.4167,12
101,1,LINE_FAULT,12,-405.02,-282.51,24103.6457,0.00,1.00,12,0,0.4167,12
102,1,LINE_FAULT,12,-417.67,-326.63,14375.8318,0.00,1.00,12,0,0.4167,12
103,1,OVERLOAD,12,38.47,-281.99,239.6742,1.00,1.00,12,2,0.1016,12
104,1,OVERLOAD,12,37.99,-236.43,222.3025,1.00,1.00,12,1,0.1018,12
105,1,OVERLOAD,12,37.99,-234.97,220.6104,1.00,1.00,12,0,0.0989,12
106,1,OVERLOAD,12,37.99,-188.72,222.0554,1.00,1.00,12,2,0.1019,12
107,1,OVERLOAD,12,22.99,-146.44,80.9527,1.00,1.00,12,1,0.1012,12
108,1,LINE_FAULT,12,-407.89,-145.46,139079.0502,0.00,1.00,12,0,0.4167,12
109,1,OVERLOAD,12,38.94,-142.41,210.4861,1.00,1.00,12,1,0.0977,12
110,1,OVERLOAD,12,27.99,-98.82,171.5922,1.00,1.00,12,1,0.1012,12
111,1,OVERLOAD,12,37.99,-54.52,198.6325,1.00,1.00,12,1,0.0976,12
112,1,LINE_FAULT,12,-407.89,-53.54,645152.6857,0.00,1.00,12,0,0.4167,12
113,1,LINE_FAULT,12,-417.67,-99.16,13968.2543,0.00,1.00,12,0,0.4167,12
114,1,OVERLOAD,12,23.45,-100.61,67.4814,1.00,1.00,12,1,0.1015,12
115,1,LINE_FAULT,12,-424.58,-146.87,13568.3690,0.00,1.00,12,0,0.4167,12
116,1,LINE_FAULT,12,-399.79,-190.65,3121330.4089,0.00,1.00,12,0,0.4167,12
117,1,OVERLOAD,12,33.94,-189.55,155.8259,1.00,1.00,12,0,0.1008,12
118,1,OVERLOAD,12,22.99,-146.46,48.3708,1.00,1.00,12,1,0.1012,12
119,1,LINE_FAULT,12,-407.89,-191.15,10784485.2790,0.00,1.00,12,0,0.4167,12
120,1,LINE_FAULT,12,-417.67,-235.71,18778.9834,0.00,1.00,12,0,0.4167,12
121,1,OVERLOAD,12,43.47,-235.16,253.6663,1.00,1.00,12,1,0.1014,12
122,1,OVERLOAD,12,42.99,-190.08,247.4615,1.00,1.00,12,1,0.1024,12
123,1,OVERLOAD,12,22.99,-146.01,53.3637,1.00,1.00,12,1,0.0975,12
124,1,LINE_FAULT,12,-407.89,-189.14,24258044.8401,0.00,1.00,12,0,0.4167,12
125,1,LINE_FAULT,12,-405.02,-187.19,2445610.1619,0.00,1.00,12,0,0.4167,12
126,1,OVERLOAD,12,28.95,-144.31,59.6635,1.00,1.00,12,1,0.1049,12
127,1,LINE_FAULT,12,-407.89,-188.50,1907712.1734,0.00,1.00,12,0,0.4167,12
128,1,LINE_FAULT,12,-417.67,-232.56,24032.0062,0.00,1.00,12,0,0.4167,12
129,1,LINE_FAULT,12,-417.22,-233.50,12398.9694,0.00,1.00,12,0,0.4167,12
130,1,OVERLOAD,12,43.45,-187.38,242.4360,1.00,1.00,12,1,0.0981,12
131,1,LINE_FAULT,12,-424.58,-234.19,13827.0235,0.00,1.00,12,0,0.4167,12
132,1,OVERLOAD,12,43.45,-234.14,184.6941,1.00,1.00,12,1,0.1015,12
133,1,LINE_FAULT,12,-424.58,-278.90,12221.6764,0.00,1.00,12,0,0.4167,12
134,1,OVERLOAD,12,23.45,-235.76,83.5658,1.00,1.00,12,1,0.0950,12
135,1,OVERLOAD,12,37.99,-191.46,145.3854,1.00,1.00,12,1,0.0974,12
136,1,OVERLOAD,12,17.99,-192.56,45.0119,1.00,1.00,12,0,0.0990,12
137,1,LINE_FAULT,12,-424.58,-194.23,13751.6684,0.00,1.00,12,0,0.4167,12
138,1,LINE_FAULT,12,-417.22,-194.19,12033.9970,0.00,1.00,12,0,0.4167,12
139,1,LINE_FAULT,12,-399.79,-192.44,1441965.6919,0.00,1.00,12,0,0.4167,12
140,1,LINE_FAULT,12,-405.02,-237.29,163854.9103,0.00,1.00,12,0,0.4167,12
141,1,LINE_FAULT,12,-417.67,-236.60,15684.1787,0.00,1.00,12,0,0.4167,12
142,1,LINE_FAULT,12,-417.22,-282.67,12414.7663,0.00,1.00,12,0,0.4167,12
143,1,OVERLOAD,12,38.45,-236.36,125.5353,1.00,1.00,12,2,0.1021,12
144,1,LINE_FAULT,12,-424.58,-281.17,15825.8193,0.00,1.00,12,0,0.4167,12
145,1,LINE_FAULT,12,-417.22,-326.69,13990.8073,0.00,1.00,12,0,0.4167,12
146,1,LINE_FAULT,12,-417.22,-370.21,12481.0483,0.00,1.00,12,0,0.4167,12
147,1,LINE_FAULT,12,-417.22,-369.47,13313.8877,0.00,1.00,12,0,0.4167,12
148,1,LINE_FAULT,12,-399.79,-367.73,64590.8493,0.00,1.00,12,0,0.4167,12
149,1,LINE_FAULT,12,-405.02,-368.25,23635.3221,0.00,1.00,12,0,0.4167,12
150,1,LINE_FAULT,12,-405.02,-368.25,11546.7093,0.00,1.00,12,0,0.4167,12
151,2,REPLAY_ATTACK,12,14.97,-324.99,117.5745,1.00,0.92,12,0,0.1019,11
152,2,FDIA,12,69.06,-276.36,604.8907,1.00,0.92,11,0,0.1080,11
153,2,REPLAY_ATTACK,12,44.06,-275.80,210.2214,1.00,1.00,12,0,0.1051,12
154,2,REPLAY_ATTACK,12,39.06,-229.43,152.1456,1.00,1.00,12,2,0.1008,12
155,2,REPLAY_ATTACK,12,49.06,-182.81,320.0257,1.00,1.00,12,1,0.1038,12
156,2,FDIA,12,39.06,-137.18,126.6930,1.00,1.00,12,0,0.1059,12
157,2,FDIA,12,39.06,-91.55,125.1254,1.00,1.00,12,1,0.1024,12
158,2,FDIA,12,39.06,-47.66,112.4855,1.00,1.00,12,1,0.1043,12
159,2,REPLAY_ATTACK,12,29.06,-4.26,43.9340,1.00,1.00,12,1,0.1056,12
160,2,FDIA,12,24.06,38.65,33.3810,1.00,1.00,12,0,0.1053,12
161,3,COORDINATED_ATTACK,12,-424.38,-5.28,34968.1580,0.00,1.00,12,0,0.4167,12
162,2,FDIA,12,24.66,-9.72,113.9599,1.00,1.00,12,0,0.1028,12
163,2,REPLAY_ATTACK,12,29.06,-11.22,77.8232,1.00,1.00,12,1,0.1028,12
164,2,FDIA,12,29.06,-12.22,57.8423,1.00,1.00,12,1,0.0995,12
165,2,FDIA,12,39.06,-13.22,95.0222,1.00,1.00,12,0,0.1044,12
166,2,FDIA,12,24.06,-14.72,25.4847,1.00,1.00,12,1,0.1092,12
167,2,FDIA,12,34.06,-15.22,98.7268,1.00,1.00,12,2,0.1037,12
168,2,REPLAY_ATTACK,12,34.06,-15.72,70.6981,1.00,1.00,12,2,0.0986,12
169,2,REPLAY_ATTACK,12,29.06,-15.72,56.9910,1.00,1.00,12,0,0.1018,12
170,2,FDIA,12,44.06,-13.72,135.9634,1.00,1.00,12,1,0.1035,12
171,2,FDIA,12,29.06,31.62,168.4336,1.00,1.00,12,2,0.1052,12
172,3,COORDINATED_ATTACK,12,-424.38,-13.28,25906.0977,0.00,1.00,12,0,0.4167,12
173,2,REPLAY_ATTACK,12,44.66,-11.72,116.7738,1.00,1.00,12,0,0.1003,12
174,2,REPLAY_ATTACK,12,34.06,-11.22,104.0966,1.00,1.00,12,1,0.1080,12
175,2,FDIA,12,39.06,-11.22,84.7023,1.00,1.00,12,0,0.1058,12
176,2,FDIA,12,44.06,-9.22,140.1857,1.00,1.00,12,0,0.0996,12
177,2,REPLAY_ATTACK,12,24.06,-10.22,28.7832,1.00,1.00,12,1,0.1003,12
178,2,FDIA,12,39.06,-9.72,72.7004,1.00,1.00,12,2,0.1019,12
179,2,REPLAY_ATTACK,12,44.06,-8.22,140.1575,1.00,1.00,12,1,0.0964,12
180,2,FDIA,12,44.06,-8.22,121.2210,1.00,1.00,12,0,0.1023,12
181,2,FDIA,12,34.06,-7.72,84.7955,1.00,1.00,12,0,0.1005,12
182,2,FDIA,12,39.06,38.62,66.5250,1.00,1.00,12,2,0.0979,12
183,3,CASCADING_INSTABILITY,12,-423.73,-8.22,801568.9777,0.00,1.00,12,0,0.4167,12
184,2,FDIA,12,9.85,-10.64,211.6041,1.00,1.00,12,3,0.1049,12
185,2,FDIA,12,24.06,-12.14,187.0003,1.00,1.00,12,2,0.1042,12
186,2,REPLAY_ATTACK,12,89.06,-7.64,1168.1455,1.00,0.83,10,0,0.1043,10
187,2,REPLAY_ATTACK,12,52.49,-4.79,359.6155,1.00,0.92,11,1,0.1013,11
188,2,REPLAY_ATTACK,12,49.09,-3.79,261.2959,1.00,0.92,11,0,0.0986,11
189,2,FDIA,12,24.06,-5.79,82.0300,1.00,1.00,12,1,0.1063,12
190,2,REPLAY_ATTACK,12,39.06,-6.29,91.3200,1.00,1.00,12,2,0.1053,12
191,2,REPLAY_ATTACK,12,39.06,-5.79,86.1368,1.00,1.00,12,0,0.0998,12
192,2,REPLAY_ATTACK,12,39.06,-5.79,85.6633,1.00,1.00,12,0,0.0991,12
193,2,FDIA,12,24.06,38.99,78.8275,1.00,1.00,12,2,0.1015,12
194,3,COORDINATED_ATTACK,12,-424.38,-4.44,3185669.1811,0.00,1.00,12,0,0.4167,12
195,2,FDIA,12,14.66,-5.38,429.6093,1.00,1.00,12,1,0.0994,12
196,2,FDIA,12,17.48,-12.54,1559826.4051,1.00,0.92,11,0,0.1682,11
197,2,FDIA,12,17.87,-16.00,74.4575,1.00,1.00,12,1,0.1015,12
198,2,REPLAY_ATTACK,12,34.06,-17.50,84.1585,1.00,1.00,12,1,0.1006,12
199,2,REPLAY_ATTACK,12,39.06,-16.00,85.0263,1.00,1.00,12,1,0.1021,12
200,2,REPLAY_ATTACK,12,34.06,-16.50,113.9473,1.00,1.00,12,2,0.1042,12
201,2,REPLAY_ATTACK,12,44.06,-16.00,164.7728,1.00,1.00,12,0,0.1016,12
202,2,FDIA,12,39.06,-16.00,86.5847,1.00,1.00,12,1,0.1037,12
203,2,FDIA,12,39.06,-14.50,70.2865,1.00,1.00,12,1,0.1019,12
204,2,FDIA,12,39.06,31.84,81.6676,1.00,1.00,12,0,0.1065,12
205,3,COORDINATED_ATTACK,12,-424.38,-12.06,17540.9634,0.00,1.00,12,0,0.4167,12
206,2,REPLAY_ATTACK,12,39.66,-9.84,92.5457,1.00,1.00,12,0,0.0999,12
207,2,FDIA,12,39.06,-7.72,92.4879,1.00,1.00,12,1,0.1043,12
208,2,FDIA,12,44.06,-6.72,113.7231,1.00,1.00,12,2,0.1022,12
209,2,FDIA,12,44.06,-6.22,105.2972,1.00,1.00,12,1,0.1016,12
210,2,FDIA,12,44.06,-5.22,104.5173,1.00,1.00,12,0,0.0991,12
211,2,REPLAY_ATTACK,12,24.06,-7.22,230.6861,1.00,1.00,12,2,0.1038,12
212,2,REPLAY_ATTACK,12,29.06,-8.22,175.7568,1.00,1.00,12,1,0.1031,12
213,2,FDIA,12,29.06,-9.22,311.9362,1.00,1.00,12,1,0.1017,12
214,2,REPLAY_ATTACK,12,39.06,-9.22,75.8909,1.00,1.00,12,1,0.0998,12
215,2,REPLAY_ATTACK,12,44.06,37.62,102.3982,1.00,1.00,12,1,0.1039,12
216,3,COORDINATED_ATTACK,12,-424.38,-8.78,13251.8174,0.00,1.00,12,0,0.4167,12
217,2,REPLAY_ATTACK,12,44.66,-8.22,102.7312,1.00,1.00,12,1,0.0998,12
218,2,REPLAY_ATTACK,12,29.06,-9.72,54.9555,1.00,1.00,12,2,0.1004,12
219,2,FDIA,12,24.06,-11.72,56.0783,1.00,1.00,12,0,0.1015,12
220,2,REPLAY_ATTACK,12,39.06,-12.22,91.0572,1.00,1.00,12,1,0.1021,12
221,2,FDIA,12,39.06,-10.72,78.3843,1.00,1.00,12,1,0.1012,12
222,2,FDIA,12,39.06,-9.72,68.9053,1.00,1.00,12,0,0.1020,12
223,2,REPLAY_ATTACK,12,44.06,-8.22,103.3764,1.00,1.00,12,1,0.1004,12
224,2,REPLAY_ATTACK,12,39.06,-8.22,78.0998,1.00,1.00,12,0,0.1052,12
225,2,REPLAY_ATTACK,12,39.06,-8.72,90.5530,1.00,1.00,12,1,0.1036,12
226,2,FDIA,12,44.06,38.12,110.5585,1.00,1.00,12,2,0.1037,12
227,3,CASCADING_INSTABILITY,12,-423.73,-8.72,44403.3695,0.00,1.00,12,0,0.4167,12
228,2,FDIA,12,29.85,-8.64,88.3161,1.00,1.00,12,0,0.1040,12
229,2,REPLAY_ATTACK,12,39.06,-7.14,73.2152,1.00,1.00,12,2,0.1033,12
230,2,FDIA,12,39.06,-7.14,106.9898,1.00,1.00,12,0,0.1021,12
231,2,FDIA,12,44.06,-6.64,105.3668,1.00,1.00,12,0,0.1020,12
232,2,REPLAY_ATTACK,12,44.06,-6.14,115.0592,1.00,1.00,12,1,0.0991,12
233,2,FDIA,12,19.06,-8.64,76.5363,1.00,1.00,12,0,0.1063,12
234,2,REPLAY_ATTACK,12,49.06,-7.64,167.0694,1.00,1.00,12,1,0.1002,12
235,2,REPLAY_ATTACK,12,24.06,-9.14,188.5462,1.00,1.00,12,3,0.1033,12
236,2,FDIA,12,24.06,-11.14,45.5521,1.00,1.00,12,2,0.1042,12
237,2,FDIA,12,49.06,36.14,175.9717,1.00,1.00,12,0,0.1034,12
238,3,COORDINATED_ATTACK,12,-424.38,-9.28,14577.9326,0.00,1.00,12,0,0.4167,12
239,2,REPLAY_ATTACK,12,44.66,-8.72,126.6590,1.00,1.00,12,3,0.1043,12
240,2,FDIA,12,24.06,-10.22,134.9483,1.00,1.00,12,2,0.1045,12
241,2,FDIA,12,24.06,-12.22,183.2057,1.00,1.00,12,1,0.1030,12
242,2,FDIA,12,39.06,-12.72,74.3188,1.00,1.00,12,2,0.1046,12
243,2,FDIA,12,19.06,-12.72,125.1671,1.00,1.00,12,0,0.1001,12
244,2,FDIA,12,39.06,-13.72,84.2180,1.00,1.00,12,0,0.0998,12
245,2,FDIA,12,39.06,-12.22,72.8385,1.00,1.00,12,2,0.0987,12
246,2,FDIA,12,39.06,-10.72,83.0481,1.00,1.00,12,0,0.1026,12
247,2,REPLAY_ATTACK,12,39.06,-11.72,113.9840,1.00,1.00,12,2,0.1012,12
248,2,REPLAY_ATTACK,12,39.06,34.62,71.0815,1.00,1.00,12,1,0.1022,12
249,3,CASCADING_INSTABILITY,12,-423.73,-12.22,200841.6235,0.00,1.00,12,0,0.4167,12
250,2,REPLAY_ATTACK,12,39.85,-10.64,80.4061,1.00,1.00,12,2,0.1019,12
251,2,FDIA,12,24.06,-10.64,175.5952,1.00,1.00,12,0,0.1001,12
252,2,FDIA,12,24.06,-12.14,140.3592,1.00,1.00,12,1,0.0978,12
253,2,FDIA,12,19.06,-12.14,66.2307,1.00,1.00,12,1,0.1017,12
254,2,FDIA,12,29.06,-13.14,81.2005,1.00,1.00,12,1,0.1009,12
255,2,FDIA,12,9.06,-16.14,241.7587,1.00,1.00,12,0,0.1028,12
256,2,REPLAY_ATTACK,12,39.06,-16.14,101.1647,1.00,1.00,12,2,0.0983,12
257,2,FDIA,12,39.06,-16.14,73.4133,1.00,1.00,12,1,0.0974,12
258,2,FDIA,12,39.06,-16.14,83.1157,1.00,1.00,12,0,0.0991,12
259,2,REPLAY_ATTACK,12,39.06,30.14,64.1444,1.00,1.00,12,1,0.0988,12
260,3,CASCADING_INSTABILITY,12,-423.73,-16.22,11281122.4487,0.00,1.00,12,0,0.4167,12
261,2,REPLAY_ATTACK,12,49.85,-13.64,151.7087,1.00,1.00,12,1,0.1012,12
262,2,FDIA,12,29.06,-13.14,69.2357,1.00,1.00,12,0,0.1011,12
263,2,FDIA,12,24.06,-12.64,46.7324,1.00,1.00,12,1,0.1030,12
264,2,FDIA,12,29.06,-12.64,193.8586,1.00,1.00,12,1,0.0985,12
265,2,FDIA,12,29.06,-10.64,79.5507,1.00,1.00,12,0,0.1002,12
266,2,REPLAY_ATTACK,12,19.06,-12.64,60.9345,1.00,1.00,12,0,0.0992,12
267,2,FDIA,12,44.06,-12.14,99.1694,1.00,1.00,12,1,0.0990,12
268,2,REPLAY_ATTACK,12,34.06,-12.64,235.7088,1.00,1.00,12,1,0.1015,12
269,2,REPLAY_ATTACK,12,44.06,-12.14,120.1543,1.00,1.00,12,0,0.1000,12
270,2,REPLAY_ATTACK,12,44.06,34.64,111.8482,1.00,1.00,12,2,0.1025,12
271,3,COORDINATED_ATTACK,12,-424.38,-12.78,5347697.2140,0.00,1.00,12,0,0.4167,12
272,2,FDIA,12,39.66,-11.72,79.2200,1.00,1.00,12,1,0.1026,12
273,2,FDIA,12,39.06,-10.22,68.5064,1.00,1.00,12,1,0.1012,12
274,2,REPLAY_ATTACK,12,39.06,-9.22,109.1428,1.00,1.00,12,2,0.1009,12
275,2,FDIA,12,24.06,-9.72,166.3609,1.00,1.00,12,0,0.1019,12
276,2,FDIA,12,24.06,-9.22,44.2823,1.00,1.00,12,1,0.1017,12
277,2,FDIA,12,14.06,-12.22,78.8458,1.00,1.00,12,0,0.0988,12
278,2,REPLAY_ATTACK,12,24.06,-13.22,243.9741,1.00,1.00,12,2,0.1030,12
279,2,FDIA,12,24.06,-15.22,32.4700,1.00,1.00,12,0,0.1010,12
280,2,FDIA,12,39.06,-15.72,89.5309,1.00,1.00,12,0,0.1030,12
281,2,REPLAY_ATTACK,12,39.06,30.62,72.8994,1.00,1.00,12,2,0.1015,12
282,3,COORDINATED_ATTACK,12,-424.38,-15.78,2594082.2700,0.00,1.00,12,0,0.4167,12
283,2,FDIA,12,39.66,-15.72,74.1894,1.00,1.00,12,2,0.1017,12
284,2,FDIA,12,44.06,-15.22,115.9110,1.00,1.00,12,0,0.0992,12
285,2,FDIA,12,44.06,-13.22,120.9980,1.00,1.00,12,0,0.1015,12
286,2,REPLAY_ATTACK,12,24.06,-13.22,58.9341,1.00,1.00,12,2,0.1002,12
287,2,FDIA,12,29.06,-11.72,63.2156,1.00,1.00,12,1,0.1006,12
288,2,FDIA,12,39.06,-10.22,91.0553,1.00,1.00,12,1,0.1032,12
289,2,REPLAY_ATTACK,12,34.06,-9.22,65.0111,1.00,1.00,12,1,0.0994,12
290,2,FDIA,12,24.06,-10.72,215.7448,1.00,1.00,12,1,0.1033,12
291,2,REPLAY_ATTACK,12,39.06,-10.72,80.8168,1.00,1.00,12,0,0.1008,12
292,2,REPLAY_ATTACK,12,29.06,34.62,40.7001,1.00,1.00,12,0,0.1007,12
293,3,COORDINATED_ATTACK,12,-424.38,-11.78,587406.4448,0.00,1.00,12,0,0.4167,12
294,2,FDIA,12,39.66,-12.22,66.7845,1.00,1.00,12,0,0.1000,12
295,2,FDIA,12,29.06,-13.72,103.2175,1.00,1.00,12,2,0.1007,12
296,2,FDIA,12,39.06,-12.22,78.9348,1.00,1.00,12,2,0.1010,12
297,2,REPLAY_ATTACK,12,44.06,-10.72,118.6528,1.00,1.00,12,0,0.0980,12
298,2,REPLAY_ATTACK,12,44.06,-10.22,130.6713,1.00,1.00,12,0,0.1014,12
299,2,FDIA,12,29.06,-10.72,187.3040,1.00,1.00,12,1,0.1013,12
300,2,FDIA,12,39.06,-9.22,78.3927,1.00,1.00,12,1,0.1001,12
301,2,REPLAY_ATTACK,12,49.06,-8.22,170.3413,1.00,1.00,12,2,0.1031,12
302,2,FDIA,12,49.06,-6.22,172.6651,1.00,1.00,12,1,0.1023,12
303,2,REPLAY_ATTACK,12,39.06,40.12,69.8790,1.00,1.00,12,1,0.1041,12
304,3,COORDINATED_ATTACK,12,-424.38,-6.28,120857.6640,0.00,1.00,12,0,0.4167,12
305,2,FDIA,12,39.66,-5.22,114.5550,1.00,1.00,12,1,0.1019,12
306,2,FDIA,12,49.06,-4.22,164.7470,1.00,1.00,12,1,0.1006,12
307,2,FDIA,12,54.06,-3.22,467.8236,1.00,0.92,11,0,0.1038,11
308,2,REPLAY_ATTACK,12,8.81,-6.75,191.0963,1.00,0.92,12,0,0.0961,11
309,2,REPLAY_ATTACK,12,24.06,-7.25,37.3447,1.00,1.00,12,0,0.1029,12
310,2,REPLAY_ATTACK,12,39.06,-7.25,90.4110,1.00,1.00,12,1,0.1023,12
311,2,FDIA,12,39.06,-8.25,66.0936,1.00,1.00,12,0,0.0989,12
312,2,REPLAY_ATTACK,12,39.06,-9.25,76.4849,1.00,1.00,12,1,0.1015,12
313,2,FDIA,12,44.06,-8.75,110.3525,1.00,1.00,12,0,0.1002,12
314,2,REPLAY_ATTACK,12,24.06,36.10,184.1933,1.00,1.00,12,1,0.0991,12
315,3,COORDINATED_ATTACK,12,-424.38,-10.31,35179.6226,0.00,1.00,12,0,0.4167,12
316,2,REPLAY_ATTACK,12,44.66,-10.75,115.9052,1.00,1.00,12,1,0.0985,12
317,2,REPLAY_ATTACK,12,49.06,-11.25,170.2658,1.00,1.00,12,0,0.0977,12
318,2,FDIA,12,39.06,-8.22,87.3945,1.00,1.00,12,2,0.1001,12
319,2,FDIA,12,24.06,-8.22,199.8192,1.00,1.00,12,1,0.0984,12
320,2,FDIA,12,39.06,-8.22,81.8747,1.00,1.00,12,1,0.1000,12
321,3,COORDINATED_ATTACK,12,-424.38,-54.57,13164.0403,0.00,1.00,12,0,0.4167,12
322,3,CASCADING_INSTABILITY,12,-416.52,-100.13,83697.5306,0.00,1.00,12,0,0.4167,12
323,3,CASCADING_INSTABILITY,12,-416.27,-146.16,44126.9147,0.00,1.00,12,0,0.4167,12
324,3,CASCADING_INSTABILITY,12,-416.27,-190.19,16839.1045,0.00,1.00,12,0,0.4167,12
325,3,CASCADING_INSTABILITY,12,-416.27,-189.38,12557.4011,0.00,1.00,12,0,0.4167,12
326,3,CASCADING_INSTABILITY,12,-416.27,-235.47,11148.4015,0.00,1.00,12,0,0.4167,12
327,3,CASCADING_INSTABILITY,12,-416.27,-282.01,12496.1260,0.00,1.00,12,0,0.4167,12
328,3,COORDINATED_ATTACK,12,-417.51,-327.66,18202.2939,0.00,1.00,12,0,0.4167,12
329,3,COORDINATED_ATTACK,12,-417.22,-371.79,11235.3873,0.00,1.00,12,0,0.4167,12
330,3,COORDINATED_ATTACK,12,-417.22,-417.42,13740.3881,0.00,1.00,12,0,0.4167,12
331,3,COORDINATED_ATTACK,12,-417.22,-416.71,13910.2588,0.00,1.00,12,0,0.4167,12
332,3,CASCADING_INSTABILITY,12,-416.52,-416.71,101685.8612,0.00,1.00,12,0,0.4167,12
333,3,COORDINATED_ATTACK,12,-417.51,-416.83,27421.6499,0.00,1.00,12,0,0.4167,12
334,3,COORDINATED_ATTACK,12,-417.22,-416.93,33891.3548,0.00,1.00,12,0,0.4167,12
335,3,COORDINATED_ATTACK,12,-417.22,-417.02,16629.3745,0.00,1.00,12,0,0.4167,12
336,3,COORDINATED_ATTACK,12,-417.22,-417.12,12306.1315,0.00,1.00,12,0,0.4167,12
337,3,CASCADING_INSTABILITY,12,-416.52,-417.14,56328.4513,0.00,1.00,12,0,0.4167,12
338,3,COORDINATED_ATTACK,12,-417.51,-417.14,12649.0009,0.00,1.00,12,0,0.4167,12
339,3,CASCADING_INSTABILITY,12,-416.52,-417.07,138540.7097,0.00,1.00,12,0,0.4167,12
340,3,CASCADING_INSTABILITY,12,-416.27,-416.98,76005.1307,0.00,1.00,12,0,0.4167,12
341,3,COORDINATED_ATTACK,12,-417.51,-417.00,12076.8809,0.00,1.00,12,0,0.4167,12
342,3,CASCADING_INSTABILITY,12,-416.52,-417.00,166984.8505,0.00,1.00,12,0,0.4167,12
343,3,COORDINATED_ATTACK,12,-417.51,-417.00,25850.5911,0.00,1.00,12,0,0.4167,12
344,3,CASCADING_INSTABILITY,12,-416.52,-416.93,443143.3153,0.00,1.00,12,0,0.4167,12
345,3,COORDINATED_ATTACK,12,-417.51,-416.96,49586.1960,0.00,1.00,12,0,0.4167,12
346,3,COORDINATED_ATTACK,12,-417.22,-416.96,41116.0466,0.00,1.00,12,0,0.4167,12
347,3,COORDINATED_ATTACK,12,-417.22,-417.03,16028.6926,0.00,1.00,12,0,0.4167,12
348,3,COORDINATED_ATTACK,12,-417.22,-417.00,13137.5625,0.00,1.00,12,0,0.4167,12
349,3,CASCADING_INSTABILITY,12,-416.52,-417.00,60387.5517,0.00,1.00,12,0,0.4167,12
350,3,CASCADING_INSTABILITY,12,-416.27,-417.00,47494.1036,0.00,1.00,12,0,0.4167,12
351,3,CASCADING_INSTABILITY,12,-416.27,-416.88,13257.8793,0.00,1.00,12,0,0.4167,12
352,3,COORDINATED_ATTACK,12,-417.51,-416.98,32073.0165,0.00,1.00,12,0,0.4167,12
353,3,CASCADING_INSTABILITY,12,-416.52,-416.88,22997.6334,0.00,1.00,12,0,0.4167,12
354,3,COORDINATED_ATTACK,12,-417.51,-416.98,13471.7789,0.00,1.00,12,0,0.4167,12
355,3,CASCADING_INSTABILITY,12,-416.52,-416.88,93901.4267,0.00,1.00,12,0,0.4167,12
356,3,CASCADING_INSTABILITY,12,-416.27,-416.79,56602.4323,0.00,1.00,12,0,0.4167,12
357,3,COORDINATED_ATTACK,12,-417.51,-416.81,13715.7103,0.00,1.00,12,0,0.4167,12
358,3,COORDINATED_ATTACK,12,-417.22,-416.81,18805.8050,0.00,1.00,12,0,0.4167,12
359,3,CASCADING_INSTABILITY,12,-416.52,-416.81,207568.3581,0.00,1.00,12,0,0.4167,12
360,3,CASCADING_INSTABILITY,12,-416.27,-416.81,191835.7289,0.00,1.00,12,0,0.4167,12
361,3,COORDINATED_ATTACK,12,-417.51,-416.94,35352.0993,0.00,1.00,12,0,0.4167,12
362,3,CASCADING_INSTABILITY,12,-416.52,-416.84,473475.1842,0.00,1.00,12,0,0.4167,12
363,3,CASCADING_INSTABILITY,12,-416.27,-416.81,256204.6569,0.00,1.00,12,0,0.4167,12
364,3,CASCADING_INSTABILITY,12,-416.27,-416.69,72473.1017,0.00,1.00,12,0,0.4167,12
365,3,COORDINATED_ATTACK,12,-417.51,-416.79,27672.2742,0.00,1.00,12,0,0.4167,12
366,3,CASCADING_INSTABILITY,12,-416.52,-416.81,39695.9460,0.00,1.00,12,0,0.4167,12
367,3,CASCADING_INSTABILITY,12,-416.27,-416.69,16199.1883,0.00,1.00,12,0,0.4167,12
368,3,CASCADING_INSTABILITY,12,-416.27,-416.59,13142.5509,0.00,1.00,12,0,0.4167,12
369,3,CASCADING_INSTABILITY,12,-416.27,-416.57,14673.8220,0.00,1.00,12,0,0.4167,12
370,3,COORDINATED_ATTACK,12,-417.51,-416.69,19443.2408,0.00,1.00,12,0,0.4167,12
371,3,COORDINATED_ATTACK,12,-417.22,-416.66,10278.5058,0.00,1.00,12,0,0.4167,12
372,3,COORDINATED_ATTACK,12,-417.22,-416.73,13039.8050,0.00,1.00,12,0,0.4167,12
373,3,CASCADING_INSTABILITY,12,-416.52,-416.76,139959.1348,0.00,1.00,12,0,0.4167,12
374,3,CASCADING_INSTABILITY,12,-416.27,-416.76,99055.7877,0.00,1.00,12,0,0.4167,12
375,3,COORDINATED_ATTACK,12,-417.51,-416.76,15359.1567,0.00,1.00,12,0,0.4167,12
376,3,COORDINATED_ATTACK,12,-417.22,-416.83,20438.1698,0.00,1.00,12,0,0.4167,12
377,3,CASCADING_INSTABILITY,12,-416.52,-416.86,291104.2099,0.00,1.00,12,0,0.4167,12
378,3,CASCADING_INSTABILITY,12,-416.27,-416.86,224740.8943,0.00,1.00,12,0,0.4167,12
379,3,CASCADING_INSTABILITY,12,-416.27,-416.86,57970.0435,0.00,1.00,12,0,0.4167,12
380,3,CASCADING_INSTABILITY,12,-416.27,-416.73,23757.2398,0.00,1.00,12,0,0.4167,12
381,3,CASCADING_INSTABILITY,12,-416.27,-416.64,22987.6985,0.00,1.00,12,0,0.4167,12
382,3,COORDINATED_ATTACK,12,-417.51,-416.66,27631.9902,0.00,1.00,12,0,0.4167,12
383,3,CASCADING_INSTABILITY,12,-416.52,-416.66,18252.9781,0.00,1.00,12,0,0.4167,12
384,3,COORDINATED_ATTACK,12,-417.51,-416.79,18017.7192,0.00,1.00,12,0,0.4167,12
385,3,CASCADING_INSTABILITY,12,-416.52,-416.69,50611.2850,0.00,1.00,12,0,0.4167,12
386,3,CASCADING_INSTABILITY,12,-416.27,-416.59,25428.0929,0.00,1.00,12,0,0.4167,12
387,3,CASCADING_INSTABILITY,12,-416.27,-416.57,13251.2499,0.00,1.00,12,0,0.4167,12
388,3,CASCADING_INSTABILITY,12,-416.27,-416.57,14450.4334,0.00,1.00,12,0,0.4167,12
389,3,CASCADING_INSTABILITY,12,-416.27,-416.57,15683.8723,0.00,1.00,12,0,0.4167,12
390,3,CASCADING_INSTABILITY,12,-416.27,-416.57,18337.3680,0.00,1.00,12,0,0.4167,12
391,3,COORDINATED_ATTACK,12,-417.51,-416.69,14332.9146,0.00,1.00,12,0,0.4167,12
392,3,COORDINATED_ATTACK,12,-417.22,-416.66,11820.9073,0.00,1.00,12,0,0.4167,12
393,3,CASCADING_INSTABILITY,12,-416.52,-416.66,183037.3743,0.00,1.00,12,0,0.4167,12
394,3,COORDINATED_ATTACK,12,-417.51,-416.66,31429.8932,0.00,1.00,12,0,0.4167,12
395,3,CASCADING_INSTABILITY,12,-416.52,-416.66,482699.3175,0.00,1.00,12,0,0.4167,12
396,3,COORDINATED_ATTACK,12,-417.51,-416.79,101813.8071,0.00,1.00,12,0,0.4167,12
397,3,COORDINATED_ATTACK,12,-417.22,-416.88,104964.8006,0.00,1.00,12,0,0.4167,12
398,3,COORDINATED_ATTACK,12,-417.22,-416.98,24581.9247,0.00,1.00,12,0,0.4167,12
399,3,COORDINATED_ATTACK,12,-417.22,-417.07,17837.7266,0.00,1.00,12,0,0.4167,12
400,3,COORDINATED_ATTACK,12,-417.22,-417.17,14115.1512,0.00,1.00,12,0,0.4167,12
401,3,CASCADING_INSTABILITY,12,-416.52,-417.07,85522.4119,0.00,1.00,12,0,0.4167,12
402,3,COORDINATED_ATTACK,12,-417.51,-417.10,13915.0932,0.00,1.00,12,0,0.4167,12
403,3,CASCADING_INSTABILITY,12,-416.52,-417.10,218223.4903,0.00,1.00,12,0,0.4167,12
404,3,CASCADING_INSTABILITY,12,-416.27,-416.98,104413.1007,0.00,1.00,12,0,0.4167,12
405,3,CASCADING_INSTABILITY,12,-416.27,-416.95,20602.8044,0.00,1.00,12,0,0.4167,12
406,3,CASCADING_INSTABILITY,12,-416.27,-416.83,17372.5224,0.00,1.00,12,0,0.4167,12
407,3,CASCADING_INSTABILITY,12,-416.27,-416.73,15798.3643,0.00,1.00,12,0,0.4167,12
408,3,COORDINATED_ATTACK,12,-417.51,-416.76,16264.4539,0.00,1.00,12,0,0.4167,12
409,3,COORDINATED_ATTACK,12,-417.22,-416.76,10942.3913,0.00,1.00,12,0,0.4167,12
410,3,CASCADING_INSTABILITY,12,-416.52,-416.69,163300.6251,0.00,1.00,12,0,0.4167,12
411,3,COORDINATED_ATTACK,12,-417.51,-416.79,28084.7810,0.00,1.00,12,0,0.4167,12
412,3,CASCADING_INSTABILITY,12,-416.52,-416.69,479860.5894,0.00,1.00,12,0,0.4167,12
413,3,CASCADING_INSTABILITY,12,-416.27,-416.66,182927.2371,0.00,1.00,12,0,0.4167,12
414,3,COORDINATED_ATTACK,12,-417.51,-416.79,24273.6756,0.00,1.00,12,0,0.4167,12
415,3,CASCADING_INSTABILITY,12,-416.52,-416.81,48463.4365,0.00,1.00,12,0,0.4167,12
416,3,CASCADING_INSTABILITY,12,-416.27,-416.81,17838.8746,0.00,1.00,12,0,0.4167,12
417,3,COORDINATED_ATTACK,12,-417.51,-416.94,22630.9995,0.00,1.00,12,0,0.4167,12
418,3,CASCADING_INSTABILITY,12,-416.52,-416.84,32927.6803,0.00,1.00,12,0,0.4167,12
419,3,COORDINATED_ATTACK,12,-417.51,-416.87,14875.3959,0.00,1.00,12,0,0.4167,12
420,3,COORDINATED_ATTACK,12,-417.22,-416.94,11260.9356,0.00,1.00,12,0,0.4167,12
421,3,COORDINATED_ATTACK,12,-417.22,-416.91,14944.0285,0.00,1.00,12,0,0.4167,12
422,3,CASCADING_INSTABILITY,12,-416.52,-416.91,201119.5137,0.00,1.00,12,0,0.4167,12
423,3,CASCADING_INSTABILITY,12,-416.27,-416.91,114192.0095,0.00,1.00,12,0,0.4167,12
424,3,COORDINATED_ATTACK,12,-417.51,-416.91,24052.7690,0.00,1.00,12,0,0.4167,12
425,3,CASCADING_INSTABILITY,12,-416.52,-416.91,41737.7862,0.00,1.00,12,0,0.4167,12
426,3,CASCADING_INSTABILITY,12,-416.27,-416.91,14684.9126,0.00,1.00,12,0,0.4167,12
427,3,CASCADING_INSTABILITY,12,-416.27,-416.79,13826.1175,0.00,1.00,12,0,0.4167,12
428,3,CASCADING_INSTABILITY,12,-416.27,-416.76,14830.4964,0.00,1.00,12,0,0.4167,12
429,3,COORDINATED_ATTACK,12,-417.51,-416.76,18171.1504,0.00,1.00,12,0,0.4167,12
430,3,COORDINATED_ATTACK,12,-417.22,-416.76,11407.1682,0.00,1.00,12,0,0.4167,12
431,3,CASCADING_INSTABILITY,12,-416.52,-416.69,112795.3732,0.00,1.00,12,0,0.4167,12
432,3,COORDINATED_ATTACK,12,-417.51,-416.79,18044.9490,0.00,1.00,12,0,0.4167,12
433,3,CASCADING_INSTABILITY,12,-416.52,-416.81,294190.7216,0.00,1.00,12,0,0.4167,12
434,3,CASCADING_INSTABILITY,12,-416.27,-416.69,94443.1852,0.00,1.00,12,0,0.4167,12
435,3,CASCADING_INSTABILITY,12,-416.27,-416.66,20321.8109,0.00,1.00,12,0,0.4167,12
436,3,COORDINATED_ATTACK,12,-417.51,-416.79,32038.1668,0.00,1.00,12,0,0.4167,12
437,3,COORDINATED_ATTACK,12,-417.22,-416.88,14521.9485,0.00,1.00,12,0,0.4167,12
438,3,COORDINATED_ATTACK,12,-417.22,-416.98,12164.2362,0.00,1.00,12,0,0.4167,12
439,3,CASCADING_INSTABILITY,12,-416.52,-416.88,151844.9756,0.00,1.00,12,0,0.4167,12
440,3,CASCADING_INSTABILITY,12,-416.27,-416.79,44017.1878,0.00,1.00,12,0,0.4167,12
441,3,COORDINATED_ATTACK,12,-417.51,-416.88,38795.0359,0.00,1.00,12,0,0.4167,12
442,3,CASCADING_INSTABILITY,12,-416.52,-416.79,15451.5716,0.00,1.00,12,0,0.4167,12
443,3,COORDINATED_ATTACK,12,-417.51,-416.88,30315.1584,0.00,1.00,12,0,0.4167,12
444,3,COORDINATED_ATTACK,12,-417.22,-416.98,13885.6962,0.00,1.00,12,0,0.4167,12
445,3,CASCADING_INSTABILITY,12,-416.52,-417.00,79670.1948,0.00,1.00,12,0,0.4167,12
446,3,CASCADING_INSTABILITY,12,-416.27,-416.88,22102.8816,0.00,1.00,12,0,0.4167,12
447,3,COORDINATED_ATTACK,12,-417.51,-416.91,26462.5223,0.00,1.00,12,0,0.4167,12
448,3,CASCADING_INSTABILITY,12,-416.52,-416.84,26493.2153,0.00,1.00,12,0,0.4167,12
449,3,COORDINATED_ATTACK,12,-417.51,-416.94,16693.4224,0.00,1.00,12,0,0.4167,12
450,3,COORDINATED_ATTACK,12,-417.22,-417.03,12342.2975,0.00,1.00,12,0,0.4167,12
451,3,COORDINATED_ATTACK,12,-417.22,-417.00,14129.0093,0.00,1.00,12,0,0.4167,12
452,3,COORDINATED_ATTACK,12,-417.22,-417.07,14805.6963,0.00,1.00,12,0,0.4167,12
453,3,CASCADING_INSTABILITY,12,-416.52,-416.98,123396.1643,0.00,1.00,12,0,0.4167,12
454,3,CASCADING_INSTABILITY,12,-416.27,-416.88,42679.8795,0.00,1.00,12,0,0.4167,12
455,3,COORDINATED_ATTACK,12,-417.51,-416.98,30938.7653,0.00,1.00,12,0,0.4167,12
456,3,COORDINATED_ATTACK,12,-417.22,-417.07,13755.8310,0.00,1.00,12,0,0.4167,12
457,3,CASCADING_INSTABILITY,12,-416.52,-416.98,91884.0716,0.00,1.00,12,0,0.4167,12
458,3,CASCADING_INSTABILITY,12,-416.27,-416.95,22211.1748,0.00,1.00,12,0,0.4167,12
459,3,CASCADING_INSTABILITY,12,-416.27,-416.83,13891.1177,0.00,1.00,12,0,0.4167,12
460,3,CASCADING_INSTABILITY,12,-416.27,-416.73,16256.8051,0.00,1.00,12,0,0.4167,12
461,3,CASCADING_INSTABILITY,12,-416.27,-416.64,13357.8543,0.00,1.00,12,0,0.4167,12
462,3,COORDINATED_ATTACK,12,-417.51,-416.66,17591.3087,0.00,1.00,12,0,0.4167,12
463,3,COORDINATED_ATTACK,12,-417.22,-416.73,11344.2630,0.00,1.00,12,0,0.4167,12
464,3,COORDINATED_ATTACK,12,-417.22,-416.83,14938.7768,0.00,1.00,12,0,0.4167,12
465,3,CASCADING_INSTABILITY,12,-416.52,-416.73,157695.6199,0.00,1.00,12,0,0.4167,12
466,3,COORDINATED_ATTACK,12,-417.51,-416.76,21578.0661,0.00,1.00,12,0,0.4167,12
467,3,CASCADING_INSTABILITY,12,-416.52,-416.76,417168.8806,0.00,1.00,12,0,0.4167,12
468,3,CASCADING_INSTABILITY,12,-416.27,-416.76,88308.4095,0.00,1.00,12,0,0.4167,12
469,3,COORDINATED_ATTACK,12,-417.51,-416.88,64915.3106,0.00,1.00,12,0,0.4167,12
470,3,COORDINATED_ATTACK,12,-417.22,-416.98,28122.2172,0.00,1.00,12,0,0.4167,12
471,3,CASCADING_INSTABILITY,12,-416.52,-417.00,40190.4918,0.00,1.00,12,0,0.4167,12
472,3,COORDINATED_ATTACK,12,-417.51,-417.00,19608.1520,0.00,1.00,12,0,0.4167,12
473,3,COORDINATED_ATTACK,12,-417.22,-417.00,11890.2061,0.00,1.00,12,0,0.4167,12
474,3,COORDINATED_ATTACK,12,-417.22,-417.00,14131.4501,0.00,1.00,12,0,0.4167,12
475,3,COORDINATED_ATTACK,12,-417.22,-417.07,14689.1014,0.00,1.00,12,0,0.4167,12
476,3,COORDINATED_ATTACK,12,-417.22,-417.05,13280.7769,0.00,1.00,12,0,0.4167,12
477,3,COORDINATED_ATTACK,12,-417.22,-417.12,12573.5459,0.00,1.00,12,0,0.4167,12
478,3,COORDINATED_ATTACK,12,-417.22,-417.21,13938.6480,0.00,1.00,12,0,0.4167,12
479,3,CASCADING_INSTABILITY,12,-416.52,-417.11,121433.3005,0.00,1.00,12,0,0.4167,12
480,3,COORDINATED_ATTACK,12,-417.51,-417.14,14101.1773,0.00,1.00,12,0,0.4167,12
481,3,COORDINATED_ATTACK,12,-417.22,-417.21,20144.0752,0.00,1.00,12,0,0.4167,12
482,3,COORDINATED_ATTACK,12,-417.22,-417.18,21864.2433,0.00,1.00,12,0,0.4167,12
483,3,COORDINATED_ATTACK,12,-417.22,-417.18,13517.3401,0.00,1.00,12,0,0.4167,12
484,3,CASCADING_INSTABILITY,12,-416.52,-417.11,91288.9940,0.00,1.00,12,0,0.4167,12
485,3,COORDINATED_ATTACK,12,-417.51,-417.14,12575.5777,0.00,1.00,12,0,0.4167,12
486,3,COORDINATED_ATTACK,12,-417.22,-417.14,18808.2327,0.00,1.00,12,0,0.4167,12
487,3,COORDINATED_ATTACK,12,-417.22,-417.14,17149.6561,0.00,1.00,12,0,0.4167,12
488,3,CASCADING_INSTABILITY,12,-416.52,-417.07,184038.5365,0.00,1.00,12,0,0.4167,12
489,3,CASCADING_INSTABILITY,12,-416.27,-417.05,48141.5754,0.00,1.00,12,0,0.4167,12
490,3,CASCADING_INSTABILITY,12,-416.27,-416.92,18994.9311,0.00,1.00,12,0,0.4167,12
491,3,CASCADING_INSTABILITY,12,-416.27,-416.83,15094.9708,0.00,1.00,12,0,0.4167,12
492,3,COORDINATED_ATTACK,12,-417.51,-416.86,18748.7116,0.00,1.00,12,0,0.4167,12
493,3,CASCADING_INSTABILITY,12,-416.52,-416.79,46519.8245,0.00,1.00,12,0,0.4167,12
494,3,COORDINATED_ATTACK,12,-417.51,-416.88,15340.1817,0.00,1.00,12,0,0.4167,12
495,3,CASCADING_INSTABILITY,12,-416.52,-416.79,78230.4135,0.00,1.00,12,0,0.4167,12
496,3,CASCADING_INSTABILITY,12,-416.27,-416.69,20879.0168,0.00,1.00,12,0,0.4167,12
497,3,CASCADING_INSTABILITY,12,-416.27,-416.59,14572.9561,0.00,1.00,12,0,0.4167,12
498,3,CASCADING_INSTABILITY,12,-416.27,-416.57,15417.1762,0.00,1.00,12,0,0.4167,12
499,3,CASCADING_INSTABILITY,12,-416.27,-416.57,12264.9526,0.00,1.00,12,0,0.4167,12
500,3,CASCADING_INSTABILITY,12,-416.27,-416.57,13859.1090,0.00,1.00,12,0,0.4167,12
1,1,LINE_FAULT,5,130.46,130.46,592190236.3063,0.00,1.00,5,0,0.6000,5,100.0,1.00,0.0775,0,5,0.0000,0.00,0.20
2,1,LINE_FAULT,5,126.24,128.35,328874.8973,0.00,1.00,5,0,0.6000,5,100.0,1.00,0.0566,0,5,0.0000,0.00,0.20
3,1,LINE_FAULT,5,125.85,127.52,147738.8365,0.00,1.00,5,0,0.6000,5,100.0,1.00,0.0565,0,5,0.0000,0.00,0.20
4,1,LINE_FAULT,5,132.45,128.75,34315946.3066,0.00,1.00,5,0,0.6000,5,100.0,1.00,0.0776,0,5,0.0000,0.00,0.20
5,1,LINE_FAULT,5,130.50,129.10,30386723.3067,0.00,1.00,5,0,0.6000,5,100.0,1.00,0.0779,0,5,0.0000,0.00,0.20
1,1,LINE_FAULT,5,125.84,125.84,426496.2262,0.00,1.00,5,0,0.6000,5,100.0,1.00,0.0565,0,5,0.0000,0.00,0.20
2,1,LINE_FAULT,5,125.85,125.84,211998.7358,0.00,1.00,5,0,0.6000,5,100.0,1.00,0.0565,0,5,0.0000,0.00,0.20
3,1,OVERLOAD,5,177.95,143.21,28959228.8687,1.00,0.60,3,0,0.8203,3,100.0,0.60,0.0518,0,1,0.4594,0.20,0.40
4,1,LINE_FAULT,5,129.25,139.72,318722290.3065,0.00,1.00,5,0,0.6000,5,100.0,1.00,0.0775,0,5,0.0000,0.00,0.20
5,1,OVERLOAD,5,194.81,150.74,13009.0448,1.00,0.60,3,1,0.0976,3,100.0,0.60,0.0372,0,1,2.2981,1.00,0.60
1,1,OVERLOAD,5,184.95,184.95,0.0000,1.00,0.40,2,0,0.0258,2,100.0,0.40,0.0518,0,1,0.0000,1.00,0.80
2,1,OVERLOAD,5,183.67,184.31,0.0000,1.00,0.80,4,0,0.1103,4,100.0,0.80,0.0373,0,1,0.0000,0.80,0.80
3,1,LINE_FAULT,5,127.80,165.48,0.0000,0.00,1.00,5,0,0.0000,5,100.0,1.00,0.0565,0,5,0.0000,1.00,0.80
4,1,OVERLOAD,5,166.96,165.85,0.0000,1.00,1.00,5,0,0.1164,5,100.0,1.00,0.0380,0,1,0.0000,1.00,0.60
5,1,LINE_FAULT,5,125.94,157.87,0.0000,0.00,1.00,5,0,0.0000,5,100.0,1.00,0.0565,0,5,0.0000,1.00,0.80
1,1,LINE_FAULT,5,125.84,125.84,3505902.3366,0.00,1.00,5,0,0.6000,5,100.0,1.00,0.0565,0,5,0.0000,0.00,0.20
2,1,LINE_FAULT,5,125.85,125.84,1571904.2145,0.00,1.00,5,0,0.6000,5,100.0,1.00,0.0565,0,5,0.0000,0.00,0.20
3,1,OVERLOAD,5,157.17,136.28,595085.9324,1.00,0.40,2,0,0.2798,2,100.0,0.40,0.0405,0,1,1.8356,0.80,0.80
4,1,OVERLOAD,5,176.16,146.25,11595.1979,1.00,0.80,4,0,0.1021,4,100.0,0.80,0.0380,0,1,2.2943,0.80,0.80
5,1,OVERLOAD,5,182.88,153.58,12731.2557,1.00,0.80,4,0,0.1081,4,100.0,0.80,0.0377,0,1,2.2932,0.80,1.00
1,1,LINE_FAULT,12,314.45,314.45,31986343.3115,0.00,1.00,12,0,0.4167,12,100.0,1.00,0.0779,0,12,0.0000,0.00,0.08
2,1,OVERLOAD,12,438.95,376.70,42642.6716,1.00,0.67,8,0,0.1008,8,100.0,0.67,0.0380,0,1,2.2911,0.83,0.58
3,1,LINE_FAULT,12,313.04,355.48,48759765.0239,0.00,1.00,12,0,0.4167,12,100.0,1.00,0.0781,0,12,0.0000,0.00,0.08
4,1,LINE_FAULT,12,314.50,345.23,3685005.6482,0.00,1.00,12,0,0.4167,12,100.0,1.00,0.0781,0,12,0.0000,0.00,0.08
5,1,OVERLOAD,12,411.74,358.53,36529.9001,1.00,0.92,11,1,0.0977,11,100.0,0.92,0.0389,0,1,2.2831,0.83,0.75
6,1,LINE_FAULT,12,304.23,349.48,40915733.6350,0.00,1.00,12,0,0.4167,12,100.0,1.00,0.0566,0,12,0.0000,0.00,0.08
7,1,LINE_FAULT,12,307.41,343.47,5457600.4620,0.00,1.00,12,0,0.4167,12,100.0,1.00,0.0566,0,12,0.0000,0.00,0.08
8,1,OVERLOAD,12,403.79,351.01,36868.7694,1.00,1.00,12,1,0.1056,12,100.0,1.00,0.0380,0,1,2.2729,0.92,0.58
9,1,LINE_FAULT,12,313.13,346.80,24241103.2190,0.00,1.00,12,0,0.4167,12,100.0,1.00,0.0781,0,12,0.0000,0.00,0.08
10,1,OVERLOAD,12,400.61,352.18,36495.8537,1.00,1.00,12,1,0.1052,12,100.0,1.00,0.0380,0,1,2.2717,0.92,0.67
11,1,LINE_FAULT,12,304.50,351.19,38897.9202,0.00,1.00,12,0,0.4167,12,100.0,1.00,0.0565,0,12,0.0000,0.00,0.08
12,1,LINE_FAULT,12,316.44,338.94,80433073.1268,0.00,1.00,12,0,0.4167,12,100.0,1.00,0.0780,0,12,0.0000,0.00,0.08
13,1,LINE_FAULT,12,307.81,338.42,451161.4728,0.00,1.00,12,0,0.4167,12,100.0,1.00,0.0566,0,12,0.0000,0.00,0.08
14,1,OVERLOAD,12,399.82,346.95,35463.2951,1.00,1.00,12,2,0.1047,12,100.0,1.00,0.0380,0,1,2.2731,0.83,0.42
15,1,OVERLOAD,12,402.99,346.07,38224.1967,1.00,1.00,12,1,0.1108,12,100.0,1.00,0.0380,0,1,2.2720,0.67,0.50
16,1,OVERLOAD,12,399.99,355.65,37113.0020,1.00,1.00,12,1,0.1034,12,100.0,1.00,0.0380,0,1,2.2722,0.92,0.67
17,1,OVERLOAD,12,401.99,365.11,35880.1872,1.00,1.00,12,1,0.1010,12,100.0,1.00,0.0380,0,1,2.2731,0.92,0.58
18,1,OVERLOAD,12,402.99,365.03,37361.0716,1.00,1.00,12,2,0.0983,12,100.0,1.00,0.0380,0,1,2.2718,0.92,0.67
19,1,OVERLOAD,12,398.99,373.61,37244.7894,1.00,1.00,12,1,0.0949,12,100.0,1.00,0.0380,0,1,2.2679,0.92,0.58
20,1,LINE_FAULT,12,304.50,364.00,289266.0441,0.00,1.00,12,0,0.4167,12,100.0,1.00,0.0565,0,12,0.0000,0.00,0.08
21,1,OVERLOAD,12,403.79,373.93,37610.8188,1.00,1.00,12,1,0.1010,12,100.0,1.00,0.0380,0,1,2.2673,1.00,0.58
22,1,LINE_FAULT,12,304.50,372.74,56314.0106,0.00,1.00,12,0,0.4167,12,100.0,1.00,0.0565,0,12,0.0000,0.00,0.08
23,1,OVERLOAD,12,402.79,382.24,37784.2497,1.00,1.00,12,0,0.1082,12,100.0,1.00,0.0380,0,1,2.2737,0.75,0.50
24,1,OVERLOAD,12,401.99,382.45,34916.9639,1.00,1.00,12,0,0.1065,12,100.0,1.00,0.0380,0,1,2.2761,0.83,0.58
25,1,OVERLOAD,12,399.99,382.15,38225.2175,1.00,1.00,12,0,0.1062,12,100.0,1.00,0.0380,0,1,2.2770,0.75,0.50
26,1,LINE_FAULT,12,313.13,373.47,294072378.6852,0.00,1.00,12,0,0.4167,12,100.0,1.00,0.0781,0,12,0.0000,0.00,0.08
27,1,LINE_FAULT,12,307.81,364.05,555179.8899,0.00,1.00,12,0,0.4167,12,100.0,1.00,0.0566,0,12,0.0000,0.00,0.08
28,1,LINE_FAULT,12,316.44,355.39,19572216.4817,0.00,1.00,12,0,0.4167,12,100.0,1.00,0.0780,0,12,0.0000,0.00,0.08
29,1,LINE_FAULT,12,314.50,346.94,3915150.5368,0.00,1.00,12,0,0.4167,12,100.0,1.00,0.0781,0,12,0.0000,0.00,0.08
30,1,LINE_FAULT,12,314.50,347.94,1428741.4486,0.00,1.00,12,0,0.4167,12,100.0,1.00,0.0781,0,12,0.0000,0.00,0.08
31,1,LINE_FAULT,12,314.50,339.01,522940.0121,0.00,1.00,12,0,0.4167,12,100.0,1.00,0.0781,0,12,0.0000,0.00,0.08
32,1,OVERLOAD,12,404.63,349.03,36681.8453,1.00,1.00,12,0,0.1001,12,100.0,1.00,0.0380,0,1,2.2765,1.00,0.58
33,1,LINE_FAULT,12,313.13,340.06,151980.5624,0.00,1.00,12,0,0.4167,12,100.0,1.00,0.0781,0,12,0.0000,0.00,0.08
34,1,LINE_FAULT,12,307.81,330.64,454616.7545,0.00,1.00,12,0,0.4167,12,100.0,1.00,0.0566,0,12,0.0000,0.00,0.08
35,1,LINE_FAULT,12,316.44,322.29,72431.8445,0.00,1.00,12,0,0.4167,12,100.0,1.00,0.0780,0,12,0.0000,0.00,0.08
36,1,LINE_FAULT,12,307.81,321.76,175415.0490,0.00,1.00,12,0,0.4167,12,100.0,1.00,0.0566,0,12,0.0000,0.00,0.08
37,1,LINE_FAULT,12,316.44,322.62,35403.8507,0.00,1.00,12,0,0.4167,12,100.0,1.00,0.0780,0,12,0.0000,0.00,0.08
38,1,OVERLOAD,12,402.61,331.24,35294.6271,1.00,1.00,12,0,0.0907,12,100.0,1.00,0.0380,0,1,2.2737,1.00,0.42
39,1,OVERLOAD,12,401.99,339.98,38427.9171,1.00,1.00,12,0,0.1031,12,100.0,1.00,0.0380,0,1,2.2739,1.00,0.50
40,1,OVERLOAD,12,399.99,348.53,37285.9206,1.00,1.00,12,1,0.0983,12,100.0,1.00,0.0380,0,1,2.2735,0.92,0.67
41,1,OVERLOAD,12,399.99,357.08,39133.1611,1.00,1.00,12,0,0.0909,12,100.0,1.00,0.0380,0,1,2.2740,0.83,0.50
42,1,LINE_FAULT,12,304.50,347.07,144772.1827,0.00,1.00,12,0,0.4167,12,100.0,1.00,0.0565,0,12,0.0000,0.00,0.08
43,1,OVERLOAD,12,396.79,355.44,37348.2432,1.00,1.00,12,0,0.1030,12,100.0,1.00,0.0380,0,1,2.2791,0.58,0.50
44,1,LINE_FAULT,12,313.13,355.97,11580.3557,0.00,1.00,12,0,0.4167,12,100.0,1.00,0.0781,0,12,0.0000,0.00,0.08
45,1,LINE_FAULT,12,314.50,355.78,6966.9038,0.00,1.00,12,0,0.4167,12,100.0,1.00,0.0781,0,12,0.0000,0.00,0.08
46,1,OVERLOAD,12,400.61,365.06,35869.3449,1.00,1.00,12,1,0.1075,12,100.0,1.00,0.0380,0,1,2.2808,0.92,0.50
47,1,OVERLOAD,12,401.99,373.61,35379.3329,1.00,1.00,12,1,0.1049,12,100.0,1.00,0.0380,0,1,2.2806,1.00,0.67
48,1,OVERLOAD,12,402.99,373.65,35284.1565,1.00,1.00,12,0,0.0993,12,100.0,1.00,0.0380,0,1,2.2789,1.00,0.50
49,1,LINE_FAULT,12,313.13,364.76,7593.8127,0.00,1.00,12,0,0.4167,12,100.0,1.00,0.0781,0,12,0.0000,0.00,0.08
50,1,LINE_FAULT,12,314.50,356.21,8604.6445,0.00,1.00,12,0,0.4167,12,100.0,1.00,0.0781,0,12,0.0000,0.00,0.08
51,1,LINE_FAULT,12,314.50,347.66,8321.8306,0.00,1.00,12,0,0.4167,12,100.0,1.00,0.0781,0,12,0.0000,0.00,0.08
52,1,LINE_FAULT,12,314.50,348.66,7509.7621,0.00,1.00,12,0,0.4167,12,100.0,1.00,0.0781,0,12,0.0000,0.00,0.08
53,1,OVERLOAD,12,404.61,349.45,36690.6615,1.00,1.00,12,0,0.1011,12,100.0,1.00,0.0380,0,1,2.2737,0.83,0.67
54,1,LINE_FAULT,12,313.13,349.45,13165.9030,0.00,1.00,12,0,0.4167,12,100.0,1.00,0.0781,0,12,0.0000,0.00,0.08
55,1,LINE_FAULT,12,314.50,349.45,8770.9242,0.00,1.00,12,0,0.4167,12,100.0,1.00,0.0781,0,12,0.0000,0.00,0.08
56,1,LINE_FAULT,12,307.81,340.17,107849.7727,0.00,1.00,12,0,0.4167,12,100.0,1.00,0.0566,0,12,0.0000,0.00,0.08
57,1,LINE_FAULT,12,307.41,330.71,10509.6162,0.00,1.00,12,0,0.4167,12,100.0,1.00,0.0566,0,12,0.0000,0.00,0.08
58,1,LINE_FAULT,12,316.44,322.05,8025.8261,0.00,1.00,12,0,0.4167,12,100.0,1.00,0.0780,0,12,0.0000,0.00,0.08
59,1,OVERLOAD,12,402.61,331.00,35321.2422,1.00,1.00,12,0,0.0965,12,100.0,1.00,0.0380,0,1,2.2799,0.92,0.50
60,1,LINE_FAULT,12,313.13,330.86,13380.7295,0.00,1.00,12,0,0.4167,12,100.0,1.00,0.0781,0,12,0.0000,0.00,0.08
61,1,OVERLOAD,12,403.61,339.77,38498.8292,1.00,1.00,12,0,0.1026,12,100.0,1.00,0.0380,0,1,2.2792,0.67,0.58
62,1,OVERLOAD,12,401.99,348.52,32995.7287,1.00,1.00,12,2,0.0927,12,100.0,1.00,0.0380,0,1,2.2795,1.00,0.58
63,1,LINE_FAULT,12,313.13,339.38,20031.0140,0.00,1.00,12,0,0.4167,12,100.0,1.00,0.0781,0,12,0.0000,0.00,0.08
64,1,OVERLOAD,12,404.61,348.52,34942.2375,1.00,1.00,12,1,0.0961,12,100.0,1.00,0.0380,0,1,2.2769,0.83,0.58
65,1,LINE_FAULT,12,304.50,347.52,9019.5889,0.00,1.00,12,0,0.4167,12,100.0,1.00,0.0565,0,12,0.0000,0.00,0.08
66,1,LINE_FAULT,12,307.41,347.48,7789.2387,0.00,1.00,12,0,0.4167,12,100.0,1.00,0.0566,0,12,0.0000,0.00,0.08
67,1,OVERLOAD,12,402.79,357.02,36887.5099,1.00,1.00,12,1,0.0993,12,100.0,1.00,0.0380,0,1,2.2836,0.92,0.50
68,1,LINE_FAULT,12,304.50,355.83,8030.0668,0.00,1.00,12,0,0.4167,12,100.0,1.00,0.0565,0,12,0.0000,0.00,0.08
69,1,OVERLOAD,12,402.79,355.85,36861.8171,1.00,1.00,12,1,0.1039,12,100.0,1.00,0.0380,0,1,2.2834,0.83,0.67
70,1,LINE_FAULT,12,313.13,355.85,35934.2612,0.00,1.00,12,0,0.4167,12,100.0,1.00,0.0781,0,12,0.0000,0.00,0.08
71,1,OVERLOAD,12,403.61,355.85,36512.9089,1.00,1.00,12,0,0.1069,12,100.0,1.00,0.0380,0,1,2.2828,0.83,0.50
72,1,LINE_FAULT,12,313.13,346.96,46077.1486,0.00,1.00,12,0,0.4167,12,100.0,1.00,0.0781,0,12,0.0000,0.00,0.08
73,1,LINE_FAULT,12,307.81,346.43,7080.8534,0.00,1.00,12,0,0.4167,12,100.0,1.00,0.0566,0,12,0.0000,0.00,0.08
74,1,OVERLOAD,12,396.79,345.65,37388.2306,1.00,1.00,12,0,0.1032,12,100.0,1.00,0.0380,0,1,2.2839,0.92,0.50
75,1,OVERLOAD,12,401.99,355.40,37035.1443,1.00,1.00,12,1,0.1008,12,100.0,1.00,0.0380,0,1,2.2839,0.83,0.58
76,1,OVERLOAD,12,402.99,364.95,33802.7378,1.00,1.00,12,0,0.1076,12,100.0,1.00,0.0380,0,1,2.2840,0.83,0.58
77,1,LINE_FAULT,12,313.13,355.99,96881.2112,0.00,1.00,12,0,0.4167,12,100.0,1.00,0.0781,0,12,0.0000,0.00,0.08
78,1,LINE_FAULT,12,314.50,356.99,22296.9827,0.00,1.00,12,0,0.4167,12,100.0,1.00,0.0781,0,12,0.0000,0.00,0.08
79,1,OVERLOAD,12,401.61,356.87,37975.8078,1.00,1.00,12,0,0.1003,12,100.0,1.00,0.0380,0,1,2.2849,1.00,0.50
80,1,LINE_FAULT,12,304.50,356.01,6946.0016,0.00,1.00,12,0,0.4167,12,100.0,1.00,0.0565,0,12,0.0000,0.00,0.08
81,1,OVERLOAD,12,397.79,355.42,35270.5272,1.00,1.00,12,0,0.1050,12,100.0,1.00,0.0380,0,1,2.2851,0.83,0.50
82,1,LINE_FAULT,12,304.50,354.56,8687.8572,0.00,1.00,12,0,0.4167,12,100.0,1.00,0.0565,0,12,0.0000,0.00,0.08
83,1,OVERLOAD,12,399.79,363.76,35082.2915,1.00,1.00,12,0,0.1054,12,100.0,1.00,0.0380,0,1,2.2856,0.83,0.50
84,1,OVERLOAD,12,401.99,364.28,34657.8724,1.00,1.00,12,1,0.0993,12,100.0,1.00,0.0380,0,1,2.2858,0.92,0.75
85,1,LINE_FAULT,12,304.50,354.53,12049.0347,0.00,1.00,12,0,0.4167,12,100.0,1.00,0.0565,0,12,0.0000,0.00,0.08
86,1,OVERLOAD,12,399.79,354.21,35371.2612,1.00,1.00,12,0,0.0975,12,100.0,1.00,0.0380,0,1,2.2860,0.75,0.58
87,1,OVERLOAD,12,400.99,363.00,36332.5259,1.00,1.00,12,0,0.1005,12,100.0,1.00,0.0380,0,1,2.2861,0.92,0.75
88,1,LINE_FAULT,12,304.50,362.00,10913.4330,0.00,1.00,12,0,0.4167,12,100.0,1.00,0.0565,0,12,0.0000,0.00,0.08
89,1,OVERLOAD,12,399.82,361.82,32615.3546,1.00,1.00,12,0,0.1066,12,100.0,1.00,0.0380,0,1,2.2863,0.83,0.58
90,1,OVERLOAD,12,398.99,371.27,32251.1772,1.00,1.00,12,0,0.1040,12,100.0,1.00,0.0380,0,1,2.2864,0.92,0.50
91,1,OVERLOAD,12,401.99,371.69,37140.3362,1.00,1.00,12,0,0.1032,12,100.0,1.00,0.0380,0,1,2.2866,0.92,0.75
92,1,LINE_FAULT,12,313.13,372.55,126658.1232,0.00,1.00,12,0,0.4167,12,100.0,1.00,0.0781,0,12,0.0000,0.00,0.08
93,1,OVERLOAD,12,403.61,372.93,34729.1146,1.00,1.00,12,0,0.0964,12,100.0,1.00,0.0380,0,1,2.2868,1.00,0.58
94,1,LINE_FAULT,12,313.13,364.05,252609.6043,0.00,1.00,12,0,0.4167,12,100.0,1.00,0.0781,0,12,0.0000,0.00,0.08
95,1,OVERLOAD,12,403.61,373.96,33804.0917,1.00,1.00,12,1,0.0984,12,100.0,1.00,0.0380,0,1,2.2869,0.83,0.67
96,1,LINE_FAULT,12,304.50,364.43,7932.9237,0.00,1.00,12,0,0.4167,12,100.0,1.00,0.0565,0,12,0.0000,0.00,0.08
97,1,LINE_FAULT,12,307.41,355.07,6692.2676,0.00,1.00,12,0,0.4167,12,100.0,1.00,0.0566,0,12,0.0000,0.00,0.08
98,1,LINE_FAULT,12,307.41,355.36,8610.7925,0.00,1.00,12,0,0.4167,12,100.0,1.00,0.0566,0,12,0.0000,0.00,0.08
99,1,OVERLOAD,12,403.79,355.76,34139.4116,1.00,1.00,12,0,0.0979,12,100.0,1.00,0.0380,0,1,2.2868,0.92,0.58
100,1,LINE_FAULT,12,313.13,347.17,843309.3534,0.00,1.00,12,0,0.4167,12,100.0,1.00,0.0781,0,12,0.0000,0.00,0.08
101,1,OVERLOAD,12,403.61,347.33,31787.1711,1.00,1.00,12,0,0.0999,12,100.0,1.00,0.0380,0,1,2.2870,1.00,0.50
102,1,OVERLOAD,12,401.99,356.22,33115.7542,1.00,1.00,12,1,0.1062,12,100.0,1.00,0.0380,0,1,2.2869,1.00,0.50
103,1,LINE_FAULT,12,313.13,347.17,2557142.4354,0.00,1.00,12,0,0.4167,12,100.0,1.00,0.0781,0,12,0.0000,0.00,0.08
104,1,LINE_FAULT,12,307.81,346.64,212637.6302,0.00,1.00,12,0,0.4167,12,100.0,1.00,0.0566,0,12,0.0000,0.00,0.08
105,1,LINE_FAULT,12,316.44,337.92,2388634.3617,0.00,1.00,12,0,0.4167,12,100.0,1.00,0.0780,0,12,0.0000,0.00,0.08
106,1,LINE_FAULT,12,307.81,338.25,679542.5405,0.00,1.00,12,0,0.4167,12,100.0,1.00,0.0566,0,12,0.0000,0.00,0.08
107,1,OVERLOAD,12,399.79,347.49,33167.4988,1.00,1.00,12,0,0.0972,12,100.0,1.00,0.0380,0,1,2.2869,1.00,0.58
108,1,OVERLOAD,12,399.99,356.75,32002.5846,1.00,1.00,12,1,0.0968,12,100.0,1.00,0.0380,0,1,2.2876,1.00,0.58
109,1,LINE_FAULT,12,313.13,347.68,2918013.1574,0.00,1.00,12,0,0.4167,12,100.0,1.00,0.0781,0,12,0.0000,0.00,0.08
110,1,OVERLOAD,12,403.61,356.73,31179.8566,1.00,1.00,12,1,0.1012,12,100.0,1.00,0.0380,0,1,2.2875,0.92,0.58
111,1,OVERLOAD,12,402.99,356.67,34255.7535,1.00,1.00,12,1,0.0943,12,100.0,1.00,0.0380,0,1,2.2877,0.83,0.50
112,1,LINE_FAULT,12,313.13,347.78,6070745.8593,0.00,1.00,12,0,0.4167,12,100.0,1.00,0.0781,0,12,0.0000,0.00,0.08
113,1,OVERLOAD,12,401.61,356.63,32438.4312,1.00,1.00,12,1,0.0932,12,100.0,1.00,0.0380,0,1,2.2880,0.92,0.67
114,1,OVERLOAD,12,402.99,366.15,32336.6236,1.00,1.00,12,1,0.0954,12,100.0,1.00,0.0380,0,1,2.2873,1.00,0.75
115,1,OVERLOAD,12,399.99,374.50,34148.6918,1.00,1.00,12,0,0.0967,12,100.0,1.00,0.0380,0,1,2.2860,0.67,0.50
116,1,OVERLOAD,12,402.99,384.02,31708.8630,1.00,1.00,12,1,0.0980,12,100.0,1.00,0.0380,0,1,2.2863,0.92,0.75
117,1,LINE_FAULT,12,313.13,375.36,16175273.7454,0.00,1.00,12,0,0.4167,12,100.0,1.00,0.0781,0,12,0.0000,0.00,0.08
118,1,LINE_FAULT,12,314.50,366.81,3041445.6883,0.00,1.00,12,0,0.4167,12,100.0,1.00,0.0781,0,12,0.0000,0.00,0.08
119,1,LINE_FAULT,12,307.81,366.28,1547289.6531,0.00,1.00,12,0,0.4167,12,100.0,1.00,0.0566,0,12,0.0000,0.00,0.08
120,1,OVERLOAD,12,399.79,365.89,31737.3888,1.00,1.00,12,0,0.0962,12,100.0,1.00,0.0380,0,1,2.2892,0.75,0.75
121,1,LINE_FAULT,12,304.50,356.04,407034.0845,0.00,1.00,12,0,0.4167,12,100.0,1.00,0.0565,0,12,0.0000,0.00,0.08
122,1,OVERLOAD,12,401.82,364.91,31121.9418,1.00,1.00,12,0,0.1054,12,100.0,1.00,0.0380,0,1,2.2905,0.92,0.58
123,1,OVERLOAD,12,392.99,364.05,29013.8235,1.00,1.00,12,0,0.1017,12,100.0,1.00,0.0380,0,1,2.2913,0.92,0.50
124,1,LINE_FAULT,12,304.50,354.20,7349.7102,0.00,1.00,12,0,0.4167,12,100.0,1.00,0.0565,0,12,0.0000,0.00,0.08
125,1,OVERLOAD,12,399.79,354.18,29117.7805,1.00,1.00,12,0,0.1019,12,100.0,1.00,0.0380,0,1,2.2920,0.92,0.58
126,1,OVERLOAD,12,398.99,353.78,26913.6787,1.00,1.00,12,0,0.1035,12,100.0,1.00,0.0380,0,1,2.2921,0.92,0.58
127,1,OVERLOAD,12,402.99,362.77,30579.3233,1.00,1.00,12,1,0.1028,12,100.0,1.00,0.0380,0,1,2.2919,0.92,0.50
128,1,OVERLOAD,12,401.99,371.52,28705.0592,1.00,1.00,12,0,0.1001,12,100.0,1.00,0.0380,0,1,2.2916,0.92,0.50
129,1,LINE_FAULT,12,313.13,372.05,25053604.9107,0.00,1.00,12,0,0.4167,12,100.0,1.00,0.0781,0,12,0.0000,0.00,0.08
130,1,OVERLOAD,12,404.61,372.53,30990.7626,1.00,1.00,12,0,0.0996,12,100.0,1.00,0.0380,0,1,2.2908,0.92,0.67
131,1,LINE_FAULT,12,304.50,372.53,8498.2978,0.00,1.00,12,0,0.4167,12,100.0,1.00,0.0565,0,12,0.0000,0.00,0.08
132,1,LINE_FAULT,12,316.44,363.99,22210926.5089,0.00,1.00,12,0,0.4167,12,100.0,1.00,0.0780,0,12,0.0000,0.00,0.08
133,1,LINE_FAULT,12,307.81,355.48,103350.4460,0.00,1.00,12,0,0.4167,12,100.0,1.00,0.0566,0,12,0.0000,0.00,0.08
134,1,LINE_FAULT,12,316.44,356.67,610997.0256,0.00,1.00,12,0,0.4167,12,100.0,1.00,0.0780,0,12,0.0000,0.00,0.08
135,1,OVERLOAD,12,403.61,357.05,31762.9041,1.00,1.00,12,0,0.1037,12,100.0,1.00,0.0380,0,1,2.2910,0.92,0.50
136,1,OVERLOAD,12,398.99,357.05,27399.0999,1.00,1.00,12,1,0.0951,12,100.0,1.00,0.0380,0,1,2.2918,1.00,0.67
137,1,OVERLOAD,12,398.99,356.65,27710.4891,1.00,1.00,12,1,0.1000,12,100.0,1.00,0.0380,0,1,2.2921,0.75,0.50
138,1,LINE_FAULT,12,304.50,346.90,80912.7540,0.00,1.00,12,0,0.4167,12,100.0,1.00,0.0565,0,12,0.0000,0.00,0.08
139,1,LINE_FAULT,12,307.41,346.33,19075.7850,0.00,1.00,12,0,0.4167,12,100.0,1.00,0.0566,0,12,0.0000,0.00,0.08
140,1,LINE_FAULT,12,316.44,337.51,411281.5993,0.00,1.00,12,0,0.4167,12,100.0,1.00,0.0780,0,12,0.0000,0.00,0.08
141,1,LINE_FAULT,12,314.50,338.51,51549.1668,0.00,1.00,12,0,0.4167,12,100.0,1.00,0.0781,0,12,0.0000,0.00,0.08
142,1,OVERLOAD,12,403.63,347.23,30361.5960,1.00,1.00,12,1,0.1001,12,100.0,1.00,0.0380,0,1,2.2926,0.83,0.58
143,1,OVERLOAD,12,401.99,356.65,27470.7980,1.00,1.00,12,1,0.0985,12,100.0,1.00,0.0380,0,1,2.2927,0.83,0.58
144,1,OVERLOAD,12,401.99,365.20,27166.1634,1.00,1.00,12,1,0.1014,12,100.0,1.00,0.0380,0,1,2.2925,0.83,0.67
145,1,LINE_FAULT,12,304.50,355.29,66462.4670,0.00,1.00,12,0,0.4167,12,100.0,1.00,0.0565,0,12,0.0000,0.00,0.08
146,1,LINE_FAULT,12,307.41,346.14,9880.7685,0.00,1.00,12,0,0.4167,12,100.0,1.00,0.0566,0,12,0.0000,0.00,0.08
147,1,OVERLOAD,12,400.79,346.32,26924.4987,1.00,1.00,12,0,0.1025,12,100.0,1.00,0.0380,0,1,2.2918,0.83,0.58
148,1,LINE_FAULT,12,313.13,347.18,157380.6055,0.00,1.00,12,0,0.4167,12,100.0,1.00,0.0781,0,12,0.0000,0.00,0.08
149,1,LINE_FAULT,12,307.81,347.22,17283.8442,0.00,1.00,12,0,0.4167,12,100.0,1.00,0.0566,0,12,0.0000,0.00,0.08
150,1,LINE_FAULT,12,307.41,346.32,9842.4748,0.00,1.00,12,0,0.4167,12,100.0,1.00,0.0566,0,12,0.0000,0.00,0.08
151,1,OVERLOAD,12,399.79,354.84,26725.2556,1.00,1.00,12,1,0.0999,12,100.0,1.00,0.0380,0,1,2.2918,1.00,0.42
152,1,LINE_FAULT,12,313.13,345.80,44403.9484,0.00,1.00,12,0,0.4167,12,100.0,1.00,0.0781,0,12,0.0000,0.00,0.08
153,1,LINE_FAULT,12,314.50,337.05,8909.7415,0.00,1.00,12,0,0.4167,12,100.0,1.00,0.0781,0,12,0.0000,0.00,0.08
154,1,OVERLOAD,12,401.61,337.01,26433.0436,1.00,1.00,12,0,0.1006,12,100.0,1.00,0.0380,0,1,2.2917,1.00,0.58
155,1,OVERLOAD,12,401.99,346.76,26952.3466,1.00,1.00,12,0,0.1005,12,100.0,1.00,0.0380,0,1,2.2924,0.83,0.75
156,1,OVERLOAD,12,401.99,356.22,26698.2401,1.00,1.00,12,1,0.0992,12,100.0,1.00,0.0380,0,1,2.2926,0.92,0.75
157,1,LINE_FAULT,12,304.50,346.59,12599.5034,0.00,1.00,12,0,0.4167,12,100.0,1.00,0.0565,0,12,0.0000,0.00,0.08
158,1,OVERLOAD,12,402.79,355.55,26247.7520,1.00,1.00,12,0,0.0989,12,100.0,1.00,0.0380,0,1,2.2922,1.00,0.50
159,1,LINE_FAULT,12,313.13,356.08,17530.2508,0.00,1.00,12,0,0.4167,12,100.0,1.00,0.0781,0,12,0.0000,0.00,0.08
160,1,LINE_FAULT,12,307.81,356.12,14635.2011,0.00,1.00,12,0,0.4167,12,100.0,1.00,0.0566,0,12,0.0000,0.00,0.08
161,1,LINE_FAULT,12,316.44,347.79,7920.2715,0.00,1.00,12,0,0.4167,12,100.0,1.00,0.0780,0,12,0.0000,0.00,0.08
162,1,LINE_FAULT,12,314.50,347.93,8087.0103,0.00,1.00,12,0,0.4167,12,100.0,1.00,0.0781,0,12,0.0000,0.00,0.08
163,1,LINE_FAULT,12,314.50,347.93,8484.2531,0.00,1.00,12,0,0.4167,12,100.0,1.00,0.0781,0,12,0.0000,0.00,0.08
164,1,LINE_FAULT,12,307.81,338.55,11020.6687,0.00,1.00,12,0,0.4167,12,100.0,1.00,0.0566,0,12,0.0000,0.00,0.08
165,1,OVERLOAD,12,402.79,338.63,24974.2871,1.00,1.00,12,2,0.0950,12,100.0,1.00,0.0380,0,1,2.2915,0.92,0.67
166,1,LINE_FAULT,12,304.50,328.88,9315.8569,0.00,1.00,12,0,0.4167,12,100.0,1.00,0.0565,0,12,0.0000,0.00,0.08
167,1,OVERLOAD,12,403.79,338.81,27887.4653,1.00,1.00,12,1,0.1006,12,100.0,1.00,0.0380,0,1,2.2905,0.83,0.58
168,1,OVERLOAD,12,401.99,338.73,25653.4065,1.00,1.00,12,0,0.1008,12,100.0,1.00,0.0380,0,1,2.2910,0.92,0.58
169,1,LINE_FAULT,12,304.50,337.86,8040.8645,0.00,1.00,12,0,0.4167,12,100.0,1.00,0.0565,0,12,0.0000,0.00,0.08
170,1,OVERLOAD,12,409.79,348.06,27807.4358,1.00,0.92,11,1,0.0960,11,100.0,0.92,0.0380,0,1,2.2910,0.83,0.50
171,1,LINE_FAULT,12,304.50,346.87,8576.3058,0.00,1.00,12,0,0.4167,12,100.0,1.00,0.0565,0,12,0.0000,0.00,0.08
172,1,LINE_FAULT,12,307.41,346.16,7652.4293,0.00,1.00,12,0,0.4167,12,100.0,1.00,0.0566,0,12,0.0000,0.00,0.08
173,1,LINE_FAULT,12,316.44,346.35,7068.5786,0.00,1.00,12,0,0.4167,12,100.0,1.00,0.0780,0,12,0.0000,0.00,0.08
174,1,OVERLOAD,12,442.46,359.82,32299.9969,1.00,0.83,10,0,0.1038,10,100.0,0.83,0.0372,0,1,2.2925,0.92,0.58
175,1,OVERLOAD,12,418.15,361.35,28238.7171,1.00,0.83,10,0,0.0964,10,100.0,0.83,0.0389,0,1,2.2918,0.92,0.58
176,1,OVERLOAD,12,402.46,371.15,23979.4858,1.00,1.00,12,0,0.1032,12,100.0,1.00,0.0380,0,1,2.2887,0.83,0.67
177,1,LINE_FAULT,12,304.50,361.22,7166.6750,0.00,1.00,12,0,0.4167,12,100.0,1.00,0.0565,0,12,0.0000,0.00,0.08
178,1,OVERLOAD,12,402.82,361.30,24748.6301,1.00,1.00,12,1,0.0991,12,100.0,1.00,0.0380,0,1,2.2854,0.92,0.67
179,1,OVERLOAD,12,402.99,371.15,24196.0956,1.00,1.00,12,1,0.1010,12,100.0,1.00,0.0380,0,1,2.2848,0.83,0.58
180,1,OVERLOAD,12,395.99,369.77,24253.0003,1.00,1.00,12,0,0.1012,12,100.0,1.00,0.0380,0,1,2.2852,0.92,0.50
181,1,OVERLOAD,12,399.99,379.32,25135.4667,1.00,1.00,12,2,0.0944,12,100.0,1.00,0.0380,0,1,2.2861,0.83,0.50
182,1,LINE_FAULT,12,304.50,379.03,7710.7942,0.00,1.00,12,0,0.4167,12,100.0,1.00,0.0565,0,12,0.0000,0.00,0.08
183,1,LINE_FAULT,12,316.44,379.03,10831.7211,0.00,1.00,12,0,0.4167,12,100.0,1.00,0.0780,0,12,0.0000,0.00,0.08
184,1,LINE_FAULT,12,307.81,365.57,7002.7570,0.00,1.00,12,0,0.4167,12,100.0,1.00,0.0566,0,12,0.0000,0.00,0.08
185,1,OVERLOAD,12,395.79,363.33,23370.9754,1.00,1.00,12,1,0.0994,12,100.0,1.00,0.0380,0,1,2.2865,0.75,0.67
186,1,LINE_FAULT,12,313.13,354.40,19610.5657,0.00,1.00,12,0,0.4167,12,100.0,1.00,0.0781,0,12,0.0000,0.00,0.08
187,1,LINE_FAULT,12,307.81,354.73,6843.1290,0.00,1.00,12,0,0.4167,12,100.0,1.00,0.0566,0,12,0.0000,0.00,0.08
188,1,OVERLOAD,12,403.79,354.82,22868.5075,1.00,1.00,12,1,0.1031,12,100.0,1.00,0.0380,0,1,2.2858,0.83,0.67
189,1,LINE_FAULT,12,313.13,345.84,15102.7935,0.00,1.00,12,0,0.4167,12,100.0,1.00,0.0781,0,12,0.0000,0.00,0.08
190,1,LINE_FAULT,12,307.81,337.02,7947.5325,0.00,1.00,12,0,0.4167,12,100.0,1.00,0.0566,0,12,0.0000,0.00,0.08
191,1,OVERLOAD,12,399.79,337.00,23278.9487,1.00,1.00,12,1,0.0988,12,100.0,1.00,0.0380,0,1,2.2857,0.75,0.58
192,1,OVERLOAD,12,398.99,346.45,23281.4727,1.00,1.00,12,1,0.0927,12,100.0,1.00,0.0380,0,1,2.2853,1.00,0.42
193,1,LINE_FAULT,12,304.50,345.25,8488.4768,0.00,1.00,12,0,0.4167,12,100.0,1.00,0.0565,0,12,0.0000,0.00,0.08
194,1,LINE_FAULT,12,307.41,345.22,7935.9547,0.00,1.00,12,0,0.4167,12,100.0,1.00,0.0566,0,12,0.0000,0.00,0.08
195,1,OVERLOAD,12,403.79,346.02,24570.2388,1.00,1.00,12,0,0.0992,12,100.0,1.00,0.0380,0,1,2.2845,1.00,0.58
196,1,OVERLOAD,12,398.99,354.60,22118.3459,1.00,1.00,12,1,0.0982,12,100.0,1.00,0.0380,0,1,2.2852,0.75,0.58
197,1,LINE_FAULT,12,304.50,354.27,13017.9172,0.00,1.00,12,0,0.4167,12,100.0,1.00,0.0565,0,12,0.0000,0.00,0.08
198,1,LINE_FAULT,12,307.41,344.63,9437.3365,0.00,1.00,12,0,0.4167,12,100.0,1.00,0.0566,0,12,0.0000,0.00,0.08
199,1,LINE_FAULT,12,316.44,344.96,10493.3541,0.00,1.00,12,0,0.4167,12,100.0,1.00,0.0780,0,12,0.0000,0.00,0.08
200,1,LINE_FAULT,12,314.50,345.63,8047.5065,0.00,1.00,12,0,0.4167,12,100.0,1.00,0.0781,0,12,0.0000,0.00,0.08
201,1,LINE_FAULT,12,307.81,336.43,9865.2358,0.00,1.00,12,0,0.4167,12,100.0,1.00,0.0566,0,12,0.0000,0.00,0.08
202,1,LINE_FAULT,12,316.44,328.18,7860.6281,0.00,1.00,12,0,0.4167,12,100.0,1.00,0.0780,0,12,0.0000,0.00,0.08
203,1,LINE_FAULT,12,307.81,328.51,11917.7461,0.00,1.00,12,0,0.4167,12,100.0,1.00,0.0566,0,12,0.0000,0.00,0.08
204,1,OVERLOAD,12,399.79,337.75,21386.5564,1.00,1.00,12,0,0.1013,12,100.0,1.00,0.0380,0,1,2.2880,0.75,0.58
205,1,LINE_FAULT,12,304.50,327.82,11148.1160,0.00,1.00,12,0,0.4167,12,100.0,1.00,0.0565,0,12,0.0000,0.00,0.08
206,1,LINE_FAULT,12,316.44,319.56,8981.2976,0.00,1.00,12,0,0.4167,12,100.0,1.00,0.0780,0,12,0.0000,0.00,0.08
207,1,OVERLOAD,12,403.61,329.47,24003.4748,1.00,1.00,12,0,0.0952,12,100.0,1.00,0.0380,0,1,2.2875,1.00,0.67
208,1,OVERLOAD,12,402.99,339.03,24137.2511,1.00,1.00,12,1,0.0997,12,100.0,1.00,0.0380,0,1,2.2870,1.00,0.50
209,1,LINE_FAULT,12,304.50,337.84,11364.6756,0.00,1.00,12,0,0.4167,12,100.0,1.00,0.0565,0,12,0.0000,0.00,0.08
210,1,LINE_FAULT,12,307.41,337.13,9218.1039,0.00,1.00,12,0,0.4167,12,100.0,1.00,0.0566,0,12,0.0000,0.00,0.08
211,1,OVERLOAD,12,400.79,346.43,18725.5988,1.00,1.00,12,0,0.0965,12,100.0,1.00,0.0380,0,1,2.2874,1.00,0.67
212,1,LINE_FAULT,12,313.13,346.10,17460.9298,0.00,1.00,12,0,0.4167,12,100.0,1.00,0.0781,0,12,0.0000,0.00,0.08
213,1,LINE_FAULT,12,307.81,346.10,10824.6751,0.00,1.00,12,0,0.4167,12,100.0,1.00,0.0566,0,12,0.0000,0.00,0.08
214,1,LINE_FAULT,12,307.41,336.86,7901.2127,0.00,1.00,12,0,0.4167,12,100.0,1.00,0.0566,0,12,0.0000,0.00,0.08
215,1,LINE_FAULT,12,307.41,337.15,6743.1611,0.00,1.00,12,0,0.4167,12,100.0,1.00,0.0566,0,12,0.0000,0.00,0.08
216,1,LINE_FAULT,12,316.44,337.15,66443.3715,0.00,1.00,12,0,0.4167,12,100.0,1.00,0.0780,0,12,0.0000,0.00,0.08
217,1,OVERLOAD,12,403.61,337.15,20091.1616,1.00,1.00,12,1,0.0965,12,100.0,1.00,0.0380,0,1,2.2862,0.92,0.58
218,1,LINE_FAULT,12,313.13,328.16,122579.5262,0.00,1.00,12,0,0.4167,12,100.0,1.00,0.0781,0,12,0.0000,0.00,0.08
219,1,OVERLOAD,12,403.61,338.07,21246.2592,1.00,1.00,12,0,0.0943,12,100.0,1.00,0.0380,0,1,2.2850,0.92,0.58
220,1,OVERLOAD,12,402.99,347.63,22896.0014,1.00,1.00,12,1,0.0971,12,100.0,1.00,0.0380,0,1,2.2843,0.92,0.75
221,1,OVERLOAD,12,398.99,347.45,20171.6473,1.00,1.00,12,0,0.1011,12,100.0,1.00,0.0380,0,1,2.2854,0.75,0.50
222,1,OVERLOAD,12,404.99,356.64,18717.5912,1.00,1.00,12,1,0.0996,12,100.0,1.00,0.0380,0,1,2.2867,0.92,0.67
223,1,LINE_FAULT,12,304.50,356.31,9516.6414,0.00,1.00,12,0,0.4167,12,100.0,1.00,0.0565,0,12,0.0000,0.00,0.08
224,1,OVERLOAD,12,403.79,365.95,21069.6090,1.00,1.00,12,1,0.0985,12,100.0,1.00,0.0380,0,1,2.2888,0.83,0.58
225,1,LINE_FAULT,12,304.50,365.66,8303.3833,0.00,1.00,12,0,0.4167,12,100.0,1.00,0.0565,0,12,0.0000,0.00,0.08
226,1,OVERLOAD,12,402.79,374.29,19643.7818,1.00,1.00,12,0,0.0985,12,100.0,1.00,0.0380,0,1,2.2896,1.00,0.58
227,1,LINE_FAULT,12,313.13,365.24,510762.8925,0.00,1.00,12,0,0.4167,12,100.0,1.00,0.0781,0,12,0.0000,0.00,0.08
228,1,LINE_FAULT,12,307.81,364.71,16151.3030,0.00,1.00,12,0,0.4167,12,100.0,1.00,0.0566,0,12,0.0000,0.00,0.08
229,1,OVERLOAD,12,401.79,364.53,19195.6583,1.00,1.00,12,0,0.1032,12,100.0,1.00,0.0380,0,1,2.2897,0.92,0.50
230,1,LINE_FAULT,12,313.13,355.54,2280983.2915,0.00,1.00,12,0,0.4167,12,100.0,1.00,0.0781,0,12,0.0000,0.00,0.08
231,1,OVERLOAD,12,404.61,356.10,19614.0449,1.00,1.00,12,2,0.0999,12,100.0,1.00,0.0380,0,1,2.2895,1.00,0.67
232,1,LINE_FAULT,12,313.13,346.92,4826727.1228,0.00,1.00,12,0,0.4167,12,100.0,1.00,0.0781,0,12,0.0000,0.00,0.08
233,1,OVERLOAD,12,403.61,356.83,19608.1352,1.00,1.00,12,0,0.1012,12,100.0,1.00,0.0380,0,1,2.2895,0.83,0.58
234,1,LINE_FAULT,12,313.13,347.76,7318621.9843,0.00,1.00,12,0,0.4167,12,100.0,1.00,0.0781,0,12,0.0000,0.00,0.08
235,1,LINE_FAULT,12,314.50,348.76,1365948.9501,0.00,1.00,12,0,0.4167,12,100.0,1.00,0.0781,0,12,0.0000,0.00,0.08
236,1,OVERLOAD,12,400.61,348.55,17999.2221,1.00,1.00,12,0,0.0978,12,100.0,1.00,0.0380,0,1,2.2896,1.00,0.42
237,1,LINE_FAULT,12,313.13,348.55,3594624.7372,0.00,1.00,12,0,0.4167,12,100.0,1.00,0.0781,0,12,0.0000,0.00,0.08
238,1,LINE_FAULT,12,307.81,348.55,177031.0590,0.00,1.00,12,0,0.4167,12,100.0,1.00,0.0566,0,12,0.0000,0.00,0.08
239,1,LINE_FAULT,12,316.44,340.01,3089261.5883,0.00,1.00,12,0,0.4167,12,100.0,1.00,0.0780,0,12,0.0000,0.00,0.08
240,1,LINE_FAULT,12,307.81,339.48,268265.1843,0.00,1.00,12,0,0.4167,12,100.0,1.00,0.0566,0,12,0.0000,0.00,0.08
241,1,OVERLOAD,12,403.79,339.40,17752.3071,1.00,1.00,12,1,0.0980,12,100.0,1.00,0.0380,0,1,2.2889,1.00,0.67
242,1,LINE_FAULT,12,313.13,339.40,2406634.3815,0.00,1.00,12,0,0.4167,12,100.0,1.00,0.0781,0,12,0.0000,0.00,0.08
243,1,OVERLOAD,12,403.61,339.40,18421.8562,1.00,1.00,12,1,0.0965,12,100.0,1.00,0.0380,0,1,2.2887,0.92,0.67
244,1,OVERLOAD,12,398.99,347.98,18513.1854,1.00,1.00,12,1,0.0949,12,100.0,1.00,0.0380,0,1,2.2886,0.92,0.75
245,1,OVERLOAD,12,401.99,356.73,18692.9029,1.00,1.00,12,2,0.0944,12,100.0,1.00,0.0380,0,1,2.2884,1.00,0.58
246,1,OVERLOAD,12,400.99,356.77,16207.8742,1.00,1.00,12,1,0.0952,12,100.0,1.00,0.0380,0,1,2.2889,1.00,0.58
247,1,OVERLOAD,12,403.99,365.86,16666.6046,1.00,1.00,12,0,0.0959,12,100.0,1.00,0.0380,0,1,2.2894,1.00,0.58
248,1,OVERLOAD,12,399.99,375.07,17589.3798,1.00,1.00,12,0,0.0997,12,100.0,1.00,0.0380,0,1,2.2897,0.92,0.58
249,1,LINE_FAULT,12,304.50,373.88,1103473.6658,0.00,1.00,12,0,0.4167,12,100.0,1.00,0.0565,0,12,0.0000,0.00,0.08
250,1,LINE_FAULT,12,307.41,373.84,248747.7470,0.00,1.00,12,0,0.4167,12,100.0,1.00,0.0566,0,12,0.0000,0.00,0.08
251,1,OVERLOAD,12,396.79,373.14,17495.4185,1.00,1.00,12,0,0.0993,12,100.0,1.00,0.0380,0,1,2.2908,0.83,0.50
252,1,LINE_FAULT,12,304.50,372.28,464146.5315,0.00,1.00,12,0,0.4167,12,100.0,1.00,0.0565,0,12,0.0000,0.00,0.08
253,1,OVERLOAD,12,400.79,371.99,18067.2764,1.00,1.00,12,0,0.0978,12,100.0,1.00,0.0380,0,1,2.2908,0.92,0.67
254,1,OVERLOAD,12,401.99,372.29,15903.3437,1.00,1.00,12,1,0.0919,12,100.0,1.00,0.0380,0,1,2.2904,1.00,0.50
255,1,OVERLOAD,12,401.99,372.29,16126.9091,1.00,1.00,12,0,0.1002,12,100.0,1.00,0.0380,0,1,2.2891,0.92,0.75
256,1,OVERLOAD,12,401.99,372.39,15662.6823,1.00,1.00,12,2,0.0992,12,100.0,1.00,0.0380,0,1,2.2883,0.83,0.67
257,1,LINE_FAULT,12,313.13,363.31,3919365.7108,0.00,1.00,12,0,0.4167,12,100.0,1.00,0.0781,0,12,0.0000,0.00,0.08
258,1,LINE_FAULT,12,314.50,354.76,703757.1566,0.00,1.00,12,0,0.4167,12,100.0,1.00,0.0781,0,12,0.0000,0.00,0.08
259,1,OVERLOAD,12,403.61,364.67,16713.6780,1.00,1.00,12,1,0.0995,12,100.0,1.00,0.0380,0,1,2.2912,0.92,0.67
260,1,LINE_FAULT,12,304.50,364.38,261861.3510,0.00,1.00,12,0,0.4167,12,100.0,1.00,0.0565,0,12,0.0000,0.00,0.08
261,1,OVERLOAD,12,401.79,364.88,15325.9104,1.00,1.00,12,0,0.0963,12,100.0,1.00,0.0380,0,1,2.2928,0.92,0.67
262,1,OVERLOAD,12,401.99,374.63,16142.1924,1.00,1.00,12,0,0.0939,12,100.0,1.00,0.0380,0,1,2.2926,1.00,0.58
263,1,LINE_FAULT,12,313.13,365.86,5250690.0983,0.00,1.00,12,0,0.4167,12,100.0,1.00,0.0781,0,12,0.0000,0.00,0.08
264,1,OVERLOAD,12,404.61,366.12,16156.1807,1.00,1.00,12,0,0.1000,12,100.0,1.00,0.0380,0,1,2.2917,1.00,0.58
265,1,LINE_FAULT,12,304.50,356.38,39350.7092,0.00,1.00,12,0,0.4167,12,100.0,1.00,0.0565,0,12,0.0000,0.00,0.08
266,1,OVERLOAD,12,402.79,356.46,16171.2786,1.00,1.00,12,0,0.0967,12,100.0,1.00,0.0380,0,1,2.2912,1.00,0.58
267,1,OVERLOAD,12,398.99,365.04,16245.3037,1.00,1.00,12,1,0.0994,12,100.0,1.00,0.0380,0,1,2.2913,0.75,0.50
268,1,OVERLOAD,12,401.99,373.79,15042.8975,1.00,1.00,12,1,0.1013,12,100.0,1.00,0.0380,0,1,2.2926,0.92,0.67
269,1,LINE_FAULT,12,313.13,364.74,14116833.5972,0.00,1.00,12,0,0.4167,12,100.0,1.00,0.0781,0,12,0.0000,0.00,0.08
270,1,OVERLOAD,12,404.61,374.75,16696.0265,1.00,1.00,12,1,0.0976,12,100.0,1.00,0.0380,0,1,2.2932,0.92,0.67
271,1,LINE_FAULT,12,313.13,365.89,6129397.5354,0.00,1.00,12,0,0.4167,12,100.0,1.00,0.0781,0,12,0.0000,0.00,0.08
272,1,LINE_FAULT,12,307.81,356.47,44848.6773,0.00,1.00,12,0,0.4167,12,100.0,1.00,0.0566,0,12,0.0000,0.00,0.08
273,1,LINE_FAULT,12,316.44,356.80,26591.5831,0.00,1.00,12,0,0.4167,12,100.0,1.00,0.0780,0,12,0.0000,0.00,0.08
274,1,LINE_FAULT,12,314.50,347.79,17089.9071,0.00,1.00,12,0,0.4167,12,100.0,1.00,0.0781,0,12,0.0000,0.00,0.08
275,1,OVERLOAD,12,403.63,357.70,15411.5337,1.00,1.00,12,2,0.0965,12,100.0,1.00,0.0380,0,1,2.2933,1.00,0.67
276,1,OVERLOAD,12,401.99,357.62,16149.4460,1.00,1.00,12,1,0.1011,12,100.0,1.00,0.0380,0,1,2.2931,0.67,0.58
277,1,LINE_FAULT,12,313.13,349.04,45246.7820,0.00,1.00,12,0,0.4167,12,100.0,1.00,0.0781,0,12,0.0000,0.00,0.08
278,1,OVERLOAD,12,404.61,349.30,16644.5645,1.00,1.00,12,2,0.1010,12,100.0,1.00,0.0380,0,1,2.2931,0.67,0.50
279,1,OVERLOAD,12,401.99,358.18,16247.7003,1.00,1.00,12,2,0.1028,12,100.0,1.00,0.0380,0,1,2.2933,0.75,0.67
280,1,LINE_FAULT,12,304.50,348.17,15372.9733,0.00,1.00,12,0,0.4167,12,100.0,1.00,0.0565,0,12,0.0000,0.00,0.08
281,1,OVERLOAD,12,400.82,356.94,15430.6351,1.00,1.00,12,1,0.1021,12,100.0,1.00,0.0380,0,1,2.2939,0.92,0.50
282,1,LINE_FAULT,12,313.13,357.47,10168.6175,0.00,1.00,12,0,0.4167,12,100.0,1.00,0.0781,0,12,0.0000,0.00,0.08
283,1,LINE_FAULT,12,314.50,357.28,9552.2849,0.00,1.00,12,0,0.4167,12,100.0,1.00,0.0781,0,12,0.0000,0.00,0.08
284,1,LINE_FAULT,12,314.50,357.28,7863.1320,0.00,1.00,12,0,0.4167,12,100.0,1.00,0.0781,0,12,0.0000,0.00,0.08
285,1,OVERLOAD,12,403.61,357.28,15549.1468,1.00,1.00,12,2,0.1014,12,100.0,1.00,0.0380,0,1,2.2935,0.75,0.58
286,1,LINE_FAULT,12,304.50,347.53,7814.8345,0.00,1.00,12,0,0.4167,12,100.0,1.00,0.0565,0,12,0.0000,0.00,0.08
287,1,OVERLOAD,12,403.79,356.60,13864.9733,1.00,1.00,12,0,0.1044,12,100.0,1.00,0.0380,0,1,2.2935,0.83,0.75
288,1,LINE_FAULT,12,313.13,347.45,8681.8213,0.00,1.00,12,0,0.4167,12,100.0,1.00,0.0781,0,12,0.0000,0.00,0.08
289,1,OVERLOAD,12,401.61,347.41,15126.9919,1.00,1.00,12,2,0.0978,12,100.0,1.00,0.0380,0,1,2.2932,0.92,0.67
290,1,OVERLOAD,12,403.99,357.36,14409.7379,1.00,1.00,12,1,0.1036,12,100.0,1.00,0.0380,0,1,2.2932,0.83,0.67
291,1,LINE_FAULT,12,304.50,347.73,8785.4603,0.00,1.00,12,0,0.4167,12,100.0,1.00,0.0565,0,12,0.0000,0.00,0.08
292,1,OVERLOAD,12,403.82,356.80,14234.3674,1.00,1.00,12,0,0.1012,12,100.0,1.00,0.0380,0,1,2.2928,0.92,0.67
293,1,LINE_FAULT,12,313.13,356.66,10218.5503,0.00,1.00,12,0,0.4167,12,100.0,1.00,0.0781,0,12,0.0000,0.00,0.08
294,1,LINE_FAULT,12,307.81,355.99,11459.5159,0.00,1.00,12,0,0.4167,12,100.0,1.00,0.0566,0,12,0.0000,0.00,0.08
295,1,LINE_FAULT,12,316.44,347.27,8036.7782,0.00,1.00,12,0,0.4167,12,100.0,1.00,0.0780,0,12,0.0000,0.00,0.08
296,1,OVERLOAD,12,397.61,356.58,13717.6108,1.00,1.00,12,2,0.0953,12,100.0,1.00,0.0380,0,1,2.2930,0.92,0.50
297,1,LINE_FAULT,12,313.13,347.52,8013.0632,0.00,1.00,12,0,0.4167,12,100.0,1.00,0.0781,0,12,0.0000,0.00,0.08
298,1,OVERLOAD,12,400.61,356.27,13537.0387,1.00,1.00,12,0,0.0983,12,100.0,1.00,0.0380,0,1,2.2927,0.92,0.50
299,1,OVERLOAD,12,398.99,356.00,14036.5205,1.00,1.00,12,2,0.0983,12,100.0,1.00,0.0380,0,1,2.2926,0.83,0.67
300,1,LINE_FAULT,12,313.13,346.92,9420.5384,0.00,1.00,12,0,0.4167,12,100.0,1.00,0.0781,0,12,0.0000,0.00,0.08
301,1,OVERLOAD,12,400.61,356.53,13325.6546,1.00,1.00,12,0,0.1033,12,100.0,1.00,0.0380,0,1,2.2926,0.67,0.58
302,1,LINE_FAULT,12,304.50,346.60,9914.2070,0.00,1.00,12,0,0.4167,12,100.0,1.00,0.0565,0,12,0.0000,0.00,0.08
303,1,OVERLOAD,12,402.79,355.56,13642.3919,1.00,1.00,12,1,0.0967,12,100.0,1.00,0.0380,0,1,2.2927,1.00,0.75
304,1,OVERLOAD,12,399.99,364.78,14048.5787,1.00,1.00,12,0,0.1032,12,100.0,1.00,0.0380,0,1,2.2926,0.75,0.42
305,1,OVERLOAD,12,399.99,373.14,12041.5949,1.00,1.00,12,0,0.0963,12,100.0,1.00,0.0380,0,1,2.2923,1.00,0.67
306,1,OVERLOAD,12,398.99,373.27,13220.4835,1.00,1.00,12,0,0.0951,12,100.0,1.00,0.0380,0,1,2.2916,1.00,0.67
307,1,LINE_FAULT,12,304.50,372.41,8293.3245,0.00,1.00,12,0,0.4167,12,100.0,1.00,0.0565,0,12,0.0000,0.00,0.08
308,1,LINE_FAULT,12,307.41,363.09,7159.2200,0.00,1.00,12,0,0.4167,12,100.0,1.00,0.0566,0,12,0.0000,0.00,0.08
309,1,LINE_FAULT,12,307.41,353.93,7512.3993,0.00,1.00,12,0,0.4167,12,100.0,1.00,0.0566,0,12,0.0000,0.00,0.08
310,1,OVERLOAD,12,402.79,362.90,12427.1886,1.00,1.00,12,1,0.0984,12,100.0,1.00,0.0380,0,1,2.2906,0.92,0.75
311,1,OVERLOAD,12,401.99,363.04,12861.5828,1.00,1.00,12,2,0.0936,12,100.0,1.00,0.0380,0,1,2.2909,0.92,0.58
312,1,LINE_FAULT,12,304.50,363.04,7800.6837,0.00,1.00,12,0,0.4167,12,100.0,1.00,0.0565,0,12,0.0000,0.00,0.08
313,1,OVERLOAD,12,402.82,363.04,13893.6374,1.00,1.00,12,0,0.1023,12,100.0,1.00,0.0380,0,1,2.2909,0.83,0.67
314,1,OVERLOAD,12,401.99,363.24,13750.4106,1.00,1.00,12,2,0.0974,12,100.0,1.00,0.0380,0,1,2.2911,0.75,0.75
315,1,OVERLOAD,12,398.99,363.14,12527.1433,1.00,1.00,12,1,0.0999,12,100.0,1.00,0.0380,0,1,2.2920,0.83,0.67
316,1,LINE_FAULT,12,313.13,354.55,8397.7546,0.00,1.00,12,0,0.4167,12,100.0,1.00,0.0781,0,12,0.0000,0.00,0.08
317,1,LINE_FAULT,12,307.81,354.88,7797.7303,0.00,1.00,12,0,0.4167,12,100.0,1.00,0.0566,0,12,0.0000,0.00,0.08
318,1,LINE_FAULT,12,316.44,355.79,10815.3013,0.00,1.00,12,0,0.4167,12,100.0,1.00,0.0780,0,12,0.0000,0.00,0.08
319,1,LINE_FAULT,12,307.81,355.83,7581.3070,0.00,1.00,12,0,0.4167,12,100.0,1.00,0.0566,0,12,0.0000,0.00,0.08
320,1,OVERLOAD,12,399.79,355.53,12420.4748,1.00,1.00,12,1,0.1018,12,100.0,1.00,0.0380,0,1,2.2927,0.92,0.58
321,1,LINE_FAULT,12,313.13,346.64,8959.6163,0.00,1.00,12,0,0.4167,12,100.0,1.00,0.0781,0,12,0.0000,0.00,0.08
322,1,OVERLOAD,12,397.61,355.95,11675.3311,1.00,1.00,12,0,0.1047,12,100.0,1.00,0.0380,0,1,2.2929,0.75,0.67
323,1,LINE_FAULT,12,313.13,346.98,11965.1071,0.00,1.00,12,0,0.4167,12,100.0,1.00,0.0781,0,12,0.0000,0.00,0.08
324,1,LINE_FAULT,12,314.50,338.23,7441.8099,0.00,1.00,12,0,0.4167,12,100.0,1.00,0.0781,0,12,0.0000,0.00,0.08
325,1,LINE_FAULT,12,314.50,329.78,7711.6892,0.00,1.00,12,0,0.4167,12,100.0,1.00,0.0781,0,12,0.0000,0.00,0.08
326,1,OVERLOAD,12,403.61,338.83,11112.4475,1.00,1.00,12,0,0.1046,12,100.0,1.00,0.0380,0,1,2.2926,0.83,0.58
327,1,LINE_FAULT,12,304.50,338.50,8931.2117,0.00,1.00,12,0,0.4167,12,100.0,1.00,0.0565,0,12,0.0000,0.00,0.08
328,1,LINE_FAULT,12,307.41,337.60,8979.8427,0.00,1.00,12,0,0.4167,12,100.0,1.00,0.0566,0,12,0.0000,0.00,0.08
329,1,LINE_FAULT,12,307.41,337.56,7407.6731,0.00,1.00,12,0,0.4167,12,100.0,1.00,0.0566,0,12,0.0000,0.00,0.08
330,1,LINE_FAULT,12,307.41,328.32,7667.6822,0.00,1.00,12,0,0.4167,12,100.0,1.00,0.0566,0,12,0.0000,0.00,0.08
331,1,OVERLOAD,12,402.79,337.29,12709.9390,1.00,1.00,12,3,0.0973,12,100.0,1.00,0.0380,0,1,2.2925,0.83,0.58
332,1,OVERLOAD,12,399.99,337.52,13345.5888,1.00,1.00,12,1,0.0949,12,100.0,1.00,0.0380,0,1,2.2924,0.75,0.58
333,1,LINE_FAULT,12,313.13,337.52,15910.8982,0.00,1.00,12,0,0.4167,12,100.0,1.00,0.0781,0,12,0.0000,0.00,0.08
334,1,OVERLOAD,12,405.61,346.64,12669.1251,1.00,0.92,11,0,0.0953,11,100.0,0.92,0.0380,0,1,2.2918,1.00,0.67
335,1,LINE_FAULT,12,304.50,345.64,10164.0863,0.00,1.00,12,0,0.4167,12,100.0,1.00,0.0565,0,12,0.0000,0.00,0.08
336,1,LINE_FAULT,12,316.44,336.92,13005.9217,0.00,1.00,12,0,0.4167,12,100.0,1.00,0.0780,0,12,0.0000,0.00,0.08
337,1,LINE_FAULT,12,307.81,337.25,11142.2250,0.00,1.00,12,0,0.4167,12,100.0,1.00,0.0566,0,12,0.0000,0.00,0.08
338,1,LINE_FAULT,12,307.41,337.25,7492.4645,0.00,1.00,12,0,0.4167,12,100.0,1.00,0.0566,0,12,0.0000,0.00,0.08
339,1,LINE_FAULT,12,316.44,338.15,12075.9594,0.00,1.00,12,0,0.4167,12,100.0,1.00,0.0780,0,12,0.0000,0.00,0.08
340,1,LINE_FAULT,12,314.50,338.86,9329.1582,0.00,1.00,12,0,0.4167,12,100.0,1.00,0.0781,0,12,0.0000,0.00,0.08
341,1,LINE_FAULT,12,307.81,329.36,8447.0321,0.00,1.00,12,0,0.4167,12,100.0,1.00,0.0566,0,12,0.0000,0.00,0.08
342,1,LINE_FAULT,12,307.41,320.11,7868.4575,0.00,1.00,12,0,0.4167,12,100.0,1.00,0.0566,0,12,0.0000,0.00,0.08
343,1,OVERLOAD,12,379.04,326.70,6815741657087.9668,1.00,0.92,11,0,0.4220,11,100.0,0.92,0.0523,0,1,0.1788,0.08,0.17
344,1,OVERLOAD,12,433.83,329.52,42441.2566,1.00,0.75,9,0,0.0960,9,100.0,0.75,0.0378,0,1,2.2932,0.83,0.75
345,1,OVERLOAD,12,399.03,338.97,47706.4145,1.00,1.00,12,2,0.0947,12,100.0,1.00,0.0380,0,1,2.2920,0.75,0.50
346,1,OVERLOAD,12,401.99,347.53,56260.9782,1.00,1.00,12,2,0.0977,12,100.0,1.00,0.0380,0,1,2.2918,0.75,0.67
347,1,LINE_FAULT,12,313.13,348.06,2358593316.3508,0.00,1.00,12,0,0.4167,12,100.0,1.00,0.0781,0,12,0.0000,0.00,0.08
348,1,OVERLOAD,12,401.61,357.48,61075.0533,1.00,1.00,12,0,0.0970,12,100.0,1.00,0.0380,0,1,2.2931,0.92,0.58
349,1,LINE_FAULT,12,304.50,356.28,2982392512.3218,0.00,1.00,12,0,0.4167,12,100.0,1.00,0.0565,0,12,0.0000,0.00,0.08
350,1,OVERLOAD,12,400.79,364.91,56297.0975,1.00,1.00,12,0,0.0996,12,100.0,1.00,0.0380,0,1,2.2931,0.75,0.58
351,1,LINE_FAULT,12,313.13,365.45,1519025677.3390,0.00,1.00,12,0,0.4167,12,100.0,1.00,0.0781,0,12,0.0000,0.00,0.08
352,1,LINE_FAULT,12,307.81,365.49,191391841.0972,0.00,1.00,12,0,0.4167,12,100.0,1.00,0.0566,0,12,0.0000,0.00,0.08
353,1,LINE_FAULT,12,307.41,358.32,25432349.1281,0.00,1.00,12,0,0.4167,12,100.0,1.00,0.0566,0,12,0.0000,0.00,0.08
354,1,LINE_FAULT,12,316.44,346.58,507682858.3390,0.00,1.00,12,0,0.4167,12,100.0,1.00,0.0780,0,12,0.0000,0.00,0.08
355,1,OVERLOAD,12,403.61,347.04,57244.8579,1.00,1.00,12,0,0.1038,12,100.0,1.00,0.0380,0,1,2.2926,0.83,0.58
356,1,LINE_FAULT,12,304.50,337.29,24039952.6427,0.00,1.00,12,0,0.4167,12,100.0,1.00,0.0565,0,12,0.0000,0.00,0.08
357,1,LINE_FAULT,12,307.41,336.72,5525069.2162,0.00,1.00,12,0,0.4167,12,100.0,1.00,0.0566,0,12,0.0000,0.00,0.08
358,1,OVERLOAD,12,402.79,336.84,57148.2611,1.00,1.00,12,1,0.1058,12,100.0,1.00,0.0380,0,1,2.2923,0.75,0.50
359,1,OVERLOAD,12,398.99,346.29,52742.8670,1.00,1.00,12,1,0.1021,12,100.0,1.00,0.0380,0,1,2.2928,0.75,0.58
360,1,OVERLOAD,12,402.99,346.51,56005.4419,1.00,1.00,12,1,0.1006,12,100.0,1.00,0.0380,0,1,2.2927,0.75,0.58
361,1,OVERLOAD,12,397.99,354.99,50268.7608,1.00,1.00,12,0,0.0980,12,100.0,1.00,0.0380,0,1,2.2930,0.92,0.58
362,1,LINE_FAULT,12,304.50,354.66,1933827.9555,0.00,1.00,12,0,0.4167,12,100.0,1.00,0.0565,0,12,0.0000,0.00,0.08
363,1,LINE_FAULT,12,316.44,355.57,439860221.8266,0.00,1.00,12,0,0.4167,12,100.0,1.00,0.0780,0,12,0.0000,0.00,0.08
364,1,OVERLOAD,12,401.61,364.08,54007.9320,1.00,1.00,12,1,0.0987,12,100.0,1.00,0.0380,0,1,2.2928,0.92,0.58
365,1,LINE_FAULT,12,313.13,355.04,95651678.2904,0.00,1.00,12,0,0.4167,12,100.0,1.00,0.0781,0,12,0.0000,0.00,0.08
366,1,LINE_FAULT,12,307.81,355.37,22135603.1789,0.00,1.00,12,0,0.4167,12,100.0,1.00,0.0566,0,12,0.0000,0.00,0.08
367,1,LINE_FAULT,12,307.41,355.37,6133135.0889,0.00,1.00,12,0,0.4167,12,100.0,1.00,0.0566,0,12,0.0000,0.00,0.08
368,1,LINE_FAULT,12,316.44,346.73,6252255.5795,0.00,1.00,12,0,0.4167,12,100.0,1.00,0.0780,0,12,0.0000,0.00,0.08
369,1,LINE_FAULT,12,307.81,337.61,379600.6825,0.00,1.00,12,0,0.4167,12,100.0,1.00,0.0566,0,12,0.0000,0.00,0.08
370,1,LINE_FAULT,12,316.44,328.96,541628.7914,0.00,1.00,12,0,0.4167,12,100.0,1.00,0.0780,0,12,0.0000,0.00,0.08
371,1,OVERLOAD,12,401.61,329.32,52847.2120,1.00,1.00,12,2,0.0933,12,100.0,1.00,0.0380,0,1,2.2936,1.00,0.50
372,1,LINE_FAULT,12,304.50,329.32,153146.3007,0.00,1.00,12,0,0.4167,12,100.0,1.00,0.0565,0,12,0.0000,0.00,0.08
373,1,LINE_FAULT,12,316.44,329.32,116959.3657,0.00,1.00,12,0,0.4167,12,100.0,1.00,0.0780,0,12,0.0000,0.00,0.08
374,1,LINE_FAULT,12,314.50,320.61,20975.9963,0.00,1.00,12,0,0.4167,12,100.0,1.00,0.0781,0,12,0.0000,0.00,0.08
375,1,OVERLOAD,12,401.61,329.46,53202.3919,1.00,1.00,12,0,0.0988,12,100.0,1.00,0.0380,0,1,2.2929,0.92,0.58
376,1,OVERLOAD,12,401.99,338.87,53432.2056,1.00,1.00,12,0,0.0999,12,100.0,1.00,0.0380,0,1,2.2933,0.92,0.58
377,1,LINE_FAULT,12,313.13,339.45,21743.5463,0.00,1.00,12,0,0.4167,12,100.0,1.00,0.0781,0,12,0.0000,0.00,0.08
378,1,OVERLOAD,12,400.61,347.86,49574.4194,1.00,1.00,12,0,0.1032,12,100.0,1.00,0.0380,0,1,2.2945,0.83,0.58
379,1,OVERLOAD,12,401.99,357.28,54201.8625,1.00,1.00,12,0,0.1007,12,100.0,1.00,0.0380,0,1,2.2946,0.92,0.67
380,1,LINE_FAULT,12,313.13,356.95,8469.4183,0.00,1.00,12,0,0.4167,12,100.0,1.00,0.0781,0,12,0.0000,0.00,0.08
381,1,LINE_FAULT,12,307.81,347.57,185663.3547,0.00,1.00,12,0,0.4167,12,100.0,1.00,0.0566,0,12,0.0000,0.00,0.08
382,1,OVERLOAD,12,402.79,357.40,49026.9024,1.00,1.00,12,2,0.1013,12,100.0,1.00,0.0380,0,1,2.2946,0.92,0.50
383,1,LINE_FAULT,12,304.50,356.21,148223.8260,0.00,1.00,12,0,0.4167,12,100.0,1.00,0.0565,0,12,0.0000,0.00,0.08
384,1,LINE_FAULT,12,307.41,355.50,36561.7301,0.00,1.00,12,0,0.4167,12,100.0,1.00,0.0566,0,12,0.0000,0.00,0.08
385,1,LINE_FAULT,12,316.44,346.98,3953722.9029,0.00,1.00,12,0,0.4167,12,100.0,1.00,0.0780,0,12,0.0000,0.00,0.08
386,1,LINE_FAULT,12,314.50,338.23,507407.8258,0.00,1.00,12,0,0.4167,12,100.0,1.00,0.0781,0,12,0.0000,0.00,0.08
387,1,OVERLOAD,12,404.61,347.38,51255.7936,1.00,1.00,12,2,0.1023,12,100.0,1.00,0.0380,0,1,2.2940,0.83,0.67
388,1,LINE_FAULT,12,304.50,337.77,9839.9213,0.00,1.00,12,0,0.4167,12,100.0,1.00,0.0565,0,12,0.0000,0.00,0.08
389,1,OVERLOAD,12,396.79,337.25,50609.1766,1.00,1.00,12,0,0.1041,12,100.0,1.00,0.0380,0,1,2.2945,0.58,0.50
390,1,OVERLOAD,12,395.99,345.53,48178.8355,1.00,1.00,12,1,0.1018,12,100.0,1.00,0.0380,0,1,2.2950,0.75,0.50
391,1,LINE_FAULT,12,304.50,345.20,19160.6058,0.00,1.00,12,0,0.4167,12,100.0,1.00,0.0565,0,12,0.0000,0.00,0.08
392,1,OVERLOAD,12,402.82,345.21,49312.7488,1.00,1.00,12,1,0.1006,12,100.0,1.00,0.0380,0,1,2.2951,0.92,0.67
393,1,OVERLOAD,12,401.99,354.96,46061.8847,1.00,1.00,12,2,0.0973,12,100.0,1.00,0.0380,0,1,2.2950,0.92,0.75
394,1,LINE_FAULT,12,304.50,354.66,11309.2921,0.00,1.00,12,0,0.4167,12,100.0,1.00,0.0565,0,12,0.0000,0.00,0.08
395,1,OVERLOAD,12,399.79,363.00,44330.5435,1.00,1.00,12,1,0.0963,12,100.0,1.00,0.0380,0,1,2.2948,0.83,0.50
396,1,OVERLOAD,12,403.99,371.95,47914.1675,1.00,1.00,12,0,0.0976,12,100.0,1.00,0.0380,0,1,2.2946,1.00,0.58
397,1,LINE_FAULT,12,313.13,362.80,796759.6320,0.00,1.00,12,0,0.4167,12,100.0,1.00,0.0781,0,12,0.0000,0.00,0.08
398,1,OVERLOAD,12,404.61,372.81,50142.7395,1.00,1.00,12,0,0.1031,12,100.0,1.00,0.0380,0,1,2.2948,0.83,0.58
399,1,OVERLOAD,12,401.99,373.33,46634.1863,1.00,1.00,12,1,0.1023,12,100.0,1.00,0.0380,0,1,2.2951,0.83,0.67
400,1,LINE_FAULT,12,304.50,364.18,6991.7185,0.00,1.00,12,0,0.4167,12,100.0,1.00,0.0565,0,12,0.0000,0.00,0.08
401,1,OVERLOAD,12,400.79,373.81,42457.7700,1.00,1.00,12,1,0.1018,12,100.0,1.00,0.0380,0,1,2.2953,0.92,0.67
402,1,OVERLOAD,12,399.99,373.53,45524.9943,1.00,1.00,12,1,0.1027,12,100.0,1.00,0.0380,0,1,2.2952,0.92,0.75
403,1,OVERLOAD,12,401.99,373.53,45034.4364,1.00,1.00,12,1,0.0997,12,100.0,1.00,0.0380,0,1,2.2950,0.92,0.50
404,1,OVERLOAD,12,398.99,382.98,43622.5619,1.00,1.00,12,0,0.1011,12,100.0,1.00,0.0380,0,1,2.2949,0.92,0.75
405,1,OVERLOAD,12,399.99,383.00,44899.3652,1.00,1.00,12,1,0.0985,12,100.0,1.00,0.0380,0,1,2.2951,0.83,0.75
406,1,OVERLOAD,12,398.99,382.50,42257.3616,1.00,1.00,12,0,0.1039,12,100.0,1.00,0.0380,0,1,2.2952,0.75,0.42
407,1,LINE_FAULT,12,304.50,381.63,8314.6010,0.00,1.00,12,0,0.4167,12,100.0,1.00,0.0565,0,12,0.0000,0.00,0.08
408,1,OVERLOAD,12,401.79,381.35,42901.1730,1.00,1.00,12,1,0.1031,12,100.0,1.00,0.0380,0,1,2.2954,0.92,0.58
409,1,LINE_FAULT,12,313.13,372.47,321082.9433,0.00,1.00,12,0,0.4167,12,100.0,1.00,0.0781,0,12,0.0000,0.00,0.08
410,1,OVERLOAD,12,404.61,382.48,42752.2833,1.00,1.00,12,1,0.0988,12,100.0,1.00,0.0380,0,1,2.2953,1.00,0.67
411,1,LINE_FAULT,12,304.50,372.85,7965.7193,0.00,1.00,12,0,0.4167,12,100.0,1.00,0.0565,0,12,0.0000,0.00,0.08
412,1,OVERLOAD,12,402.79,373.13,43154.6633,1.00,1.00,12,0,0.1016,12,100.0,1.00,0.0380,0,1,2.2948,0.92,0.67
413,1,OVERLOAD,12,401.99,373.13,41787.4440,1.00,1.00,12,0,0.0999,12,100.0,1.00,0.0380,0,1,2.2944,1.00,0.58
414,1,LINE_FAULT,12,313.13,364.54,1080516.7349,0.00,1.00,12,0,0.4167,12,100.0,1.00,0.0781,0,12,0.0000,0.00,0.08
415,1,OVERLOAD,12,403.61,364.91,40073.3412,1.00,1.00,12,1,0.0977,12,100.0,1.00,0.0380,0,1,2.2940,0.75,0.58
416,1,OVERLOAD,12,398.99,364.91,40289.5603,1.00,1.00,12,0,0.1004,12,100.0,1.00,0.0380,0,1,2.2943,0.83,0.58
417,1,OVERLOAD,12,399.99,374.45,40960.1260,1.00,1.00,12,0,0.1024,12,100.0,1.00,0.0380,0,1,2.2948,0.83,0.50
418,1,OVERLOAD,12,401.99,374.47,41370.1371,1.00,1.00,12,2,0.0977,12,100.0,1.00,0.0380,0,1,2.2950,0.92,0.58
419,1,LINE_FAULT,12,304.50,373.61,4631203.7353,0.00,1.00,12,0,0.4167,12,100.0,1.00,0.0565,0,12,0.0000,0.00,0.08
420,1,OVERLOAD,12,403.79,373.53,41440.0971,1.00,1.00,12,2,0.0945,12,100.0,1.00,0.0380,0,1,2.2946,1.00,0.58
421,1,LINE_FAULT,12,313.13,374.39,708756.1942,0.00,1.00,12,0,0.4167,12,100.0,1.00,0.0781,0,12,0.0000,0.00,0.08
422,1,LINE_FAULT,12,307.81,364.89,1428556.3057,0.00,1.00,12,0,0.4167,12,100.0,1.00,0.0566,0,12,0.0000,0.00,0.08
423,1,LINE_FAULT,12,307.41,355.44,248128.5351,0.00,1.00,12,0,0.4167,12,100.0,1.00,0.0566,0,12,0.0000,0.00,0.08
424,1,LINE_FAULT,12,307.41,354.86,80654.9026,0.00,1.00,12,0,0.4167,12,100.0,1.00,0.0566,0,12,0.0000,0.00,0.08
425,1,OVERLOAD,12,396.79,354.18,42009.7793,1.00,1.00,12,0,0.0971,12,100.0,1.00,0.0380,0,1,2.2938,0.92,0.58
426,1,LINE_FAULT,12,304.50,344.73,16793.2799,0.00,1.00,12,0,0.4167,12,100.0,1.00,0.0565,0,12,0.0000,0.00,0.08
427,1,LINE_FAULT,12,316.44,336.38,498779.2712,0.00,1.00,12,0,0.4167,12,100.0,1.00,0.0780,0,12,0.0000,0.00,0.08
428,1,LINE_FAULT,12,307.81,326.96,10868.0585,0.00,1.00,12,0,0.4167,12,100.0,1.00,0.0566,0,12,0.0000,0.00,0.08
429,1,LINE_FAULT,12,316.44,328.15,105910.9462,0.00,1.00,12,0,0.4167,12,100.0,1.00,0.0780,0,12,0.0000,0.00,0.08
430,1,OVERLOAD,12,404.61,328.23,42977.9602,1.00,1.00,12,3,0.0930,12,100.0,1.00,0.0380,0,1,2.2943,1.00,0.67
431,1,LINE_FAULT,12,313.13,328.23,9754.6926,0.00,1.00,12,0,0.4167,12,100.0,1.00,0.0781,0,12,0.0000,0.00,0.08
432,1,LINE_FAULT,12,314.50,328.90,7741.8529,0.00,1.00,12,0,0.4167,12,100.0,1.00,0.0781,0,12,0.0000,0.00,0.08
433,1,LINE_FAULT,12,314.50,329.61,7818.9493,0.00,1.00,12,0,0.4167,12,100.0,1.00,0.0781,0,12,0.0000,0.00,0.08
434,1,OVERLOAD,12,400.61,338.93,38109.0533,1.00,1.00,12,1,0.0989,12,100.0,1.00,0.0380,0,1,2.2942,0.92,0.58
435,1,OVERLOAD,12,398.99,339.15,40131.2381,1.00,1.00,12,1,0.0973,12,100.0,1.00,0.0380,0,1,2.2940,0.58,0.67
436,1,OVERLOAD,12,402.99,349.00,43605.5677,1.00,1.00,12,1,0.0997,12,100.0,1.00,0.0380,0,1,2.2946,0.83,0.58
437,1,LINE_FAULT,12,313.13,348.67,6972.5986,0.00,1.00,12,0,0.4167,12,100.0,1.00,0.0781,0,12,0.0000,0.00,0.08
438,1,LINE_FAULT,12,307.81,348.67,17547.6226,0.00,1.00,12,0,0.4167,12,100.0,1.00,0.0566,0,12,0.0000,0.00,0.08
439,1,LINE_FAULT,12,316.44,348.67,9387.1753,0.00,1.00,12,0,0.4167,12,100.0,1.00,0.0780,0,12,0.0000,0.00,0.08
440,1,OVERLOAD,12,405.61,348.77,40453.3976,1.00,1.00,12,0,0.1074,12,100.0,1.00,0.0380,0,1,2.2954,0.83,0.67
441,1,OVERLOAD,12,399.99,357.46,38901.2571,1.00,1.00,12,1,0.1010,12,100.0,1.00,0.0380,0,1,2.2953,0.75,0.67
442,1,OVERLOAD,12,399.99,366.01,38585.5395,1.00,1.00,12,1,0.1031,12,100.0,1.00,0.0380,0,1,2.2949,0.92,0.67
443,1,LINE_FAULT,12,304.50,365.01,58107.9607,0.00,1.00,12,0,0.4167,12,100.0,1.00,0.0565,0,12,0.0000,0.00,0.08
444,1,OVERLOAD,12,404.79,365.42,40717.8439,1.00,1.00,12,2,0.1001,12,100.0,1.00,0.0380,0,1,2.2940,0.83,0.67
445,1,OVERLOAD,12,398.99,365.42,40011.8645,1.00,1.00,12,2,0.0966,12,100.0,1.00,0.0380,0,1,2.2942,0.75,0.50
446,1,LINE_FAULT,12,304.50,355.58,8899.5758,0.00,1.00,12,0,0.4167,12,100.0,1.00,0.0565,0,12,0.0000,0.00,0.08
447,1,OVERLOAD,12,403.79,364.64,40917.8863,1.00,1.00,12,1,0.0966,12,100.0,1.00,0.0380,0,1,2.2949,0.92,0.58
448,1,LINE_FAULT,12,304.50,364.31,6919.1739,0.00,1.00,12,0,0.4167,12,100.0,1.00,0.0565,0,12,0.0000,0.00,0.08
449,1,LINE_FAULT,12,316.44,364.31,7648.8726,0.00,1.00,12,0,0.4167,12,100.0,1.00,0.0780,0,12,0.0000,0.00,0.08
450,1,OVERLOAD,12,401.61,363.91,40693.7329,1.00,1.00,12,0,0.1008,12,100.0,1.00,0.0380,0,1,2.2954,0.92,0.67
451,1,OVERLOAD,12,401.99,364.11,41925.9557,1.00,1.00,12,2,0.0989,12,100.0,1.00,0.0380,0,1,2.2952,0.92,0.67
452,1,OVERLOAD,12,398.99,364.01,36505.9521,1.00,1.00,12,0,0.0990,12,100.0,1.00,0.0380,0,1,2.2951,0.92,0.67
453,1,OVERLOAD,12,398.99,373.46,36953.1343,1.00,1.00,12,0,0.1021,12,100.0,1.00,0.0380,0,1,2.2951,1.00,0.58
454,1,LINE_FAULT,12,330.13,365.99,8654.4855,0.00,1.00,12,0,1.0000,12,100.0,1.00,0.0781,0,12,0.0015,0.00,0.08
455,1,OVERLOAD,12,403.61,366.46,36762.9506,1.00,1.00,12,0,0.1028,12,100.0,1.00,0.0380,0,1,2.2950,0.92,0.58
456,1,OVERLOAD,12,400.99,376.10,37395.3807,1.00,1.00,12,0,0.1009,12,100.0,1.00,0.0380,0,1,2.2947,1.00,0.50
457,1,LINE_FAULT,12,304.50,366.18,8221.5050,0.00,1.00,12,0,0.4167,12,100.0,1.00,0.0565,0,12,0.0000,0.00,0.08
458,1,OVERLOAD,12,399.82,375.71,38131.4747,1.00,1.00,12,0,0.1003,12,100.0,1.00,0.0380,0,1,2.2946,1.00,0.42
459,1,LINE_FAULT,12,304.50,374.51,7601.5797,0.00,1.00,12,0,0.4167,12,100.0,1.00,0.0565,0,12,0.0000,0.00,0.08
460,1,LINE_FAULT,12,333.44,367.70,8535.2494,0.00,1.00,12,0,1.0000,12,100.0,1.00,0.0780,0,12,0.0000,0.00,0.08
461,1,OVERLOAD,12,405.61,368.06,37116.9513,1.00,1.00,12,2,0.0963,12,100.0,1.00,0.0380,0,1,2.2948,0.92,0.58
462,1,LINE_FAULT,12,330.13,361.17,8091.0600,0.00,1.00,12,0,1.0000,12,100.0,1.00,0.0781,0,12,0.0000,0.00,0.08
463,1,OVERLOAD,12,403.61,361.63,35240.8605,1.00,1.00,12,0,0.1027,12,100.0,1.00,0.0380,0,1,2.2950,0.83,0.50
464,1,LINE_FAULT,12,304.50,359.07,6751.0474,0.00,1.00,12,0,0.4167,12,100.0,1.00,0.0565,0,12,0.0000,0.00,0.08
465,1,OVERLOAD,12,399.79,358.69,35342.9327,1.00,1.00,12,0,0.0996,12,100.0,1.00,0.0380,0,1,2.2949,0.92,0.42
466,1,OVERLOAD,12,398.99,358.49,35150.5913,1.00,1.00,12,0,0.0987,12,100.0,1.00,0.0380,0,1,2.2948,1.00,0.58
467,1,OVERLOAD,12,401.99,368.24,35588.1929,1.00,1.00,12,1,0.1005,12,100.0,1.00,0.0380,0,1,2.2947,0.75,0.58
468,1,LINE_FAULT,12,304.50,358.71,9534.2832,0.00,1.00,12,0,0.4167,12,100.0,1.00,0.0565,0,12,0.0000,0.00,0.08
469,1,LINE_FAULT,12,307.41,359.00,7636.9794,0.00,1.00,12,0,0.4167,12,100.0,1.00,0.0566,0,12,0.0000,0.00,0.08
470,1,OVERLOAD,12,402.79,365.93,40062.9863,1.00,1.00,12,0,0.1013,12,100.0,1.00,0.0380,0,1,2.2945,0.92,0.58
471,1,OVERLOAD,12,398.99,365.27,36993.6603,1.00,1.00,12,1,0.0993,12,100.0,1.00,0.0380,0,1,2.2949,0.92,0.67
472,1,LINE_FAULT,12,330.13,365.27,8312.9979,0.00,1.00,12,0,1.0000,12,100.0,1.00,0.0781,0,12,0.0000,0.00,0.08
473,1,LINE_FAULT,12,331.50,358.06,8188.3258,0.00,1.00,12,0,1.0000,12,100.0,1.00,0.0781,0,12,0.0000,0.00,0.08
474,1,LINE_FAULT,12,331.50,360.76,7706.8191,0.00,1.00,12,0,1.0000,12,100.0,1.00,0.0781,0,12,0.0000,0.00,0.08
475,1,OVERLOAD,12,404.61,361.24,37286.1957,1.00,1.00,12,1,0.1045,12,100.0,1.00,0.0380,0,1,2.2957,0.75,0.67
476,1,OVERLOAD,12,401.99,361.54,34670.4897,1.00,1.00,12,0,0.1012,12,100.0,1.00,0.0380,0,1,2.2954,0.83,0.67
477,1,LINE_FAULT,12,330.13,354.36,9686.8125,0.00,1.00,12,0,1.0000,12,100.0,1.00,0.0781,0,12,0.0000,0.00,0.08
478,1,LINE_FAULT,12,331.50,357.05,9238.6300,0.00,1.00,12,0,1.0000,12,100.0,1.00,0.0781,0,12,0.0000,0.00,0.08
479,1,OVERLOAD,12,403.61,366.68,35520.9074,1.00,1.00,12,0,0.1007,12,100.0,1.00,0.0380,0,1,2.2945,0.83,0.58
480,1,LINE_FAULT,12,304.50,356.85,7021.7589,0.00,1.00,12,0,0.4167,12,100.0,1.00,0.0565,0,12,0.0000,0.00,0.08
481,1,LINE_FAULT,12,307.41,347.69,7789.6598,0.00,1.00,12,0,0.4167,12,100.0,1.00,0.0566,0,12,0.0000,0.00,0.08
482,1,LINE_FAULT,12,307.41,345.42,7689.7737,0.00,1.00,12,0,0.4167,12,100.0,1.00,0.0566,0,12,0.0000,0.00,0.08
483,1,LINE_FAULT,12,307.41,343.01,7778.6924,0.00,1.00,12,0,0.4167,12,100.0,1.00,0.0566,0,12,0.0000,0.00,0.08
484,1,LINE_FAULT,12,307.41,340.60,6927.7826,0.00,1.00,12,0,0.4167,12,100.0,1.00,0.0566,0,12,0.0000,0.00,0.08
485,1,LINE_FAULT,12,333.44,333.48,8569.0828,0.00,1.00,12,0,1.0000,12,100.0,1.00,0.0780,0,12,0.0000,0.00,0.08
486,1,LINE_FAULT,12,307.81,324.06,7183.6159,0.00,1.00,12,0,0.4167,12,100.0,1.00,0.0566,0,12,0.0000,0.00,0.08
487,1,LINE_FAULT,12,333.44,324.39,8358.1461,0.00,1.00,12,0,1.0000,12,100.0,1.00,0.0780,0,12,0.0000,0.00,0.08
488,1,OVERLOAD,12,399.63,331.21,33935.5416,1.00,1.00,12,0,0.0962,12,100.0,1.00,0.0380,0,1,2.2938,0.83,0.50
489,1,LINE_FAULT,12,330.13,323.86,8865.3063,0.00,1.00,12,0,1.0000,12,100.0,1.00,0.0781,0,12,0.0000,0.00,0.08
490,1,LINE_FAULT,12,331.50,326.56,8180.2521,0.00,1.00,12,0,1.0000,12,100.0,1.00,0.0781,0,12,0.0000,0.00,0.08
491,1,OVERLOAD,12,403.61,336.18,35065.5625,1.00,1.00,12,0,0.0976,12,100.0,1.00,0.0380,0,1,2.2933,0.92,0.83
492,1,OVERLOAD,12,401.99,345.64,36697.8655,1.00,1.00,12,0,0.0997,12,100.0,1.00,0.0380,0,1,2.2931,0.83,0.75
493,1,OVERLOAD,12,398.99,354.79,33895.6487,1.00,1.00,12,1,0.0996,12,100.0,1.00,0.0380,0,1,2.2939,0.75,0.58
494,1,LINE_FAULT,12,330.13,357.07,8520.1944,0.00,1.00,12,0,1.0000,12,100.0,1.00,0.0781,0,12,0.0000,0.00,0.08
495,1,OVERLOAD,12,400.61,363.78,34284.6112,1.00,1.00,12,0,0.1013,12,100.0,1.00,0.0380,0,1,2.2950,0.92,0.42
496,1,LINE_FAULT,12,304.50,363.45,8601.1004,0.00,1.00,12,0,0.4167,12,100.0,1.00,0.0565,0,12,0.0000,0.00,0.08
497,1,OVERLOAD,12,409.99,371.11,35574.7646,1.00,0.92,11,1,0.1019,11,100.0,0.92,0.0380,0,1,2.2950,0.83,0.67
498,1,OVERLOAD,12,401.99,371.34,37122.6507,1.00,1.00,12,2,0.0977,12,100.0,1.00,0.0380,0,1,2.2946,1.00,0.67
499,1,OVERLOAD,12,401.99,378.53,33832.5980,1.00,1.00,12,2,0.0980,12,100.0,1.00,0.0380,0,1,2.2945,0.83,0.58
500,1,LINE_FAULT,12,330.13,378.39,8238.9490,0.00,1.00,12,0,1.0000,12,100.0,1.00,0.0781,0,12,0.0000,0.00,0.08
501,1,OVERLOAD,12,404.61,378.49,36990.8108,1.00,1.00,12,2,0.0979,12,100.0,1.00,0.0380,0,1,2.2950,0.92,0.67
502,1,LINE_FAULT,12,304.50,368.74,7337.5090,0.00,1.00,12,0,0.4167,12,100.0,1.00,0.0565,0,12,0.0000,0.00,0.08
503,1,OVERLOAD,12,399.79,368.82,35031.9459,1.00,1.00,12,0,0.1045,12,100.0,1.00,0.0380,0,1,2.2954,0.92,0.50
504,1,OVERLOAD,12,402.99,376.11,36605.4153,1.00,1.00,12,0,0.1032,12,100.0,1.00,0.0380,0,1,2.2954,0.92,0.67
505,1,LINE_FAULT,12,330.13,369.06,7862.1923,0.00,1.00,12,0,1.0000,12,100.0,1.00,0.0781,0,12,0.0000,0.00,0.08
506,1,OVERLOAD,12,448.38,383.45,40122.2642,1.00,0.75,9,1,0.1027,9,100.0,0.75,0.0372,0,1,2.2955,0.83,0.58
507,1,LINE_FAULT,12,304.37,372.89,7698.0263,0.00,1.00,12,0,0.4167,12,100.0,1.00,0.0565,0,12,0.0000,0.00,0.08
508,1,OVERLOAD,12,402.79,372.97,34462.7398,1.00,1.00,12,0,0.0995,12,100.0,1.00,0.0380,0,1,2.2948,1.00,0.50
509,1,OVERLOAD,12,395.99,372.37,32814.4739,1.00,1.00,12,0,0.1009,12,100.0,1.00,0.0380,0,1,2.2942,0.75,0.58
510,1,OVERLOAD,12,401.99,379.55,35161.6155,1.00,1.00,12,1,0.0964,12,100.0,1.00,0.0380,0,1,2.2938,1.00,0.58
511,1,LINE_FAULT,12,304.50,369.54,7734.3996,0.00,1.00,12,0,0.4167,12,100.0,1.00,0.0565,0,12,0.0000,0.00,0.08
512,1,LINE_FAULT,12,333.44,372.44,8030.2466,0.00,1.00,12,0,1.0000,12,100.0,1.00,0.0780,0,12,0.0000,0.00,0.08
513,1,OVERLOAD,12,403.63,372.82,35386.1265,1.00,1.00,12,0,0.0978,12,100.0,1.00,0.0380,0,1,2.2952,1.00,0.58
514,1,OVERLOAD,12,398.99,372.42,33386.4410,1.00,1.00,12,1,0.0986,12,100.0,1.00,0.0380,0,1,2.2957,0.75,0.58
515,1,OVERLOAD,12,407.38,380.15,1728246971.9153,1.00,0.92,11,0,0.1759,11,100.0,0.92,0.0401,0,1,2.1531,0.67,0.58
516,1,LINE_FAULT,12,304.13,365.72,19990344.6768,0.00,1.00,12,0,0.4167,12,100.0,1.00,0.0566,0,12,0.0000,0.00,0.08
517,1,LINE_FAULT,12,333.44,368.63,214605.3077,0.00,1.00,12,0,1.0000,12,100.0,1.00,0.0780,0,12,0.0000,0.00,0.08
518,1,LINE_FAULT,12,331.50,361.50,62446.8858,0.00,1.00,12,0,1.0000,12,100.0,1.00,0.0781,0,12,0.0000,0.00,0.08
519,1,LINE_FAULT,12,307.81,352.68,27174714.5184,0.00,1.00,12,0,0.4167,12,100.0,1.00,0.0566,0,12,0.0000,0.00,0.08
520,1,LINE_FAULT,12,333.44,345.82,150662.0216,0.00,1.00,12,0,1.0000,12,100.0,1.00,0.0780,0,12,0.0000,0.00,0.08
521,1,LINE_FAULT,12,307.81,346.16,9279609.8704,0.00,1.00,12,0,0.4167,12,100.0,1.00,0.0566,0,12,0.0000,0.00,0.08
522,1,LINE_FAULT,12,307.41,343.55,1290142.0550,0.00,1.00,12,0,0.4167,12,100.0,1.00,0.0566,0,12,0.0000,0.00,0.08
523,1,OVERLOAD,12,403.82,343.57,32996.7168,1.00,1.00,12,1,0.1014,12,100.0,1.00,0.0380,0,1,2.2978,0.92,0.67
524,1,OVERLOAD,12,401.99,343.87,32307.4080,1.00,1.00,12,0,0.1037,12,100.0,1.00,0.0380,0,1,2.2978,0.92,0.67
525,1,OVERLOAD,12,398.99,343.03,30457.1729,1.00,1.00,12,0,0.1034,12,100.0,1.00,0.0380,0,1,2.2977,0.83,0.50
526,1,LINE_FAULT,12,304.50,343.07,1358323.8636,0.00,1.00,12,0,0.4167,12,100.0,1.00,0.0565,0,12,0.0000,0.00,0.08
527,1,LINE_FAULT,12,333.44,343.07,325166.9224,0.00,1.00,12,0,1.0000,12,100.0,1.00,0.0780,0,12,0.0000,0.00,0.08
528,1,OVERLOAD,12,403.61,350.28,32640.3771,1.00,1.00,12,1,0.1052,12,100.0,1.00,0.0380,0,1,2.2977,0.75,0.58
529,1,LINE_FAULT,12,330.13,352.51,143818.8317,0.00,1.00,12,0,1.0000,12,100.0,1.00,0.0781,0,12,0.0000,0.00,0.08
530,1,OVERLOAD,12,403.61,359.53,30832.9144,1.00,1.00,12,1,0.1017,12,100.0,1.00,0.0380,0,1,2.2975,1.00,0.67
531,1,LINE_FAULT,12,304.50,359.20,1084969.6849,0.00,1.00,12,0,0.4167,12,100.0,1.00,0.0565,0,12,0.0000,0.00,0.08
532,1,OVERLOAD,12,404.79,368.94,32463.1671,1.00,1.00,12,1,0.1028,12,100.0,1.00,0.0380,0,1,2.2973,0.83,0.58
533,1,LINE_FAULT,12,304.50,359.01,399572.2926,0.00,1.00,12,0,0.4167,12,100.0,1.00,0.0565,0,12,0.0000,0.00,0.08
534,1,LINE_FAULT,12,307.41,349.55,78058.1239,0.00,1.00,12,0,0.4167,12,100.0,1.00,0.0566,0,12,0.0000,0.00,0.08
535,1,LINE_FAULT,12,333.44,342.99,129547.6522,0.00,1.00,12,0,1.0000,12,100.0,1.00,0.0780,0,12,0.0000,0.00,0.08
536,1,OVERLOAD,12,403.63,352.91,32486.0094,1.00,1.00,12,2,0.0983,12,100.0,1.00,0.0380,0,1,2.2972,0.83,0.58
537,1,LINE_FAULT,12,304.50,350.01,54048.1422,0.00,1.00,12,0,0.4167,12,100.0,1.00,0.0565,0,12,0.0000,0.00,0.08
538,1,OVERLOAD,12,402.79,349.93,32959.4647,1.00,1.00,12,0,0.1021,12,100.0,1.00,0.0380,0,1,2.2971,0.75,0.67
539,1,OVERLOAD,12,401.99,357.12,32316.2032,1.00,1.00,12,2,0.0980,12,100.0,1.00,0.0380,0,1,2.2971,1.00,0.58
540,1,LINE_FAULT,12,304.50,347.20,47011.8743,0.00,1.00,12,0,0.4167,12,100.0,1.00,0.0565,0,12,0.0000,0.00,0.08
541,1,LINE_FAULT,12,333.44,350.10,71648.0902,0.00,1.00,12,0,1.0000,12,100.0,1.00,0.0780,0,12,0.0000,0.00,0.08
542,1,LINE_FAULT,12,307.81,340.40,11117.0081,0.00,1.00,12,0,0.4167,12,100.0,1.00,0.0566,0,12,0.0000,0.00,0.08
543,1,OVERLOAD,12,399.79,349.93,30612.8457,1.00,1.00,12,1,0.1030,12,100.0,1.00,0.0380,0,1,2.2972,0.92,0.58
544,1,OVERLOAD,12,399.99,359.19,32248.0409,1.00,1.00,12,1,0.1032,12,100.0,1.00,0.0380,0,1,2.2972,0.75,0.50
545,1,OVERLOAD,12,401.99,366.04,30887.8418,1.00,1.00,12,2,0.0966,12,100.0,1.00,0.0380,0,1,2.2972,1.00,0.58
546,1,OVERLOAD,12,402.99,365.98,31631.2123,1.00,1.00,12,0,0.0987,12,100.0,1.00,0.0380,0,1,2.2969,1.00,0.58
547,1,OVERLOAD,12,401.99,375.73,31237.1495,1.00,1.00,12,0,0.1030,12,100.0,1.00,0.0380,0,1,2.2967,0.92,0.50
548,1,LINE_FAULT,12,304.50,365.90,13109.2113,0.00,1.00,12,0,0.4167,12,100.0,1.00,0.0565,0,12,0.0000,0.00,0.08
549,1,OVERLOAD,12,403.79,366.08,29755.3060,1.00,1.00,12,2,0.1035,12,100.0,1.00,0.0380,0,1,2.2967,0.67,0.42
550,1,OVERLOAD,12,402.99,375.93,32472.9430,1.00,1.00,12,1,0.0979,12,100.0,1.00,0.0380,0,1,2.2969,1.00,0.67
551,1,LINE_FAULT,12,330.13,375.60,88666.3439,0.00,1.00,12,0,1.0000,12,100.0,1.00,0.0781,0,12,0.0000,0.00,0.08
552,1,OVERLOAD,12,400.61,384.88,29696.3502,1.00,1.00,12,0,0.0974,12,100.0,1.00,0.0380,0,1,2.2973,0.92,0.50
553,1,OVERLOAD,12,395.99,384.50,30566.8296,1.00,1.00,12,1,0.1014,12,100.0,1.00,0.0380,0,1,2.2970,0.83,0.58
554,1,LINE_FAULT,12,330.13,377.51,48038.2482,0.00,1.00,12,0,1.0000,12,100.0,1.00,0.0781,0,12,0.0000,0.00,0.08
555,1,OVERLOAD,12,403.61,377.67,30831.0258,1.00,1.00,12,0,0.0981,12,100.0,1.00,0.0380,0,1,2.2965,0.92,0.67
556,1,LINE_FAULT,12,304.50,367.83,9262.5505,0.00,1.00,12,0,0.4167,12,100.0,1.00,0.0565,0,12,0.0000,0.00,0.08
557,1,LINE_FAULT,12,307.41,358.37,8144.7988,0.00,1.00,12,0,0.4167,12,100.0,1.00,0.0566,0,12,0.0000,0.00,0.08
558,1,LINE_FAULT,12,333.44,361.26,57369.5004,0.00,1.00,12,0,1.0000,12,100.0,1.00,0.0780,0,12,0.0000,0.00,0.08
559,1,LINE_FAULT,12,331.50,354.03,18695.5716,0.00,1.00,12,0,1.0000,12,100.0,1.00,0.0781,0,12,0.0000,0.00,0.08
560,1,LINE_FAULT,12,331.50,346.88,7897.6789,0.00,1.00,12,0,1.0000,12,100.0,1.00,0.0781,0,12,0.0000,0.00,0.08
561,1,OVERLOAD,12,404.61,354.33,29517.4057,1.00,1.00,12,2,0.0979,12,100.0,1.00,0.0380,0,1,2.2963,0.83,0.42
562,1,LINE_FAULT,12,304.50,344.72,7373.0564,0.00,1.00,12,0,0.4167,12,100.0,1.00,0.0565,0,12,0.0000,0.00,0.08
563,1,LINE_FAULT,12,333.44,338.46,13694.4667,0.00,1.00,12,0,1.0000,12,100.0,1.00,0.0780,0,12,0.0000,0.00,0.08
564,1,LINE_FAULT,12,331.50,338.60,9567.4237,0.00,1.00,12,0,1.0000,12,100.0,1.00,0.0781,0,12,0.0000,0.00,0.08
565,1,LINE_FAULT,12,331.50,331.39,7838.2307,0.00,1.00,12,0,1.0000,12,100.0,1.00,0.0781,0,12,0.0000,0.00,0.08
566,1,OVERLOAD,12,403.61,341.30,32761.3929,1.00,1.00,12,1,0.0998,12,100.0,1.00,0.0380,0,1,2.2956,0.83,0.75
567,1,OVERLOAD,12,402.99,350.86,32125.5015,1.00,1.00,12,0,0.0931,12,100.0,1.00,0.0380,0,1,2.2955,0.92,0.50
568,1,OVERLOAD,12,399.99,357.51,29456.7325,1.00,1.00,12,0,0.1004,12,100.0,1.00,0.0380,0,1,2.2955,0.92,0.67
569,1,LINE_FAULT,12,304.50,354.81,6589.7256,0.00,1.00,12,0,0.4167,12,100.0,1.00,0.0565,0,12,0.0000,0.00,0.08
570,1,LINE_FAULT,12,307.41,352.40,7735.7005,0.00,1.00,12,0,0.4167,12,100.0,1.00,0.0566,0,12,0.0000,0.00,0.08
571,1,LINE_FAULT,12,307.41,342.68,7070.7778,0.00,1.00,12,0,0.4167,12,100.0,1.00,0.0566,0,12,0.0000,0.00,0.08
572,1,OVERLOAD,12,402.79,352.51,31194.9785,1.00,1.00,12,1,0.0979,12,100.0,1.00,0.0380,0,1,2.2959,0.92,0.58
573,1,LINE_FAULT,12,304.50,349.62,6822.1258,0.00,1.00,12,0,0.4167,12,100.0,1.00,0.0565,0,12,0.0000,0.00,0.08
574,1,LINE_FAULT,12,333.44,349.81,9082.9640,0.00,1.00,12,0,1.0000,12,100.0,1.00,0.0780,0,12,0.0000,0.00,0.08
575,1,OVERLOAD,12,400.61,356.73,32382.8810,1.00,1.00,12,1,0.1021,12,100.0,1.00,0.0380,0,1,2.2957,0.67,0.50
576,1,LINE_FAULT,12,304.50,346.81,7516.5803,0.00,1.00,12,0,0.4167,12,100.0,1.00,0.0565,0,12,0.0000,0.00,0.08
577,1,LINE_FAULT,12,307.41,337.26,8011.3073,0.00,1.00,12,0,0.4167,12,100.0,1.00,0.0566,0,12,0.0000,0.00,0.08
578,1,OVERLOAD,12,402.79,337.54,32267.9388,1.00,1.00,12,0,0.1059,12,100.0,1.00,0.0380,0,1,2.2976,0.67,0.50
579,1,LINE_FAULT,12,304.50,337.54,6630.0468,0.00,1.00,12,0,0.4167,12,100.0,1.00,0.0565,0,12,0.0000,0.00,0.08
580,1,OVERLOAD,12,399.79,346.77,30876.7524,1.00,1.00,12,1,0.1025,12,100.0,1.00,0.0380,0,1,2.2974,0.83,0.75
581,1,OVERLOAD,12,398.99,355.93,30263.0338,1.00,1.00,12,0,0.1055,12,100.0,1.00,0.0380,0,1,2.2973,0.83,0.58
582,1,LINE_FAULT,12,330.13,348.67,7894.3665,0.00,1.00,12,0,1.0000,12,100.0,1.00,0.0781,0,12,0.0000,0.00,0.08
583,1,OVERLOAD,12,403.61,358.58,31694.3567,1.00,1.00,12,1,0.1038,12,100.0,1.00,0.0380,0,1,2.2970,0.92,0.50
584,1,LINE_FAULT,12,330.13,358.25,9082.7108,0.00,1.00,12,0,1.0000,12,100.0,1.00,0.0781,0,12,0.0000,0.00,0.08
585,1,OVERLOAD,12,400.61,358.25,32212.4414,1.00,1.00,12,0,0.0990,12,100.0,1.00,0.0380,0,1,2.2967,0.83,0.50
586,1,OVERLOAD,12,398.99,367.70,29133.7321,1.00,1.00,12,0,0.1021,12,100.0,1.00,0.0380,0,1,2.2966,0.67,0.50
587,1,LINE_FAULT,12,304.50,367.41,8542.0120,0.00,1.00,12,0,0.4167,12,100.0,1.00,0.0565,0,12,0.0000,0.00,0.08
588,1,LINE_FAULT,12,307.41,357.87,7120.9091,0.00,1.00,12,0,0.4167,12,100.0,1.00,0.0566,0,12,0.0000,0.00,0.08
589,1,LINE_FAULT,12,307.41,358.16,6538.5201,0.00,1.00,12,0,0.4167,12,100.0,1.00,0.0566,0,12,0.0000,0.00,0.08
590,1,LINE_FAULT,12,333.44,351.52,7340.3036,0.00,1.00,12,0,1.0000,12,100.0,1.00,0.0780,0,12,0.0000,0.00,0.08
591,1,LINE_FAULT,12,331.50,344.77,9100.0720,0.00,1.00,12,0,1.0000,12,100.0,1.00,0.0781,0,12,0.0000,0.00,0.08
592,1,LINE_FAULT,12,307.81,342.54,8147.9449,0.00,1.00,12,0,0.4167,12,100.0,1.00,0.0566,0,12,0.0000,0.00,0.08
593,1,OVERLOAD,12,402.79,342.46,31725.2897,1.00,1.00,12,1,0.0997,12,100.0,1.00,0.0380,0,1,2.2969,0.92,0.58
594,1,OVERLOAD,12,401.99,349.64,29772.8884,1.00,1.00,12,2,0.0946,12,100.0,1.00,0.0380,0,1,2.2968,0.92,0.67
595,1,OVERLOAD,12,399.99,349.58,31091.9548,1.00,1.00,12,1,0.1025,12,100.0,1.00,0.0380,0,1,2.2967,0.58,0.58
596,1,OVERLOAD,12,402.99,349.98,31047.9092,1.00,1.00,12,0,0.0979,12,100.0,1.00,0.0380,0,1,2.2966,0.92,0.58
597,1,LINE_FAULT,12,304.50,349.98,7031.8724,0.00,1.00,12,0,0.4167,12,100.0,1.00,0.0565,0,12,0.0000,0.00,0.08
598,1,OVERLOAD,12,403.79,359.62,29825.4458,1.00,1.00,12,1,0.0987,12,100.0,1.00,0.0380,0,1,2.2968,1.00,0.58
599,1,LINE_FAULT,12,304.50,359.33,8396.2408,0.00,1.00,12,0,0.4167,12,100.0,1.00,0.0565,0,12,0.0000,0.00,0.08
600,1,LINE_FAULT,12,333.44,359.33,8165.2860,0.00,1.00,12,0,1.0000,12,100.0,1.00,0.0780,0,12,0.0000,0.00,0.08
601,1,OVERLOAD,12,401.61,366.34,30835.0169,1.00,1.00,12,1,0.0985,12,100.0,1.00,0.0380,0,1,2.2963,0.92,0.75
602,1,OVERLOAD,12,400.99,375.66,33294.9585,1.00,1.00,12,0,0.1021,12,100.0,1.00,0.0380,0,1,2.2961,0.67,0.50
603,1,OVERLOAD,12,402.99,375.68,32537.9425,1.00,1.00,12,2,0.0993,12,100.0,1.00,0.0380,0,1,2.2965,0.92,0.58
604,1,OVERLOAD,12,398.99,375.38,29975.6120,1.00,1.00,12,0,0.1015,12,100.0,1.00,0.0380,0,1,2.2968,0.83,0.42
605,1,OVERLOAD,12,403.99,375.78,30667.3062,1.00,1.00,12,1,0.1012,12,100.0,1.00,0.0380,0,1,2.2969,0.92,0.42
606,1,OVERLOAD,12,398.99,375.38,27572.3500,1.00,1.00,12,0,0.1029,12,100.0,1.00,0.0380,0,1,2.2969,0.92,0.50
607,1,OVERLOAD,12,401.99,385.13,33245.1689,1.00,1.00,12,1,0.0996,12,100.0,1.00,0.0380,0,1,2.2969,0.75,0.75
608,1,LINE_FAULT,12,304.50,375.20,6913.7730,0.00,1.00,12,0,0.4167,12,100.0,1.00,0.0565,0,12,0.0000,0.00,0.08
609,1,OVERLOAD,12,397.79,384.53,29568.9684,1.00,1.00,12,1,0.1023,12,100.0,1.00,0.0380,0,1,2.2972,0.83,0.67
610,1,LINE_FAULT,12,304.50,381.63,8527.0604,0.00,1.00,12,0,0.4167,12,100.0,1.00,0.0565,0,12,0.0000,0.00,0.08
611,1,OVERLOAD,12,402.79,381.75,31173.2059,1.00,1.00,12,0,0.1037,12,100.0,1.00,0.0380,0,1,2.2971,0.83,0.67
612,1,OVERLOAD,12,401.99,381.85,31978.9503,1.00,1.00,12,1,0.1003,12,100.0,1.00,0.0380,0,1,2.2966,0.75,0.67
613,1,LINE_FAULT,12,330.13,374.57,9343.5527,0.00,1.00,12,0,1.0000,12,100.0,1.00,0.0781,0,12,0.0000,0.00,0.08
614,1,OVERLOAD,12,400.63,374.73,31689.2817,1.00,1.00,12,1,0.0999,12,100.0,1.00,0.0380,0,1,2.2966,0.92,0.67
615,1,OVERLOAD,12,401.99,374.53,31561.7622,1.00,1.00,12,1,0.0989,12,100.0,1.00,0.0380,0,1,2.2969,0.83,0.58
616,1,LINE_FAULT,12,304.50,365.08,6853.8439,0.00,1.00,12,0,0.4167,12,100.0,1.00,0.0565,0,12,0.0000,0.00,0.08
617,1,LINE_FAULT,12,307.41,355.62,8257.5082,0.00,1.00,12,0,0.4167,12,100.0,1.00,0.0566,0,12,0.0000,0.00,0.08
618,1,OVERLOAD,12,404.79,365.65,33322.7766,1.00,1.00,12,0,0.1027,12,100.0,1.00,0.0380,0,1,2.2973,0.92,0.50
619,1,OVERLOAD,12,398.99,365.77,31131.6000,1.00,1.00,12,0,0.1025,12,100.0,1.00,0.0380,0,1,2.2974,0.92,0.58
620,1,OVERLOAD,12,401.99,375.52,29772.8795,1.00,1.00,12,0,0.1049,12,100.0,1.00,0.0380,0,1,2.2974,0.83,0.75
621,1,LINE_FAULT,12,330.13,368.26,8293.8735,0.00,1.00,12,0,1.0000,12,100.0,1.00,0.0781,0,12,0.0000,0.00,0.08
622,1,OVERLOAD,12,401.61,368.22,28777.3669,1.00,1.00,12,1,0.1009,12,100.0,1.00,0.0380,0,1,2.2971,0.92,0.58
623,1,OVERLOAD,12,401.99,375.40,30117.5015,1.00,1.00,12,1,0.1015,12,100.0,1.00,0.0380,0,1,2.2967,0.83,0.67
624,1,OVERLOAD,12,396.99,375.04,31009.1168,1.00,1.00,12,2,0.0974,12,100.0,1.00,0.0380,0,1,2.2970,0.75,0.67
625,1,LINE_FAULT,12,330.13,367.85,9369.6237,0.00,1.00,12,0,1.0000,12,100.0,1.00,0.0781,0,12,0.0000,0.00,0.08
626,1,OVERLOAD,12,403.61,377.76,31813.9863,1.00,1.00,12,2,0.0973,12,100.0,1.00,0.0380,0,1,2.2972,0.92,0.42
627,1,LINE_FAULT,12,330.13,380.04,7662.8524,0.00,1.00,12,0,1.0000,12,100.0,1.00,0.0781,0,12,0.0000,0.00,0.08
628,1,OVERLOAD,12,401.61,379.72,30329.1206,1.00,1.00,12,1,0.0998,12,100.0,1.00,0.0380,0,1,2.2970,0.83,0.67
629,1,LINE_FAULT,12,304.50,370.27,7527.5058,0.00,1.00,12,0,0.4167,12,100.0,1.00,0.0565,0,12,0.0000,0.00,0.08
630,1,OVERLOAD,12,402.79,370.35,32505.8405,1.00,1.00,12,0,0.1016,12,100.0,1.00,0.0380,0,1,2.2971,0.92,0.58
631,1,LINE_FAULT,12,304.50,367.79,7164.7366,0.00,1.00,12,0,0.4167,12,100.0,1.00,0.0565,0,12,0.0000,0.00,0.08
632,1,LINE_FAULT,12,307.41,358.37,7299.6796,0.00,1.00,12,0,0.4167,12,100.0,1.00,0.0566,0,12,0.0000,0.00,0.08
633,1,OVERLOAD,12,403.79,358.55,30579.2559,1.00,1.00,12,0,0.1026,12,100.0,1.00,0.0380,0,1,2.2973,0.83,0.75
634,1,OVERLOAD,12,401.99,359.05,34923.8258,1.00,1.00,12,1,0.0992,12,100.0,1.00,0.0380,0,1,2.2972,1.00,0.58
635,1,OVERLOAD,12,402.99,366.33,33019.6006,1.00,1.00,12,0,0.1006,12,100.0,1.00,0.0380,0,1,2.2974,0.92,0.50
636,1,LINE_FAULT,12,304.50,356.42,6683.5944,0.00,1.00,12,0,0.4167,12,100.0,1.00,0.0565,0,12,0.0000,0.00,0.08
637,1,LINE_FAULT,12,333.44,356.75,12509.4300,0.00,1.00,12,0,1.0000,12,100.0,1.00,0.0780,0,12,0.0000,0.00,0.08
638,1,OVERLOAD,12,404.61,357.05,31789.3220,1.00,1.00,12,1,0.1062,12,100.0,1.00,0.0380,0,1,2.2974,0.83,0.58
639,1,LINE_FAULT,12,304.50,357.05,7213.4123,0.00,1.00,12,0,0.4167,12,100.0,1.00,0.0565,0,12,0.0000,0.00,0.08
640,1,OVERLOAD,12,396.79,356.45,29686.9565,1.00,1.00,12,0,0.1090,12,100.0,1.00,0.0380,0,1,2.2976,0.67,0.42
641,1,LINE_FAULT,12,304.50,356.45,7834.4254,0.00,1.00,12,0,0.4167,12,100.0,1.00,0.0565,0,12,0.0000,0.00,0.08
642,1,LINE_FAULT,12,307.41,356.45,8077.5599,0.00,1.00,12,0,0.4167,12,100.0,1.00,0.0566,0,12,0.0000,0.00,0.08
643,1,OVERLOAD,12,398.79,355.95,29035.0237,1.00,1.00,12,0,0.1048,12,100.0,1.00,0.0380,0,1,2.2975,0.83,0.58
644,1,OVERLOAD,12,401.99,355.95,30667.7598,1.00,1.00,12,2,0.1028,12,100.0,1.00,0.0380,0,1,2.2975,0.75,0.50
645,1,OVERLOAD,12,401.99,355.85,29788.9582,1.00,1.00,12,0,0.1007,12,100.0,1.00,0.0380,0,1,2.2974,1.00,0.67
646,1,OVERLOAD,12,403.99,365.80,30685.7798,1.00,1.00,12,1,0.1029,12,100.0,1.00,0.0380,0,1,2.2972,0.83,0.67
647,1,LINE_FAULT,12,330.13,365.47,8204.7629,0.00,1.00,12,0,1.0000,12,100.0,1.00,0.0781,0,12,0.0000,0.00,0.08
648,1,LINE_FAULT,12,307.81,355.79,8160.6736,0.00,1.00,12,0,0.4167,12,100.0,1.00,0.0566,0,12,0.0000,0.00,0.08
649,1,LINE_FAULT,12,333.44,358.68,11668.4266,0.00,1.00,12,0,1.0000,12,100.0,1.00,0.0780,0,12,0.0000,0.00,0.08
650,1,LINE_FAULT,12,331.50,352.16,8779.8678,0.00,1.00,12,0,1.0000,12,100.0,1.00,0.0781,0,12,0.0000,0.00,0.08
651,1,LINE_FAULT,12,331.50,354.85,7789.0404,0.00,1.00,12,0,1.0000,12,100.0,1.00,0.0781,0,12,0.0000,0.00,0.08
652,1,OVERLOAD,12,398.61,363.97,27227.7157,1.00,1.00,12,0,0.0989,12,100.0,1.00,0.0380,0,1,2.2965,0.92,0.50
653,1,OVERLOAD,12,402.99,364.39,31674.3288,1.00,1.00,12,2,0.0983,12,100.0,1.00,0.0380,0,1,2.2964,1.00,0.50
654,1,LINE_FAULT,12,330.13,357.21,8159.3627,0.00,1.00,12,0,1.0000,12,100.0,1.00,0.0781,0,12,0.0000,0.00,0.08
655,1,LINE_FAULT,12,307.81,347.79,7137.9956,0.00,1.00,12,0,0.4167,12,100.0,1.00,0.0566,0,12,0.0000,0.00,0.08
656,1,LINE_FAULT,12,333.44,340.74,8029.2995,0.00,1.00,12,0,1.0000,12,100.0,1.00,0.0780,0,12,0.0000,0.00,0.08
657,1,OVERLOAD,12,411.61,348.88,32093.6157,1.00,0.92,11,0,0.0978,11,100.0,0.92,0.0380,0,1,2.2967,0.92,0.83
658,1,LINE_FAULT,12,330.13,351.12,9580.2971,0.00,1.00,12,0,1.0000,12,100.0,1.00,0.0781,0,12,0.0000,0.00,0.08
659,1,LINE_FAULT,12,307.81,348.55,7494.8979,0.00,1.00,12,0,0.4167,12,100.0,1.00,0.0566,0,12,0.0000,0.00,0.08
660,1,LINE_FAULT,12,307.41,346.14,6971.1129,0.00,1.00,12,0,0.4167,12,100.0,1.00,0.0566,0,12,0.0000,0.00,0.08
661,1,OVERLOAD,12,402.82,353.28,30366.0010,1.00,1.00,12,1,0.0983,12,100.0,1.00,0.0380,0,1,2.2969,0.92,0.67
662,1,LINE_FAULT,12,304.50,343.86,7155.2340,0.00,1.00,12,0,0.4167,12,100.0,1.00,0.0565,0,12,0.0000,0.00,0.08
663,1,OVERLOAD,12,402.79,343.84,29134.2449,1.00,1.00,12,0,0.1004,12,100.0,1.00,0.0380,0,1,2.2970,0.92,0.75
664,1,OVERLOAD,12,401.99,351.03,31002.3790,1.00,1.00,12,0,0.1000,12,100.0,1.00,0.0380,0,1,2.2972,1.00,0.67
665,1,OVERLOAD,12,401.99,360.45,31903.2473,1.00,1.00,12,1,0.1014,12,100.0,1.00,0.0380,0,1,2.2971,0.92,0.67
666,1,LINE_FAULT,12,304.50,357.56,7926.6553,0.00,1.00,12,0,0.4167,12,100.0,1.00,0.0565,0,12,0.0000,0.00,0.08
667,1,LINE_FAULT,12,307.41,347.14,7492.9995,0.00,1.00,12,0,0.4167,12,100.0,1.00,0.0566,0,12,0.0000,0.00,0.08
668,1,OVERLOAD,12,379.04,352.03,144094946303.8839,1.00,0.92,11,0,0.4253,11,100.0,0.92,0.0523,0,1,0.2513,0.08,0.17
669,1,OVERLOAD,12,402.47,361.49,29189.5443,1.00,1.00,12,0,0.1041,12,100.0,1.00,0.0380,0,1,2.2971,0.83,0.58
670,1,OVERLOAD,12,427.81,373.53,27146.3762,1.00,0.92,11,0,0.1025,11,100.0,0.92,0.0373,0,1,2.2971,0.83,0.50
671,1,OVERLOAD,12,407.03,373.95,25361.6080,1.00,0.92,11,0,0.0984,11,100.0,0.92,0.0380,0,1,2.2971,0.92,0.75
672,1,OVERLOAD,12,399.99,383.50,24467.0309,1.00,1.00,12,0,0.1010,12,100.0,1.00,0.0380,0,1,2.2976,0.58,0.67
673,1,OVERLOAD,12,401.99,383.42,22642.4612,1.00,1.00,12,0,0.1018,12,100.0,1.00,0.0380,0,1,2.2981,0.83,0.50
674,1,LINE_FAULT,12,304.50,373.67,585845896.2887,0.00,1.00,12,0,0.4167,12,100.0,1.00,0.0565,0,12,0.0000,0.00,0.08
675,1,OVERLOAD,12,403.79,373.85,23094.2927,1.00,1.00,12,0,0.0988,12,100.0,1.00,0.0380,0,1,2.2982,1.00,0.50
676,1,OVERLOAD,12,398.99,383.30,22776.6870,1.00,1.00,12,0,0.1038,12,100.0,1.00,0.0380,0,1,2.2981,0.75,0.58
677,1,OVERLOAD,12,398.99,392.46,22141.3357,1.00,1.00,12,0,0.1021,12,100.0,1.00,0.0380,0,1,2.2979,0.75,0.42
678,1,OVERLOAD,12,398.99,394.46,23752.8290,1.00,1.00,12,0,0.0995,12,100.0,1.00,0.0380,0,1,2.2981,0.83,0.75
679,1,OVERLOAD,12,407.38,394.95,290762478911.9368,1.00,0.92,11,0,0.1754,11,100.0,0.92,0.0401,0,1,2.1189,0.92,0.58
680,1,LINE_FAULT,12,304.13,382.58,801766594.3430,0.00,1.00,12,0,0.4167,12,100.0,1.00,0.0566,0,12,0.0000,0.00,0.08
681,1,OVERLOAD,12,400.79,381.95,39062.6557,1.00,1.00,12,1,0.1054,12,100.0,1.00,0.0380,0,1,2.2987,0.92,0.50
682,1,OVERLOAD,12,398.99,381.85,44353.7102,1.00,1.00,12,3,0.1022,12,100.0,1.00,0.0380,0,1,2.2985,0.83,0.50
683,1,LINE_FAULT,12,304.50,372.11,2028901248.3278,0.00,1.00,12,0,0.4167,12,100.0,1.00,0.0565,0,12,0.0000,0.00,0.08
684,1,LINE_FAULT,12,333.44,375.00,161830398.4706,0.00,1.00,12,0,1.0000,12,100.0,1.00,0.0780,0,12,0.0000,0.00,0.08
685,1,OVERLOAD,12,403.61,374.98,46666.5412,1.00,1.00,12,1,0.1025,12,100.0,1.00,0.0380,0,1,2.2977,1.00,0.58
686,1,LINE_FAULT,12,304.50,365.53,1170784744.3242,0.00,1.00,12,0,0.4167,12,100.0,1.00,0.0565,0,12,0.0000,0.00,0.08
687,1,LINE_FAULT,12,333.44,358.98,74196146.9638,0.00,1.00,12,0,1.0000,12,100.0,1.00,0.0780,0,12,0.0000,0.00,0.08
688,1,OVERLOAD,12,401.61,359.24,44033.4610,1.00,1.00,12,2,0.1014,12,100.0,1.00,0.0380,0,1,2.2985,1.00,0.58
689,1,OVERLOAD,12,402.99,358.80,43188.6382,1.00,1.00,12,0,0.1017,12,100.0,1.00,0.0380,0,1,2.2987,0.83,0.67
690,1,LINE_FAULT,12,330.13,361.40,58828066.2557,0.00,1.00,12,0,1.0000,12,100.0,1.00,0.0781,0,12,0.0000,0.00,0.08
691,1,OVERLOAD,12,401.61,361.48,43255.8847,1.00,1.00,12,0,0.1028,12,100.0,1.00,0.0380,0,1,2.2985,0.92,0.50
692,1,LINE_FAULT,12,330.13,354.60,24337096.5173,0.00,1.00,12,0,1.0000,12,100.0,1.00,0.0781,0,12,0.0000,0.00,0.08
693,1,LINE_FAULT,12,331.50,357.30,4478450.2416,0.00,1.00,12,0,1.0000,12,100.0,1.00,0.0781,0,12,0.0000,0.00,0.08
694,1,LINE_FAULT,12,331.50,357.10,1509257.3664,0.00,1.00,12,0,1.0000,12,100.0,1.00,0.0781,0,12,0.0000,0.00,0.08
695,1,LINE_FAULT,12,307.81,347.52,337159246.3519,0.00,1.00,12,0,0.4167,12,100.0,1.00,0.0566,0,12,0.0000,0.00,0.08
696,1,LINE_FAULT,12,307.41,347.81,153586949.3071,0.00,1.00,12,0,0.4167,12,100.0,1.00,0.0566,0,12,0.0000,0.00,0.08
697,1,LINE_FAULT,12,307.41,345.21,29069555.8330,0.00,1.00,12,0,0.4167,12,100.0,1.00,0.0566,0,12,0.0000,0.00,0.08
698,1,OVERLOAD,12,402.79,345.33,41863.7466,1.00,1.00,12,0,0.1028,12,100.0,1.00,0.0380,0,1,2.2982,0.83,0.75
699,1,OVERLOAD,12,398.99,344.93,42305.9137,1.00,1.00,12,0,0.1026,12,100.0,1.00,0.0380,0,1,2.2984,0.92,0.58
700,1,LINE_FAULT,12,304.50,342.36,9649090.6105,0.00,1.00,12,0,0.4167,12,100.0,1.00,0.0565,0,12,0.0000,0.00,0.08
701,1,OVERLOAD,12,403.79,342.58,42085.6832,1.00,1.00,12,1,0.1015,12,100.0,1.00,0.0380,0,1,2.2983,0.92,0.58
702,1,OVERLOAD,12,401.99,349.77,43637.3230,1.00,1.00,12,0,0.1007,12,100.0,1.00,0.0380,0,1,2.2983,0.83,0.50
703,1,OVERLOAD,12,402.99,356.92,42693.9051,1.00,1.00,12,2,0.0991,12,100.0,1.00,0.0380,0,1,2.2984,0.92,0.67
704,1,LINE_FAULT,12,304.50,354.22,1507334.7289,0.00,1.00,12,0,0.4167,12,100.0,1.00,0.0565,0,12,0.0000,0.00,0.08
705,1,LINE_FAULT,12,307.41,354.18,402280.2172,0.00,1.00,12,0,0.4167,12,100.0,1.00,0.0566,0,12,0.0000,0.00,0.08
706,1,LINE_FAULT,12,333.44,356.78,1892702.3042,0.00,1.00,12,0,1.0000,12,100.0,1.00,0.0780,0,12,0.0000,0.00,0.08
707,1,OVERLOAD,12,403.61,366.40,44170.7235,1.00,1.00,12,0,0.1000,12,100.0,1.00,0.0380,0,1,2.2983,0.83,0.50
708,1,OVERLOAD,12,398.99,366.02,40313.4565,1.00,1.00,12,0,0.1029,12,100.0,1.00,0.0380,0,1,2.2984,0.75,0.58
709,1,LINE_FAULT,12,304.50,356.57,64058.8999,0.00,1.00,12,0,0.4167,12,100.0,1.00,0.0565,0,12,0.0000,0.00,0.08
710,1,LINE_FAULT,12,307.41,356.86,23727.4879,0.00,1.00,12,0,0.4167,12,100.0,1.00,0.0566,0,12,0.0000,0.00,0.08
711,1,OVERLOAD,12,402.79,356.76,39913.1064,1.00,1.00,12,2,0.0991,12,100.0,1.00,0.0380,0,1,2.2983,0.92,0.58
712,1,LINE_FAULT,12,304.50,347.01,7562.4306,0.00,1.00,12,0,0.4167,12,100.0,1.00,0.0565,0,12,0.0000,0.00,0.08
713,1,OVERLOAD,12,399.79,346.69,44693.3533,1.00,1.00,12,0,0.0993,12,100.0,1.00,0.0380,0,1,2.2980,0.83,0.58
714,1,OVERLOAD,12,400.99,356.34,43990.2427,1.00,1.00,12,0,0.1017,12,100.0,1.00,0.0380,0,1,2.2980,1.00,0.50
715,1,LINE_FAULT,12,304.50,356.05,9444.3544,0.00,1.00,12,0,0.4167,12,100.0,1.00,0.0565,0,12,0.0000,0.00,0.08
716,1,OVERLOAD,12,401.79,362.89,42200.9588,1.00,1.00,12,0,0.1002,12,100.0,1.00,0.0380,0,1,2.2978,0.92,0.50
717,1,LINE_FAULT,12,304.50,352.98,7788.0824,0.00,1.00,12,0,0.4167,12,100.0,1.00,0.0565,0,12,0.0000,0.00,0.08
718,1,LINE_FAULT,12,333.44,346.42,1611581.0935,0.00,1.00,12,0,1.0000,12,100.0,1.00,0.0780,0,12,0.0000,0.00,0.08
719,1,OVERLOAD,12,404.61,356.43,43466.9234,1.00,1.00,12,1,0.1017,12,100.0,1.00,0.0380,0,1,2.2976,0.83,0.75
720,1,LINE_FAULT,12,304.50,356.14,7189.7357,0.00,1.00,12,0,0.4167,12,100.0,1.00,0.0565,0,12,0.0000,0.00,0.08
721,1,OVERLOAD,12,402.79,356.14,42733.2708,1.00,1.00,12,1,0.1024,12,100.0,1.00,0.0380,0,1,2.2979,0.83,0.67
722,1,OVERLOAD,12,399.99,365.69,39454.8820,1.00,1.00,12,0,0.0989,12,100.0,1.00,0.0380,0,1,2.2979,0.83,0.75
723,1,OVERLOAD,12,401.99,365.91,42425.8557,1.00,1.00,12,0,0.0972,12,100.0,1.00,0.0380,0,1,2.2978,1.00,0.42
724,1,OVERLOAD,12,400.99,365.91,39306.5238,1.00,1.00,12,0,0.0985,12,100.0,1.00,0.0380,0,1,2.2978,0.83,0.67
725,1,LINE_FAULT,12,330.13,368.47,1854716.0964,0.00,1.00,12,0,1.0000,12,100.0,1.00,0.0781,0,12,0.0000,0.00,0.08
726,1,OVERLOAD,12,400.61,368.36,39006.9352,1.00,1.00,12,0,0.0964,12,100.0,1.00,0.0380,0,1,2.2976,0.92,0.58
727,1,LINE_FAULT,12,330.13,370.92,951475.6593,0.00,1.00,12,0,1.0000,12,100.0,1.00,0.0781,0,12,0.0000,0.00,0.08
728,1,LINE_FAULT,12,331.50,370.72,207085.5434,0.00,1.00,12,0,1.0000,12,100.0,1.00,0.0781,0,12,0.0000,0.00,0.08
729,1,OVERLOAD,12,400.61,370.32,39595.1929,1.00,1.00,12,0,0.0936,12,100.0,1.00,0.0380,0,1,2.2969,0.92,0.50
730,1,LINE_FAULT,12,330.13,372.89,28181.2705,0.00,1.00,12,0,1.0000,12,100.0,1.00,0.0781,0,12,0.0000,0.00,0.08
731,1,LINE_FAULT,12,307.81,363.39,7866.5316,0.00,1.00,12,0,0.4167,12,100.0,1.00,0.0566,0,12,0.0000,0.00,0.08
732,1,OVERLOAD,12,402.79,363.67,42017.7326,1.00,1.00,12,1,0.0975,12,100.0,1.00,0.0380,0,1,2.2967,0.92,0.67
733,1,OVERLOAD,12,397.99,363.27,39849.5226,1.00,1.00,12,0,0.0956,12,100.0,1.00,0.0380,0,1,2.2970,0.92,0.58
734,1,LINE_FAULT,12,330.13,356.18,27235.8773,0.00,1.00,12,0,1.0000,12,100.0,1.00,0.0781,0,12,0.0000,0.00,0.08
735,1,OVERLOAD,12,397.61,362.93,39574.9886,1.00,1.00,12,1,0.0989,12,100.0,1.00,0.0380,0,1,2.2973,0.75,0.67
736,1,LINE_FAULT,12,330.13,355.88,26828.7758,0.00,1.00,12,0,1.0000,12,100.0,1.00,0.0781,0,12,0.0000,0.00,0.08
737,1,LINE_FAULT,12,331.50,356.02,12817.6423,0.00,1.00,12,0,1.0000,12,100.0,1.00,0.0781,0,12,0.0000,0.00,0.08
738,1,LINE_FAULT,12,331.50,356.02,8403.5767,0.00,1.00,12,0,1.0000,12,100.0,1.00,0.0781,0,12,0.0000,0.00,0.08
739,1,OVERLOAD,12,403.61,356.32,41415.3051,1.00,1.00,12,0,0.1022,12,100.0,1.00,0.0380,0,1,2.2974,0.92,0.67
740,1,LINE_FAULT,12,304.50,353.76,7239.4307,0.00,1.00,12,0,0.4167,12,100.0,1.00,0.0565,0,12,0.0000,0.00,0.08
741,1,OVERLOAD,12,398.79,362.86,42665.6903,1.00,1.00,12,0,0.0994,12,100.0,1.00,0.0380,0,1,2.2973,0.83,0.58
742,1,LINE_FAULT,12,330.13,355.59,9530.6390,0.00,1.00,12,0,1.0000,12,100.0,1.00,0.0781,0,12,0.0000,0.00,0.08
743,1,LINE_FAULT,12,331.50,348.94,8892.1153,0.00,1.00,12,0,1.0000,12,100.0,1.00,0.0781,0,12,0.0000,0.00,0.08
744,1,LINE_FAULT,12,331.50,349.08,8592.3253,0.00,1.00,12,0,1.0000,12,100.0,1.00,0.0781,0,12,0.0000,0.00,0.08
745,1,OVERLOAD,12,398.61,349.18,39859.0989,1.00,1.00,12,0,0.0991,12,100.0,1.00,0.0380,0,1,2.2971,0.92,0.58
746,1,LINE_FAULT,12,330.13,349.18,8871.9266,0.00,1.00,12,0,1.0000,12,100.0,1.00,0.0781,0,12,0.0000,0.00,0.08
747,1,LINE_FAULT,12,331.50,349.18,7840.0429,0.00,1.00,12,0,1.0000,12,100.0,1.00,0.0781,0,12,0.0000,0.00,0.08
748,1,OVERLOAD,12,401.61,356.19,42090.2850,1.00,1.00,12,0,0.0999,12,100.0,1.00,0.0380,0,1,2.2968,1.00,0.58
749,1,OVERLOAD,12,401.99,356.03,40864.6236,1.00,1.00,12,1,0.0956,12,100.0,1.00,0.0380,0,1,2.2970,0.92,0.67
750,1,OVERLOAD,12,401.99,365.78,39295.2598,1.00,1.00,12,0,0.1015,12,100.0,1.00,0.0380,0,1,2.2968,1.00,0.50
751,1,LINE_FAULT,12,304.50,356.35,6661.6886,0.00,1.00,12,0,0.4167,12,100.0,1.00,0.0565,0,12,0.0000,0.00,0.08
752,1,LINE_FAULT,12,307.41,354.07,7145.3029,0.00,1.00,12,0,0.4167,12,100.0,1.00,0.0566,0,12,0.0000,0.00,0.08
753,1,OVERLOAD,12,399.79,360.90,42190.4203,1.00,1.00,12,1,0.0949,12,100.0,1.00,0.0380,0,1,2.2967,1.00,0.50
754,1,LINE_FAULT,12,330.13,360.77,8305.7316,0.00,1.00,12,0,1.0000,12,100.0,1.00,0.0781,0,12,0.0000,0.00,0.08
755,1,LINE_FAULT,12,307.81,351.69,8254.0015,0.00,1.00,12,0,0.4167,12,100.0,1.00,0.0566,0,12,0.0000,0.00,0.08
756,1,OVERLOAD,12,402.79,358.95,42420.1514,1.00,1.00,12,1,0.0999,12,100.0,1.00,0.0380,0,1,2.2969,0.83,0.75
757,1,OVERLOAD,12,398.99,365.70,42286.3077,1.00,1.00,12,0,0.0980,12,100.0,1.00,0.0380,0,1,2.2970,0.92,0.67
758,1,OVERLOAD,12,398.99,365.44,40864.7594,1.00,1.00,12,2,0.0975,12,100.0,1.00,0.0380,0,1,2.2972,1.00,0.50
759,1,OVERLOAD,12,401.99,365.44,42885.7427,1.00,1.00,12,0,0.1034,12,100.0,1.00,0.0380,0,1,2.2972,1.00,0.58
760,1,LINE_FAULT,12,330.13,358.25,7743.1907,0.00,1.00,12,0,1.0000,12,100.0,1.00,0.0781,0,12,0.0000,0.00,0.08
761,1,OVERLOAD,12,403.61,368.16,40183.1088,1.00,1.00,12,1,0.1005,12,100.0,1.00,0.0380,0,1,2.2968,0.83,0.58
762,1,LINE_FAULT,12,330.13,370.44,8697.0447,0.00,1.00,12,0,1.0000,12,100.0,1.00,0.0781,0,12,0.0000,0.00,0.08
763,1,LINE_FAULT,12,331.50,363.61,8767.2985,0.00,1.00,12,0,1.0000,12,100.0,1.00,0.0781,0,12,0.0000,0.00,0.08
764,1,OVERLOAD,12,403.61,370.96,42785.8650,1.00,1.00,12,1,0.0958,12,100.0,1.00,0.0380,0,1,2.2961,1.00,0.75
765,1,OVERLOAD,12,398.99,380.07,39908.4153,1.00,1.00,12,0,0.0976,12,100.0,1.00,0.0380,0,1,2.2957,0.83,0.67
766,1,LINE_FAULT,12,304.50,370.24,7099.1299,0.00,1.00,12,0,0.4167,12,100.0,1.00,0.0565,0,12,0.0000,0.00,0.08
767,1,LINE_FAULT,12,307.41,361.09,7663.9604,0.00,1.00,12,0,0.4167,12,100.0,1.00,0.0566,0,12,0.0000,0.00,0.08
768,1,OVERLOAD,12,399.79,361.17,39440.0275,1.00,1.00,12,0,0.0922,12,100.0,1.00,0.0380,0,1,2.2956,0.92,0.67
769,1,OVERLOAD,12,402.99,361.27,39818.0696,1.00,1.00,12,1,0.0935,12,100.0,1.00,0.0380,0,1,2.2951,0.83,0.58
770,1,OVERLOAD,12,401.99,368.45,39911.5808,1.00,1.00,12,0,0.0925,12,100.0,1.00,0.0380,0,1,2.2951,1.00,0.67
771,1,LINE_FAULT,12,330.13,361.10,7649.8275,0.00,1.00,12,0,1.0000,12,100.0,1.00,0.0781,0,12,0.0000,0.00,0.08
772,1,LINE_FAULT,12,331.50,361.24,8992.5906,0.00,1.00,12,0,1.0000,12,100.0,1.00,0.0781,0,12,0.0000,0.00,0.08
773,1,OVERLOAD,12,401.61,368.25,42376.4629,1.00,1.00,12,0,0.0888,12,100.0,1.00,0.0380,0,1,2.2949,1.00,0.50
774,1,OVERLOAD,12,401.99,368.09,42851.7116,1.00,1.00,12,0,0.0913,12,100.0,1.00,0.0380,0,1,2.2949,1.00,0.58
775,1,OVERLOAD,12,401.99,368.39,42430.3541,1.00,1.00,12,0,0.1001,12,100.0,1.00,0.0380,0,1,2.2959,0.83,0.58
776,1,OVERLOAD,12,403.99,378.34,40484.2688,1.00,1.00,12,0,0.0971,12,100.0,1.00,0.0380,0,1,2.2970,0.92,0.58
777,1,OVERLOAD,12,402.99,387.90,43025.6422,1.00,1.00,12,1,0.0968,12,100.0,1.00,0.0380,0,1,2.2972,0.92,0.75
778,1,LINE_FAULT,12,330.13,380.93,8293.2111,0.00,1.00,12,0,1.0000,12,100.0,1.00,0.0781,0,12,0.0000,0.00,0.08
779,1,OVERLOAD,12,403.63,381.00,38445.1377,1.00,1.00,12,0,0.0970,12,100.0,1.00,0.0380,0,1,2.2967,0.92,0.42
780,1,OVERLOAD,12,403.99,381.20,40451.9491,1.00,1.00,12,1,0.0982,12,100.0,1.00,0.0380,0,1,2.2961,1.00,0.42
781,1,OVERLOAD,12,398.99,388.08,39774.4398,1.00,1.00,12,1,0.0916,12,100.0,1.00,0.0380,0,1,2.2944,0.83,0.58
782,1,OVERLOAD,12,401.99,395.13,40058.7244,1.00,1.00,12,1,0.0926,12,100.0,1.00,0.0380,0,1,2.2933,0.92,0.67
783,1,LINE_FAULT,12,304.50,385.42,7819.9956,0.00,1.00,12,0,0.4167,12,100.0,1.00,0.0565,0,12,0.0000,0.00,0.08
784,1,OVERLOAD,12,399.79,385.20,42872.6636,1.00,1.00,12,1,0.0901,12,100.0,1.00,0.0380,0,1,2.2942,1.00,0.58
785,1,OVERLOAD,12,401.99,385.20,42695.1514,1.00,1.00,12,0,0.0958,12,100.0,1.00,0.0380,0,1,2.2959,1.00,0.58
786,1,LINE_FAULT,12,304.50,375.25,7573.8623,0.00,1.00,12,0,0.4167,12,100.0,1.00,0.0565,0,12,0.0000,0.00,0.08
787,1,OVERLOAD,12,402.79,375.23,43086.7983,1.00,1.00,12,1,0.0963,12,100.0,1.00,0.0380,0,1,2.2975,0.83,0.67
788,1,LINE_FAULT,12,330.13,375.23,7910.0978,0.00,1.00,12,0,1.0000,12,100.0,1.00,0.0781,0,12,0.0000,0.00,0.08
789,1,OVERLOAD,12,403.61,375.23,39666.9778,1.00,1.00,12,1,0.1007,12,100.0,1.00,0.0380,0,1,2.2973,0.92,0.75
790,1,LINE_FAULT,12,330.13,367.84,8400.9402,0.00,1.00,12,0,1.0000,12,100.0,1.00,0.0781,0,12,0.0000,0.00,0.08
791,1,LINE_FAULT,12,307.81,358.72,7576.3048,0.00,1.00,12,0,0.4167,12,100.0,1.00,0.0566,0,12,0.0000,0.00,0.08
792,1,LINE_FAULT,12,307.41,349.27,7700.7996,0.00,1.00,12,0,0.4167,12,100.0,1.00,0.0566,0,12,0.0000,0.00,0.08
793,1,OVERLOAD,12,399.79,358.80,44283.1490,1.00,1.00,12,0,0.0984,12,100.0,1.00,0.0380,0,1,2.2975,0.83,0.58
794,1,LINE_FAULT,12,304.50,349.27,7896.3004,0.00,1.00,12,0,0.4167,12,100.0,1.00,0.0565,0,12,0.0000,0.00,0.08
795,1,LINE_FAULT,12,333.44,342.41,8925.7090,0.00,1.00,12,0,1.0000,12,100.0,1.00,0.0780,0,12,0.0000,0.00,0.08
796,1,LINE_FAULT,12,331.50,345.11,8870.8772,0.00,1.00,12,0,1.0000,12,100.0,1.00,0.0781,0,12,0.0000,0.00,0.08
797,1,LINE_FAULT,12,307.81,335.61,7083.1563,0.00,1.00,12,0,0.4167,12,100.0,1.00,0.0566,0,12,0.0000,0.00,0.08
798,1,OVERLOAD,12,400.79,342.68,40252.9375,1.00,1.00,12,0,0.1012,12,100.0,1.00,0.0380,0,1,2.2976,0.75,0.67
799,1,LINE_FAULT,12,330.13,335.33,7793.8618,0.00,1.00,12,0,1.0000,12,100.0,1.00,0.0781,0,12,0.0000,0.00,0.08
800,1,LINE_FAULT,12,307.81,333.10,6882.0206,0.00,1.00,12,0,0.4167,12,100.0,1.00,0.0566,0,12,0.0000,0.00,0.08
801,1,LINE_FAULT,12,333.44,335.66,8640.0707,0.00,1.00,12,0,1.0000,12,100.0,1.00,0.0780,0,12,0.0000,0.00,0.08
802,1,LINE_FAULT,12,307.81,335.70,7394.8815,0.00,1.00,12,0,0.4167,12,100.0,1.00,0.0566,0,12,0.0000,0.00,0.08
803,1,LINE_FAULT,12,333.44,329.07,9390.7301,0.00,1.00,12,0,1.0000,12,100.0,1.00,0.0780,0,12,0.0000,0.00,0.08
804,1,OVERLOAD,12,400.61,338.68,41607.4308,1.00,1.00,12,0,0.0999,12,100.0,1.00,0.0380,0,1,2.2970,0.83,0.67
805,1,OVERLOAD,12,401.99,345.53,41687.1623,1.00,1.00,12,1,0.0948,12,100.0,1.00,0.0380,0,1,2.2964,1.00,0.67
806,1,OVERLOAD,12,401.99,352.58,45555.3111,1.00,1.00,12,1,0.0952,12,100.0,1.00,0.0380,0,1,2.2963,0.83,0.58
807,1,OVERLOAD,12,401.99,362.00,40561.0292,1.00,1.00,12,0,0.0988,12,100.0,1.00,0.0380,0,1,2.2974,1.00,0.42
808,1,OVERLOAD,12,400.99,362.02,43554.4896,1.00,1.00,12,2,0.0986,12,100.0,1.00,0.0380,0,1,2.2980,0.83,0.50
809,1,OVERLOAD,12,402.99,369.31,40678.5841,1.00,1.00,12,0,0.0992,12,100.0,1.00,0.0380,0,1,2.2981,0.92,0.67
810,1,OVERLOAD,12,398.99,378.42,38633.8008,1.00,1.00,12,0,0.1020,12,100.0,1.00,0.0380,0,1,2.2981,1.00,0.58
811,1,OVERLOAD,12,402.99,385.38,42760.7348,1.00,1.00,12,0,0.1001,12,100.0,1.00,0.0380,0,1,2.2981,0.83,0.75
812,1,LINE_FAULT,12,330.13,387.61,8813.7937,0.00,1.00,12,0,1.0000,12,100.0,1.00,0.0781,0,12,0.0000,0.00,0.08
813,1,OVERLOAD,12,403.61,394.63,40490.9052,1.00,1.00,12,2,0.0983,12,100.0,1.00,0.0380,0,1,2.2978,1.00,0.67
814,1,OVERLOAD,12,398.99,394.47,40657.2272,1.00,1.00,12,1,0.1015,12,100.0,1.00,0.0380,0,1,2.2981,0.92,0.58
815,1,OVERLOAD,12,399.99,394.27,39379.4593,1.00,1.00,12,1,0.1014,12,100.0,1.00,0.0380,0,1,2.2979,0.92,0.58
816,1,LINE_FAULT,12,304.50,384.52,7855.4948,0.00,1.00,12,0,0.4167,12,100.0,1.00,0.0565,0,12,0.0000,0.00,0.08
817,1,LINE_FAULT,12,333.44,377.66,8004.7242,0.00,1.00,12,0,1.0000,12,100.0,1.00,0.0780,0,12,0.0000,0.00,0.08
818,1,LINE_FAULT,12,331.50,370.71,7859.2218,0.00,1.00,12,0,1.0000,12,100.0,1.00,0.0781,0,12,0.0000,0.00,0.08
819,1,LINE_FAULT,12,331.50,363.56,8369.2525,0.00,1.00,12,0,1.0000,12,100.0,1.00,0.0781,0,12,0.0000,0.00,0.08
820,1,LINE_FAULT,12,331.50,356.81,8311.8545,0.00,1.00,12,0,1.0000,12,100.0,1.00,0.0781,0,12,0.0000,0.00,0.08
821,1,LINE_FAULT,12,307.81,347.30,7727.0730,0.00,1.00,12,0,0.4167,12,100.0,1.00,0.0566,0,12,0.0000,0.00,0.08
822,1,LINE_FAULT,12,307.41,345.02,7115.5579,0.00,1.00,12,0,0.4167,12,100.0,1.00,0.0566,0,12,0.0000,0.00,0.08
823,1,LINE_FAULT,12,333.44,338.01,8293.6351,0.00,1.00,12,0,1.0000,12,100.0,1.00,0.0780,0,12,0.0000,0.00,0.08
824,1,LINE_FAULT,12,307.81,328.89,7246.5445,0.00,1.00,12,0,0.4167,12,100.0,1.00,0.0566,0,12,0.0000,0.00,0.08
825,1,LINE_FAULT,12,333.44,322.23,8049.1756,0.00,1.00,12,0,1.0000,12,100.0,1.00,0.0780,0,12,0.0000,0.00,0.08
826,1,OVERLOAD,12,408.61,332.64,41423.7763,1.00,0.92,11,1,0.0968,11,100.0,0.92,0.0380,0,1,2.2971,0.92,0.58
827,1,OVERLOAD,12,403.99,339.70,43695.7317,1.00,1.00,12,0,0.0963,12,100.0,1.00,0.0380,0,1,2.2975,0.92,0.58
828,1,OVERLOAD,12,399.99,346.55,41824.8125,1.00,1.00,12,2,0.0968,12,100.0,1.00,0.0380,0,1,2.2980,0.83,0.50
829,1,OVERLOAD,12,401.99,353.60,41097.0831,1.00,1.00,12,2,0.0972,12,100.0,1.00,0.0380,0,1,2.2983,1.00,0.50
830,1,LINE_FAULT,12,304.50,350.90,7801.6597,0.00,1.00,12,0,0.4167,12,100.0,1.00,0.0565,0,12,0.0000,0.00,0.08
831,1,OVERLOAD,12,408.79,361.00,40410.6048,1.00,0.92,11,2,0.0975,11,100.0,0.92,0.0380,0,1,2.2981,0.83,0.50
832,1,OVERLOAD,12,416.70,371.93,46561.7939,1.00,0.92,11,0,0.0963,11,100.0,0.92,0.0379,0,1,2.2974,0.92,0.58
833,1,LINE_FAULT,12,304.37,369.02,6787.7505,0.00,1.00,12,0,0.4167,12,100.0,1.00,0.0565,0,12,0.0000,0.00,0.08
834,1,LINE_FAULT,12,307.41,368.98,7379.4665,0.00,1.00,12,0,0.4167,12,100.0,1.00,0.0566,0,12,0.0000,0.00,0.08
835,1,OVERLOAD,12,411.79,376.81,45890.6218,1.00,0.92,11,0,0.0980,11,100.0,0.92,0.0380,0,1,2.2971,0.83,0.75
836,1,LINE_FAULT,12,304.50,366.40,6644.7847,0.00,1.00,12,0,0.4167,12,100.0,1.00,0.0565,0,12,0.0000,0.00,0.08
837,1,LINE_FAULT,12,333.44,359.35,7805.9964,0.00,1.00,12,0,1.0000,12,100.0,1.00,0.0780,0,12,0.0000,0.00,0.08
838,1,OVERLOAD,12,403.61,359.71,41818.9891,1.00,1.00,12,0,0.0993,12,100.0,1.00,0.0380,0,1,2.2974,0.83,0.75
839,1,OVERLOAD,12,401.99,359.71,42674.8986,1.00,1.00,12,1,0.0953,12,100.0,1.00,0.0380,0,1,2.2967,1.00,0.50
840,1,OVERLOAD,12,402.99,369.56,41074.9507,1.00,1.00,12,1,0.0951,12,100.0,1.00,0.0380,0,1,2.2963,0.92,0.58
841,1,OVERLOAD,12,398.99,368.58,42391.9057,1.00,1.00,12,0,0.0953,12,100.0,1.00,0.0380,0,1,2.2970,0.83,0.50
842,1,LINE_FAULT,12,330.13,359.92,9945.8844,0.00,1.00,12,0,1.0000,12,100.0,1.00,0.0781,0,12,0.0000,0.00,0.08
843,1,LINE_FAULT,12,331.50,362.64,8457.1092,0.00,1.00,12,0,1.0000,12,100.0,1.00,0.0781,0,12,0.0000,0.00,0.08
844,1,LINE_FAULT,12,307.81,362.68,7387.7616,0.00,1.00,12,0,0.4167,12,100.0,1.00,0.0566,0,12,0.0000,0.00,0.08
845,1,OVERLOAD,12,389.36,360.43,325248864256.4228,1.00,0.92,11,0,0.2819,11,100.0,0.92,0.0486,0,1,0.7181,0.33,0.33
846,1,OVERLOAD,12,399.43,369.93,39485.6676,1.00,1.00,12,0,0.0966,12,100.0,1.00,0.0380,0,1,2.2972,0.67,0.33
847,1,OVERLOAD,12,401.99,376.78,44239.4650,1.00,1.00,12,1,0.0962,12,100.0,1.00,0.0380,0,1,2.2963,0.92,0.75
848,1,LINE_FAULT,12,330.13,369.43,1744452.4788,0.00,1.00,12,0,1.0000,12,100.0,1.00,0.0781,0,12,0.0000,0.00,0.08
849,1,LINE_FAULT,12,307.81,360.01,3097303.1138,0.00,1.00,12,0,0.4167,12,100.0,1.00,0.0566,0,12,0.0000,0.00,0.08
850,1,LINE_FAULT,12,333.44,353.06,16367.7018,0.00,1.00,12,0,1.0000,12,100.0,1.00,0.0780,0,12,0.0000,0.00,0.08
851,1,LINE_FAULT,12,307.81,343.94,996378.9622,0.00,1.00,12,0,0.4167,12,100.0,1.00,0.0566,0,12,0.0000,0.00,0.08
852,1,OVERLOAD,12,399.79,350.91,44933.6729,1.00,1.00,12,1,0.0973,12,100.0,1.00,0.0380,0,1,2.2963,0.83,0.50
853,1,LINE_FAULT,12,330.13,350.77,16575.1867,0.00,1.00,12,0,1.0000,12,100.0,1.00,0.0781,0,12,0.0000,0.00,0.08
854,1,OVERLOAD,12,405.61,360.55,48848.1142,1.00,1.00,12,2,0.1008,12,100.0,1.00,0.0380,0,1,2.2972,0.83,0.50
855,1,LINE_FAULT,12,304.50,352.06,49923.7668,0.00,1.00,12,0,0.4167,12,100.0,1.00,0.0565,0,12,0.0000,0.00,0.08
856,1,LINE_FAULT,12,307.41,342.86,18135.6183,0.00,1.00,12,0,0.4167,12,100.0,1.00,0.0566,0,12,0.0000,0.00,0.08
857,1,LINE_FAULT,12,307.41,333.40,9047.0962,0.00,1.00,12,0,0.4167,12,100.0,1.00,0.0566,0,12,0.0000,0.00,0.08
858,1,LINE_FAULT,12,333.44,333.73,32951.6127,0.00,1.00,12,0,1.0000,12,100.0,1.00,0.0780,0,12,0.0000,0.00,0.08
859,1,OVERLOAD,12,402.61,343.21,45230.1261,1.00,1.00,12,1,0.1004,12,100.0,1.00,0.0380,0,1,2.2972,0.92,0.67
860,1,OVERLOAD,12,401.99,350.07,46607.3394,1.00,1.00,12,1,0.1004,12,100.0,1.00,0.0380,0,1,2.2972,0.83,0.58
861,1,OVERLOAD,12,402.99,359.59,45136.6375,1.00,1.00,12,2,0.0939,12,100.0,1.00,0.0380,0,1,2.2964,0.92,0.67
862,1,LINE_FAULT,12,304.50,350.06,7577.9573,0.00,1.00,12,0,0.4167,12,100.0,1.00,0.0565,0,12,0.0000,0.00,0.08
863,1,LINE_FAULT,12,307.41,347.79,6567.7081,0.00,1.00,12,0,0.4167,12,100.0,1.00,0.0566,0,12,0.0000,0.00,0.08
864,1,OVERLOAD,12,402.79,347.51,45934.9238,1.00,1.00,12,0,0.0917,12,100.0,1.00,0.0380,0,1,2.2954,1.00,0.50
865,1,LINE_FAULT,12,304.50,347.51,6687.8070,0.00,1.00,12,0,0.4167,12,100.0,1.00,0.0565,0,12,0.0000,0.00,0.08
866,1,LINE_FAULT,12,307.41,347.51,8261.9548,0.00,1.00,12,0,0.4167,12,100.0,1.00,0.0566,0,12,0.0000,0.00,0.08
867,1,LINE_FAULT,12,307.41,347.51,6911.9180,0.00,1.00,12,0,0.4167,12,100.0,1.00,0.0566,0,12,0.0000,0.00,0.08
868,1,OVERLOAD,12,402.79,354.44,47822.8343,1.00,1.00,12,0,0.1009,12,100.0,1.00,0.0380,0,1,2.2968,0.75,0.42
869,1,OVERLOAD,12,402.99,354.48,47664.0853,1.00,1.00,12,2,0.0990,12,100.0,1.00,0.0380,0,1,2.2974,0.92,0.58
870,1,LINE_FAULT,12,304.50,344.73,7264.4071,0.00,1.00,12,0,0.4167,12,100.0,1.00,0.0565,0,12,0.0000,0.00,0.08
871,1,OVERLOAD,12,402.79,344.71,48539.1830,1.00,1.00,12,1,0.1024,12,100.0,1.00,0.0380,0,1,2.2973,0.92,0.58
872,1,LINE_FAULT,12,304.50,344.71,7571.9859,0.00,1.00,12,0,0.4167,12,100.0,1.00,0.0565,0,12,0.0000,0.00,0.08
873,1,LINE_FAULT,12,333.44,347.31,92046.5941,0.00,1.00,12,0,1.0000,12,100.0,1.00,0.0780,0,12,0.0000,0.00,0.08
874,1,OVERLOAD,12,397.61,346.79,48128.1488,1.00,1.00,12,0,0.1027,12,100.0,1.00,0.0380,0,1,2.2968,1.00,0.67
875,1,OVERLOAD,12,401.99,356.54,45907.9398,1.00,1.00,12,0,0.1002,12,100.0,1.00,0.0380,0,1,2.2974,0.83,0.67
876,1,OVERLOAD,12,399.99,365.80,46814.5645,1.00,1.00,12,0,0.1025,12,100.0,1.00,0.0380,0,1,2.2974,0.75,0.50
877,1,OVERLOAD,12,402.99,375.36,48840.6844,1.00,1.00,12,1,0.1010,12,100.0,1.00,0.0380,0,1,2.2973,0.83,0.75
878,1,LINE_FAULT,12,330.13,368.09,367178.3997,0.00,1.00,12,0,1.0000,12,100.0,1.00,0.0781,0,12,0.0000,0.00,0.08
879,1,OVERLOAD,12,404.61,368.26,45677.9971,1.00,1.00,12,0,0.0996,12,100.0,1.00,0.0380,0,1,2.2970,1.00,0.67
880,1,LINE_FAULT,12,330.13,370.82,10340.7358,0.00,1.00,12,0,1.0000,12,100.0,1.00,0.0781,0,12,0.0000,0.00,0.08
881,1,OVERLOAD,12,403.61,370.90,43661.9084,1.00,1.00,12,0,0.0992,12,100.0,1.00,0.0380,0,1,2.2964,0.92,0.67
882,1,LINE_FAULT,12,304.50,370.90,7530.5564,0.00,1.00,12,0,0.4167,12,100.0,1.00,0.0565,0,12,0.0000,0.00,0.08
883,1,OVERLOAD,12,402.79,377.84,50014.8029,1.00,1.00,12,1,0.0956,12,100.0,1.00,0.0380,0,1,2.2964,0.92,0.58
884,1,OVERLOAD,12,402.99,378.37,48468.6483,1.00,1.00,12,0,0.0996,12,100.0,1.00,0.0380,0,1,2.2969,0.83,0.58
885,1,OVERLOAD,12,401.99,378.37,45848.5265,1.00,1.00,12,0,0.1009,12,100.0,1.00,0.0380,0,1,2.2971,0.92,0.67
886,1,OVERLOAD,12,401.99,378.57,45793.1636,1.00,1.00,12,0,0.1035,12,100.0,1.00,0.0380,0,1,2.2971,0.92,0.75
887,1,OVERLOAD,12,399.99,378.27,44616.7604,1.00,1.00,12,0,0.0984,12,100.0,1.00,0.0380,0,1,2.2970,1.00,0.58
888,1,OVERLOAD,12,399.99,385.26,47509.8132,1.00,1.00,12,1,0.0985,12,100.0,1.00,0.0380,0,1,2.2966,0.92,0.58
889,1,OVERLOAD,12,401.99,385.00,46008.4172,1.00,1.00,12,1,0.0993,12,100.0,1.00,0.0380,0,1,2.2971,0.92,0.75
890,1,LINE_FAULT,12,330.13,385.00,12806.2235,0.00,1.00,12,0,1.0000,12,100.0,1.00,0.0781,0,12,0.0000,0.00,0.08
891,1,OVERLOAD,12,403.61,385.00,45349.4289,1.00,1.00,12,0,0.1006,12,100.0,1.00,0.0380,0,1,2.2970,0.92,0.67
892,1,LINE_FAULT,12,304.50,385.00,7813.3920,0.00,1.00,12,0,0.4167,12,100.0,1.00,0.0565,0,12,0.0000,0.00,0.08
893,1,OVERLOAD,12,399.79,384.70,49682.2367,1.00,1.00,12,1,0.0961,12,100.0,1.00,0.0380,0,1,2.2970,1.00,0.58
894,1,OVERLOAD,12,402.99,384.70,44891.5957,1.00,1.00,12,0,0.0956,12,100.0,1.00,0.0380,0,1,2.2972,0.92,0.67
895,1,LINE_FAULT,12,304.50,374.95,7718.0911,0.00,1.00,12,0,0.4167,12,100.0,1.00,0.0565,0,12,0.0000,0.00,0.08
896,1,OVERLOAD,12,402.79,375.03,48357.0518,1.00,1.00,12,1,0.1023,12,100.0,1.00,0.0380,0,1,2.2971,0.75,0.58
897,1,LINE_FAULT,12,330.13,368.04,8053.8314,0.00,1.00,12,0,1.0000,12,100.0,1.00,0.0781,0,12,0.0000,0.00,0.08
898,1,LINE_FAULT,12,331.50,361.19,9213.5310,0.00,1.00,12,0,1.0000,12,100.0,1.00,0.0781,0,12,0.0000,0.00,0.08
899,1,OVERLOAD,12,402.61,361.26,45442.5671,1.00,1.00,12,2,0.1013,12,100.0,1.00,0.0380,0,1,2.2969,0.83,0.50
900,1,OVERLOAD,12,401.99,368.44,47158.4108,1.00,1.00,12,1,0.0955,12,100.0,1.00,0.0380,0,1,2.2972,0.83,0.67
901,1,LINE_FAULT,12,330.13,361.09,9344.2469,0.00,1.00,12,0,1.0000,12,100.0,1.00,0.0781,0,12,0.0000,0.00,0.08
902,1,OVERLOAD,12,400.63,370.71,44564.2386,1.00,1.00,12,0,0.0960,12,100.0,1.00,0.0380,0,1,2.2965,0.83,0.58
903,1,OVERLOAD,12,399.99,370.73,47816.3571,1.00,1.00,12,0,0.0945,12,100.0,1.00,0.0380,0,1,2.2971,1.00,0.58
904,1,LINE_FAULT,12,304.50,360.88,6561.8488,0.00,1.00,12,0,0.4167,12,100.0,1.00,0.0565,0,12,0.0000,0.00,0.08
905,1,LINE_FAULT,12,333.44,363.77,11197.8367,0.00,1.00,12,0,1.0000,12,100.0,1.00,0.0780,0,12,0.0000,0.00,0.08
906,1,OVERLOAD,12,403.61,363.85,45223.4855,1.00,1.00,12,0,0.1052,12,100.0,1.00,0.0380,0,1,2.2968,0.75,0.58
907,1,LINE_FAULT,12,304.50,361.29,6930.3199,0.00,1.00,12,0,0.4167,12,100.0,1.00,0.0565,0,12,0.0000,0.00,0.08
908,1,LINE_FAULT,12,307.41,358.88,7557.9150,0.00,1.00,12,0,0.4167,12,100.0,1.00,0.0566,0,12,0.0000,0.00,0.08
909,1,LINE_FAULT,12,333.44,351.96,8528.6816,0.00,1.00,12,0,1.0000,12,100.0,1.00,0.0780,0,12,0.0000,0.00,0.08
910,1,LINE_FAULT,12,307.81,342.55,7015.8293,0.00,1.00,12,0,0.4167,12,100.0,1.00,0.0566,0,12,0.0000,0.00,0.08
911,1,LINE_FAULT,12,307.41,340.27,7235.4465,0.00,1.00,12,0,0.4167,12,100.0,1.00,0.0566,0,12,0.0000,0.00,0.08
912,1,OVERLOAD,12,404.79,340.69,46112.9353,1.00,1.00,12,2,0.0978,12,100.0,1.00,0.0380,0,1,2.2970,0.92,0.42
913,1,LINE_FAULT,12,304.50,331.14,7626.6373,0.00,1.00,12,0,0.4167,12,100.0,1.00,0.0565,0,12,0.0000,0.00,0.08
914,1,LINE_FAULT,12,307.41,331.43,7358.4267,0.00,1.00,12,0,0.4167,12,100.0,1.00,0.0566,0,12,0.0000,0.00,0.08
915,1,LINE_FAULT,12,307.41,328.83,7233.2565,0.00,1.00,12,0,0.4167,12,100.0,1.00,0.0566,0,12,0.0000,0.00,0.08
916,1,LINE_FAULT,12,333.44,321.81,8885.7264,0.00,1.00,12,0,1.0000,12,100.0,1.00,0.0780,0,12,0.0000,0.00,0.08
917,1,OVERLOAD,12,403.61,331.72,47457.9457,1.00,1.00,12,1,0.0925,12,100.0,1.00,0.0380,0,1,2.2950,1.00,0.58
918,1,OVERLOAD,12,401.99,341.18,46671.8489,1.00,1.00,12,1,0.0975,12,100.0,1.00,0.0380,0,1,2.2956,0.83,0.58
919,1,OVERLOAD,12,402.99,348.14,46937.2327,1.00,1.00,12,0,0.0990,12,100.0,1.00,0.0380,0,1,2.2967,0.92,0.58
920,1,LINE_FAULT,12,304.50,347.81,7798.2062,0.00,1.00,12,0,0.4167,12,100.0,1.00,0.0565,0,12,0.0000,0.00,0.08
921,1,OVERLOAD,12,403.79,357.44,47738.5335,1.00,1.00,12,0,0.0987,12,100.0,1.00,0.0380,0,1,2.2971,0.92,0.58
922,1,OVERLOAD,12,401.99,357.16,47923.0810,1.00,1.00,12,1,0.0986,12,100.0,1.00,0.0380,0,1,2.2974,0.92,0.58
923,1,OVERLOAD,12,402.99,367.01,47757.3997,1.00,1.00,12,1,0.1015,12,100.0,1.00,0.0380,0,1,2.2975,0.92,0.58
924,1,OVERLOAD,12,401.99,376.47,47297.6770,1.00,1.00,12,1,0.1041,12,100.0,1.00,0.0380,0,1,2.2973,0.58,0.50
925,1,LINE_FAULT,12,304.50,376.18,6897.2767,0.00,1.00,12,0,0.4167,12,100.0,1.00,0.0565,0,12,0.0000,0.00,0.08
926,1,OVERLOAD,12,402.82,383.12,46517.9220,1.00,1.00,12,0,0.1049,12,100.0,1.00,0.0380,0,1,2.2966,0.92,0.58
927,1,OVERLOAD,12,401.99,382.96,45286.9490,1.00,1.00,12,1,0.1008,12,100.0,1.00,0.0380,0,1,2.2976,1.00,0.67
928,1,LINE_FAULT,12,304.50,373.21,6685.5794,0.00,1.00,12,0,0.4167,12,100.0,1.00,0.0565,0,12,0.0000,0.00,0.08
929,1,OVERLOAD,12,402.79,373.19,47934.0541,1.00,1.00,12,0,0.0972,12,100.0,1.00,0.0380,0,1,2.2967,0.92,0.75
930,1,LINE_FAULT,12,304.50,373.19,6720.3643,0.00,1.00,12,0,0.4167,12,100.0,1.00,0.0565,0,12,0.0000,0.00,0.08
931,1,LINE_FAULT,12,307.41,363.55,6775.2415,0.00,1.00,12,0,0.4167,12,100.0,1.00,0.0566,0,12,0.0000,0.00,0.08
932,1,LINE_FAULT,12,307.41,354.09,7966.1787,0.00,1.00,12,0,0.4167,12,100.0,1.00,0.0566,0,12,0.0000,0.00,0.08
933,1,LINE_FAULT,12,333.44,347.14,9244.6078,0.00,1.00,12,0,1.0000,12,100.0,1.00,0.0780,0,12,0.0000,0.00,0.08
934,1,OVERLOAD,12,401.61,347.10,48379.5559,1.00,1.00,12,0,0.0994,12,100.0,1.00,0.0380,0,1,2.2968,0.92,0.50
935,1,OVERLOAD,12,401.99,356.85,46476.9890,1.00,1.00,12,0,0.0997,12,100.0,1.00,0.0380,0,1,2.2975,0.75,0.42
936,1,LINE_FAULT,12,330.13,349.58,9754.2145,0.00,1.00,12,0,1.0000,12,100.0,1.00,0.0781,0,12,0.0000,0.00,0.08
937,1,LINE_FAULT,12,307.81,340.16,6506.3356,0.00,1.00,12,0,0.4167,12,100.0,1.00,0.0566,0,12,0.0000,0.00,0.08
938,1,LINE_FAULT,12,333.44,343.05,9032.1462,0.00,1.00,12,0,1.0000,12,100.0,1.00,0.0780,0,12,0.0000,0.00,0.08
939,1,LINE_FAULT,12,307.81,333.55,6846.5199,0.00,1.00,12,0,0.4167,12,100.0,1.00,0.0566,0,12,0.0000,0.00,0.08
940,1,OVERLOAD,12,403.79,343.48,50237.2782,1.00,1.00,12,1,0.1003,12,100.0,1.00,0.0380,0,1,2.2970,0.92,0.67
941,1,LINE_FAULT,12,304.50,343.19,6717.3385,0.00,1.00,12,0,0.4167,12,100.0,1.00,0.0565,0,12,0.0000,0.00,0.08
942,1,LINE_FAULT,12,333.44,345.80,11189.4789,0.00,1.00,12,0,1.0000,12,100.0,1.00,0.0780,0,12,0.0000,0.00,0.08
943,1,OVERLOAD,12,404.61,352.91,48266.8160,1.00,1.00,12,0,0.0990,12,100.0,1.00,0.0380,0,1,2.2968,1.00,0.42
944,1,LINE_FAULT,12,330.13,345.77,10197.7752,0.00,1.00,12,0,1.0000,12,100.0,1.00,0.0781,0,12,0.0000,0.00,0.08
945,1,OVERLOAD,12,400.61,345.63,46881.1792,1.00,1.00,12,0,0.0954,12,100.0,1.00,0.0380,0,1,2.2966,0.83,0.58
946,1,LINE_FAULT,12,304.50,343.06,7592.6390,0.00,1.00,12,0,0.4167,12,100.0,1.00,0.0565,0,12,0.0000,0.00,0.08
947,1,LINE_FAULT,12,333.44,345.63,11363.4025,0.00,1.00,12,0,1.0000,12,100.0,1.00,0.0780,0,12,0.0000,0.00,0.08
948,1,OVERLOAD,12,403.61,352.64,47611.9945,1.00,1.00,12,0,0.0987,12,100.0,1.00,0.0380,0,1,2.2967,0.83,0.50
949,1,OVERLOAD,12,402.99,362.16,47975.9212,1.00,1.00,12,1,0.0939,12,100.0,1.00,0.0380,0,1,2.2973,1.00,0.50
950,1,OVERLOAD,12,402.99,362.08,47095.3796,1.00,1.00,12,0,0.0964,12,100.0,1.00,0.0380,0,1,2.2974,1.00,0.75
951,1,LINE_FAULT,12,304.50,362.08,7800.6290,0.00,1.00,12,0,0.4167,12,100.0,1.00,0.0565,0,12,0.0000,0.00,0.08
952,1,LINE_FAULT,12,307.41,359.48,7089.4219,0.00,1.00,12,0,0.4167,12,100.0,1.00,0.0566,0,12,0.0000,0.00,0.08
953,1,OVERLOAD,12,400.79,359.10,47715.1524,1.00,1.00,12,0,0.0974,12,100.0,1.00,0.0380,0,1,2.2973,0.92,0.58
954,1,LINE_FAULT,12,330.13,359.10,12078.8654,0.00,1.00,12,0,1.0000,12,100.0,1.00,0.0781,0,12,0.0000,0.00,0.08
955,1,OVERLOAD,12,403.61,359.40,44263.1710,1.00,1.00,12,1,0.1027,12,100.0,1.00,0.0380,0,1,2.2969,0.83,0.58
956,1,OVERLOAD,12,398.99,368.85,45418.9950,1.00,1.00,12,2,0.0939,12,100.0,1.00,0.0380,0,1,2.2968,0.83,0.58
957,1,LINE_FAULT,12,330.13,368.52,12116.4395,0.00,1.00,12,0,1.0000,12,100.0,1.00,0.0781,0,12,0.0000,0.00,0.08
958,1,OVERLOAD,12,397.61,367.92,48323.3598,1.00,1.00,12,0,0.0951,12,100.0,1.00,0.0380,0,1,2.2959,0.83,0.42
959,1,LINE_FAULT,12,304.50,358.07,7442.6726,0.00,1.00,12,0,0.4167,12,100.0,1.00,0.0565,0,12,0.0000,0.00,0.08
960,1,LINE_FAULT,12,333.44,351.11,8198.7551,0.00,1.00,12,0,1.0000,12,100.0,1.00,0.0780,0,12,0.0000,0.00,0.08
961,1,OVERLOAD,12,400.61,360.72,48618.2932,1.00,1.00,12,1,0.0999,12,100.0,1.00,0.0380,0,1,2.2964,0.75,0.50
962,1,LINE_FAULT,12,304.50,360.43,7623.6811,0.00,1.00,12,0,0.4167,12,100.0,1.00,0.0565,0,12,0.0000,0.00,0.08
963,1,OVERLOAD,12,402.79,360.63,46894.7038,1.00,1.00,12,0,0.0994,12,100.0,1.00,0.0380,0,1,2.2969,0.92,0.67
964,1,OVERLOAD,12,401.99,367.82,49614.5365,1.00,1.00,12,0,0.0995,12,100.0,1.00,0.0380,0,1,2.2973,1.00,0.50
965,1,OVERLOAD,12,402.99,367.76,48030.9265,1.00,1.00,12,2,0.1014,12,100.0,1.00,0.0380,0,1,2.2974,0.83,0.58
966,1,LINE_FAULT,12,330.13,360.87,8583.1845,0.00,1.00,12,0,1.0000,12,100.0,1.00,0.0781,0,12,0.0000,0.00,0.08
967,1,LINE_FAULT,12,307.81,358.64,7499.2407,0.00,1.00,12,0,0.4167,12,100.0,1.00,0.0566,0,12,0.0000,0.00,0.08
968,1,LINE_FAULT,12,333.44,352.22,8646.5335,0.00,1.00,12,0,1.0000,12,100.0,1.00,0.0780,0,12,0.0000,0.00,0.08
969,1,LINE_FAULT,12,307.81,352.55,7327.1987,0.00,1.00,12,0,0.4167,12,100.0,1.00,0.0566,0,12,0.0000,0.00,0.08
970,1,LINE_FAULT,12,333.44,352.55,8421.1064,0.00,1.00,12,0,1.0000,12,100.0,1.00,0.0780,0,12,0.0000,0.00,0.08
971,1,OVERLOAD,12,400.63,352.55,48602.8712,1.00,1.00,12,0,0.1015,12,100.0,1.00,0.0380,0,1,2.2965,0.83,0.58
972,1,OVERLOAD,12,399.99,362.10,46824.8091,1.00,1.00,12,1,0.1011,12,100.0,1.00,0.0380,0,1,2.2975,0.92,0.58
973,1,LINE_FAULT,12,304.50,352.27,7948.5761,0.00,1.00,12,0,0.4167,12,100.0,1.00,0.0565,0,12,0.0000,0.00,0.08
974,1,LINE_FAULT,12,307.41,342.81,7282.7254,0.00,1.00,12,0,0.4167,12,100.0,1.00,0.0566,0,12,0.0000,0.00,0.08
975,1,OVERLOAD,12,400.79,342.59,45413.0078,1.00,1.00,12,2,0.0995,12,100.0,1.00,0.0380,0,1,2.2972,0.83,0.50
976,1,OVERLOAD,12,403.99,349.98,45344.8556,1.00,1.00,12,2,0.0953,12,100.0,1.00,0.0380,0,1,2.2969,1.00,0.67
977,1,LINE_FAULT,12,304.50,349.65,8134.2422,0.00,1.00,12,0,0.4167,12,100.0,1.00,0.0565,0,12,0.0000,0.00,0.08
978,1,OVERLOAD,12,396.79,355.98,47129.6397,1.00,1.00,12,0,0.0917,12,100.0,1.00,0.0380,0,1,2.2960,0.83,0.50
979,1,OVERLOAD,12,401.99,365.40,45230.6903,1.00,1.00,12,1,0.0931,12,100.0,1.00,0.0380,0,1,2.2965,0.92,0.58
980,1,OVERLOAD,12,400.99,372.16,46404.3388,1.00,1.00,12,1,0.0936,12,100.0,1.00,0.0380,0,1,2.2965,1.00,0.58
981,1,LINE_FAULT,12,304.50,362.55,6859.9085,0.00,1.00,12,0,0.4167,12,100.0,1.00,0.0565,0,12,0.0000,0.00,0.08
982,1,LINE_FAULT,12,307.41,353.29,6985.5354,0.00,1.00,12,0,0.4167,12,100.0,1.00,0.0566,0,12,0.0000,0.00,0.08
983,1,OVERLOAD,12,403.79,363.22,46926.1261,1.00,1.00,12,0,0.1011,12,100.0,1.00,0.0380,0,1,2.2970,0.75,0.58
984,1,LINE_FAULT,12,330.13,365.49,8897.5039,0.00,1.00,12,0,1.0000,12,100.0,1.00,0.0781,0,12,0.0000,0.00,0.08
985,1,LINE_FAULT,12,307.81,356.19,8711.1025,0.00,1.00,12,0,0.4167,12,100.0,1.00,0.0566,0,12,0.0000,0.00,0.08
986,1,OVERLOAD,12,411.79,356.97,48126.2524,1.00,0.92,11,1,0.0962,11,100.0,0.92,0.0380,0,1,2.2966,0.83,0.67
987,1,OVERLOAD,12,402.99,366.82,48380.8270,1.00,1.00,12,1,0.0958,12,100.0,1.00,0.0380,0,1,2.2967,0.92,0.75
988,1,OVERLOAD,12,402.99,367.44,46750.2405,1.00,1.00,12,0,0.0988,12,100.0,1.00,0.0380,0,1,2.2974,0.83,0.75
989,1,OVERLOAD,12,401.99,367.44,47264.8932,1.00,1.00,12,1,0.0997,12,100.0,1.00,0.0380,0,1,2.2973,1.00,0.67
990,1,LINE_FAULT,12,304.50,357.79,7160.7055,0.00,1.00,12,0,0.4167,12,100.0,1.00,0.0565,0,12,0.0000,0.00,0.08
991,1,OVERLOAD,12,410.99,368.44,49020.4474,1.00,0.92,11,0,0.1003,11,100.0,0.92,0.0380,0,1,2.2968,0.92,0.67
992,1,LINE_FAULT,12,304.50,368.15,7416.0123,0.00,1.00,12,0,0.4167,12,100.0,1.00,0.0565,0,12,0.0000,0.00,0.08
993,1,OVERLOAD,12,429.25,370.69,51782.7639,1.00,0.92,11,1,0.0974,11,100.0,0.92,0.0374,0,1,2.2948,0.92,0.58
994,1,OVERLOAD,12,408.03,378.48,47421.1657,1.00,0.92,11,0,0.0957,11,100.0,0.92,0.0380,0,1,2.2950,0.83,0.75
995,1,OVERLOAD,12,401.99,387.90,46488.5631,1.00,1.00,12,2,0.0979,12,100.0,1.00,0.0380,0,1,2.2944,0.92,0.67
996,1,LINE_FAULT,12,304.50,377.17,7378.7686,0.00,1.00,12,0,0.4167,12,100.0,1.00,0.0565,0,12,0.0000,0.00,0.08
997,1,OVERLOAD,12,399.79,376.85,46470.6641,1.00,1.00,12,0,0.0963,12,100.0,1.00,0.0380,0,1,2.2933,1.00,0.42
998,1,OVERLOAD,12,402.99,376.85,48533.6395,1.00,1.00,12,0,0.1014,12,100.0,1.00,0.0380,0,1,2.2931,0.67,0.42
999,1,OVERLOAD,12,403.99,377.05,46421.1918,1.00,1.00,12,2,0.1010,12,100.0,1.00,0.0380,0,1,2.2935,0.92,0.58
1000,1,OVERLOAD,12,401.99,386.80,50076.5086,1.00,1.00,12,1,0.1004,12,100.0,1.00,0.0380,0,1,2.2935,0.75,0.67
1,1,OVERLOAD,5,201.16,201.16,0.0000,1.00,0.40,2,0,0.0795,2,100.0,0.40,0.0417,0,1,0.0000,1.00,0.80
2,1,OVERLOAD,5,181.87,191.51,0.0000,1.00,0.60,3,0,0.0834,3,100.0,0.60,0.0430,0,1,0.0000,0.80,1.00
3,1,LINE_FAULT,5,128.56,170.53,0.0000,0.00,1.00,5,0,0.2000,5,100.0,1.00,0.0567,0,5,0.0000,0.80,1.00
4,1,LINE_FAULT,5,135.45,161.76,0.0000,0.00,1.00,5,0,0.2000,5,100.0,1.00,0.0776,0,5,0.0000,0.60,0.80
5,1,LINE_FAULT,5,132.24,155.86,0.0000,0.00,1.00,5,0,0.0000,5,100.0,1.00,0.0566,0,5,0.0000,1.00,1.00
1,1,OVERLOAD,5,192.16,192.16,12901.7966,1.00,0.40,2,0,0.0986,2,100.0,0.40,0.0380,0,1,2.2967,0.80,1.00
2,1,LINE_FAULT,5,122.94,157.55,1026768.7296,0.00,1.00,5,0,0.6000,5,100.0,1.00,0.0565,0,5,0.0000,0.00,0.20
3,1,OVERLOAD,5,168.96,161.35,10342.1223,1.00,1.00,5,1,0.1003,5,100.0,1.00,0.0380,0,1,2.2923,0.60,0.80
4,1,LINE_FAULT,5,129.14,153.30,523824660.3065,0.00,1.00,5,0,0.6000,5,100.0,1.00,0.0780,0,5,0.0000,0.00,0.20
5,1,OVERLOAD,5,168.52,156.34,955958.8539,1.00,0.80,4,1,0.2400,4,100.0,0.80,0.0489,0,1,0.9165,0.40,0.60
1,1,LINE_FAULT,5,53.84,53.84,0.0000,0.00,1.00,5,1,0.0000,5,100.0,1.00,0.0565,0,5,0.0000,1.00,0.60
2,1,OVERLOAD,5,131.01,92.43,0.0000,1.00,0.40,3,0,0.0235,2,100.0,0.60,0.0544,0,1,0.0000,0.80,0.60
3,1,OVERLOAD,5,140.16,108.34,0.0000,1.00,0.60,3,0,0.0995,3,100.0,0.60,0.0380,0,1,0.0000,0.80,1.00
4,1,OVERLOAD,5,93.16,104.54,0.0000,1.00,1.00,5,1,0.0984,5,100.0,1.00,0.0380,0,1,0.0000,1.00,0.80
5,1,LINE_FAULT,5,57.14,95.06,0.0000,0.00,1.00,5,0,0.4000,5,100.0,1.00,0.0780,0,5,0.0000,0.80,0.80
1,1,LINE_FAULT,5,50.84,50.84,9543568.8695,0.00,1.00,5,0,0.6000,5,100.0,1.00,0.0565,0,5,0.0000,0.00,0.20
2,1,LINE_FAULT,5,57.45,54.14,213476039.5564,0.00,1.00,5,0,0.6000,5,100.0,1.00,0.0776,0,5,0.0000,0.00,0.20
3,1,OVERLOAD,5,142.56,83.62,6640.4668,1.00,0.60,3,0,0.1040,3,100.0,0.60,0.0376,0,1,2.2934,0.80,0.80
4,1,LINE_FAULT,5,54.05,76.22,214208604.3062,0.00,1.00,5,0,0.6000,5,100.0,1.00,0.0780,0,5,0.0000,0.00,0.20
5,1,LINE_FAULT,5,55.50,72.08,47345226.6187,0.00,1.00,5,0,0.6000,5,100.0,1.00,0.0779,0,5,0.0000,0.00,0.20
