timestamp,bus_1_v,bus_2_v,bus_3_v,bus_4_v,bus_5_v,bus_6_v,bus_7_v,bus_8_v,bus_9_v,bus_1_angle,bus_2_angle,bus_3_angle,bus_4_angle,bus_5_angle,bus_6_angle,bus_7_angle,bus_8_angle,bus_9_angle,bus_1_P,bus_2_P,bus_3_P,bus_4_P,bus_5_P,bus_6_P,bus_7_P,bus_8_P,bus_9_P,bus_1_Q,bus_2_Q,bus_3_Q,bus_4_Q,bus_5_Q,bus_6_Q,bus_7_Q,bus_8_Q,bus_9_Q,line_L1_4_P,line_L2_7_P,line_L3_9_P,line_L4_5_P,line_L4_9_P,line_L5_6_P,line_L6_7_P,line_L7_8_P,line_L8_9_P,line_L1_4_Q,line_L2_7_Q,line_L3_9_Q,line_L4_5_Q,line_L4_9_Q,line_L5_6_Q,line_L6_7_Q,line_L7_8_Q,line_L8_9_Q,line_L1_4_I,line_L2_7_I,line_L3_9_I,line_L4_5_I,line_L4_9_I,line_L5_6_I,line_L6_7_I,line_L7_8_I,line_L8_9_I,breaker_L1_4,breaker_L2_7,breaker_L3_9,breaker_L4_5,breaker_L4_9,breaker_L5_6,breaker_L6_7,breaker_L7_8,breaker_L8_9,anomaly_score,threat_score,attack_active,flisr_state_encoded,attack_type,fdia_active,replay_active,breaker_attack_active,cascade_probability,propagation_risk_encoded
1779788531382,0.9953,0.9965,0.9914,1.0039,1.0098,0.9869,1.0064,1.0143,0.9878,0.0105,-0.0159,0.0325,-0.0381,0.0137,-0.0355,0.0602,-0.0516,0.0533,71.17,162.28,83.17,-1.95,-126.53,-90.38,-1.03,-99.53,-1.72,26.98,5.54,-9.5,-0.46,-50.91,-29.75,0.96,-34.07,-0.67,8.67,6.18,-26.24,35.68,65.43,31.63,130.36,52.03,-29.59,48.15,-48.09,32.67,-22.1,37.28,9.03,-40.62,-21.55,5.45,0.493,1.4485,0.2272,0.989,0.9662,0.3295,0.3913,0.8587,1.1357,1,1,1,1,1,1,1,0,1,0.000281,0,0,0,0,0,0,0,0.0,0
1779788532382,0.9909,0.9901,1.0048,0.9855,1.0068,1.0101,0.9953,0.9856,1.0074,0.0753,-0.0439,-0.0043,-0.0461,-0.0653,0.0045,-0.0015,-0.0419,0.0578,72.43,161.59,83.33,1.71,-125.68,-91.35,-0.37,-98.48,-1.63,26.92,5.94,-10.25,0.73,-50.09,-29.8,0.49,-35.77,0.91,-84.02,-138.39,-19.94,48.71,10.32,29.93,-86.01,-133.94,-57.22,-46.34,-17.32,-23.87,38.17,37.6,-8.12,29.23,-11.04,-10.9,0.2941,0.493,1.2683,1.2478,1.185,0.7492,0.6083,0.575,0.8272,1,1,1,1,1,1,1,0,1,0.000422,0,0,0,0,0,0,0,0.0,0
1779788533382,0.9996,0.9956,1.0009,0.9901,1.0079,1.0,1.0057,1.0025,0.9939,0.0137,-0.0655,0.0207,-0.0033,-0.0555,0.0538,-0.0187,-0.0472,0.0328,73.03,163.3,85.48,0.95,-124.03,-89.51,1.33,-101.26,-1.96,27.07,6.96,-9.54,-0.97,-50.81,-29.94,0.25,-35.39,-0.53,14.8,-56.18,-73.01,-35.31,118.92,-34.53,-56.45,110.52,-62.27,-18.82,44.48,21.07,23.21,-3.8,-13.77,-2.05,21.08,40.22,0.9923,1.0732,1.1704,1.2771,0.3822,0.4873,0.5779,1.1965,1.4479,1,1,1,1,1,1,1,0,1,0.00047,0,0,0,0,0,0,0,0.0,0
1779788534382,0.9991,1.0141,1.0044,0.9926,1.0028,0.9862,0.9892,0.9856,1.0056,0.0775,0.0731,-0.0162,0.0667,-0.0173,0.0559,0.0015,0.0608,-0.0758,73.25,162.97,83.04,0.47,-124.27,-88.23,1.95,-98.89,-0.76,26.48,6.06,-10.73,0.33,-49.17,-30.64,0.5,-34.97,-0.64,48.07,-16.66,116.61,-101.99,54.29,62.12,76.79,32.01,74.26,21.89,42.34,47.41,11.49,44.42,-48.85,-30.58,44.62,-31.03,0.84,0.1186,1.4704,0.5086,0.8024,1.3449,0.9771,1.35,0.4579,1,1,1,1,1,1,1,0,1,0.00039,0,0,0,0,0,0,0,0.0,0
1779788535382,0.988,1.0042,1.0003,1.0148,0.9861,0.9853,0.9965,1.0071,0.9854,-0.0025,0.0565,-0.0707,0.0004,0.005,0.0636,-0.0724,-0.0316,0.0246,73.88,164.19,85.07,1.11,-125.41,-89.28,-0.89,-99.98,-1.54,27.22,5.63,-9.26,0.52,-49.04,-30.89,-0.95,-35.05,-0.6,41.26,-126.27,118.28,-116.54,6.29,82.81,126.67,58.77,8.26,20.88,10.65,26.16,39.02,43.26,34.22,-29.13,37.16,-5.85,0.3326,0.3894,1.0744,0.5271,0.6982,0.4706,1.4361,0.954,0.5585,1,1,1,1,1,1,1,0,1,0.000405,0,0,0,0,0,0,0,0.0,0
1779788536382,0.992,0.9933,0.997,1.0058,0.9962,1.0053,0.9955,1.0041,1.0041,-0.0077,-0.0061,-0.0789,0.0687,0.0526,-0.0071,-0.0653,0.0542,0.0147,73.25,161.73,83.32,-0.07,-124.14,-90.84,1.72,-99.2,-1.29,27.76,6.4,-10.38,-0.54,-50.95,-30.04,0.1,-34.75,-0.16,100.75,58.92,-76.78,97.29,64.86,-92.3,-25.38,1.26,72.89,-1.02,29.86,27.98,17.87,6.95,6.06,38.89,0.76,-26.28,0.5596,0.3486,0.4138,1.4406,1.3533,0.9039,1.0517,1.1685,0.2955,1,1,1,1,1,1,1,0,1,0.000135,0,0,0,0,0,0,0,0.0,0
1779788537382,1.0097,1.0147,0.9991,1.0003,1.0025,0.9878,0.9871,1.0012,0.9874,0.0234,0.0012,0.0693,0.0076,0.0574,0.0724,0.0612,-0.0354,-0.0281,72.47,162.17,86.74,0.7,-125.18,-91.51,-0.65,-100.53,0.45,27.87,6.26,-10.99,-0.3,-49.09,-29.2,0.05,-34.87,0.01,-130.77,141.58,37.47,-135.06,32.3,-144.72,-30.65,-61.3,58.6,37.32,31.79,2.07,37.05,41.34,-32.42,-34.76,-43.34,5.9,1.0305,0.9034,0.193,1.3246,0.2339,1.1194,1.0886,0.3526,1.0696,1,1,1,1,1,1,1,0,1,0.000167,0,0,0,0,0,0,0,0.0,0
1779788538382,1.0102,0.9961,0.9882,0.9871,0.9973,0.9981,1.0098,1.0026,0.9904,-0.0193,-0.0301,0.005,-0.0208,-0.0332,0.0432,0.0048,-0.0359,0.0706,73.55,162.37,84.62,0.38,-125.01,-88.45,-0.0,-99.33,0.81,26.26,6.71,-9.22,0.2,-49.69,-30.76,0.49,-35.06,-0.66,-66.26,-99.38,130.74,-70.87,-54.21,-60.79,86.68,-77.04,-89.88,-14.07,-49.34,-20.59,-14.26,-3.57,-27.68,-8.19,-14.38,-22.51,0.5644,0.8862,0.6796,0.5124,0.1554,1.0616,1.3595,1.2098,0.8263,1,1,1,1,1,1,1,0,1,0.000347,0,0,0,0,0,0,0,0.0,0
1779788539382,1.0107,1.0019,0.9935,0.9991,1.0109,1.006,1.0132,0.9991,0.9882,0.0042,0.0691,-0.0308,0.055,-0.051,0.0723,-0.05,0.0454,-0.0729,72.8,162.33,86.02,-0.78,-123.52,-90.14,-0.38,-100.26,-1.43,27.57,5.36,-10.04,0.15,-49.43,-29.39,-0.65,-35.15,0.89,-35.11,91.47,9.8,-83.15,119.84,-28.91,-117.75,18.41,16.9,-42.49,-32.33,-15.32,37.18,-1.57,43.84,2.31,31.39,-29.01,0.4107,1.3603,0.5189,1.0342,0.4332,1.002,0.585,0.5702,0.2005,1,1,1,1,1,1,1,0,1,0.000247,0,0,0,0,0,0,0,0.0,0
1779788540382,0.9979,0.9931,0.999,0.9902,1.0013,0.9925,0.9858,0.9876,1.0138,0.0618,0.0107,-0.0495,0.0186,0.0486,-0.0756,0.057,-0.0257,-0.0066,73.38,162.45,84.91,1.45,-126.64,-89.23,-0.43,-100.15,1.15,27.37,5.66,-10.26,-0.38,-50.82,-29.76,-0.61,-34.41,0.49,-15.46,139.23,96.97,-136.06,-73.27,108.11,-68.96,-95.84,112.74,39.48,-49.83,-36.19,-17.0,-47.87,36.33,-29.91,17.29,30.83,0.571,1.319,0.4892,1.2646,1.007,0.3848,1.4681,0.6777,1.4476,1,1,1,1,1,1,1,0,1,0.00041,0,0,0,0,0,0,0,0.0,0
1779788541382,1.007,0.9954,0.9858,1.0082,1.0041,1.0133,1.0005,1.0142,0.9899,0.0431,0.0166,-0.0274,-0.0632,-0.0459,-0.0798,0.065,0.0266,-0.0225,71.31,162.71,84.64,0.3,-123.73,-88.27,1.1,-98.95,0.52,26.11,5.23,-9.42,0.7,-49.26,-31.0,-0.27,-34.78,-0.55,27.58,-109.46,-120.82,-142.56,94.96,-85.24,-133.71,-127.52,55.41,-23.06,11.42,-9.41,-8.89,-25.45,-27.28,17.91,-19.15,22.16,0.1225,0.9175,0.2372,1.0541,0.2163,0.4824,0.9378,1.3508,0.7943,1,1,1,1,1,1,1,0,1,0.000168,0,0,0,0,0,0,0,0.0,0
1779788542382,0.9933,1.0149,0.9867,1.0064,0.9883,0.9873,0.9983,0.9875,1.0046,0.0646,-0.0057,0.0027,0.0595,-0.0127,-0.0356,-0.0103,0.0776,-0.0124,70.19,164.65,83.12,-0.24,-124.66,-89.18,1.56,-99.13,0.96,26.87,5.72,-9.64,-0.02,-50.2,-30.08,0.01,-35.07,-0.68,-126.93,26.41,-27.3,-1.79,-32.54,101.45,-67.35,-9.58,-61.43,-26.32,30.4,35.53,-22.92,-34.61,-1.37,19.58,-9.5,12.77,0.708,0.1336,0.9475,1.3218,1.2535,0.4926,0.1014,1.4358,0.3577,1,1,1,1,1,1,1,0,1,0.000318,0,0,0,0,0,0,0,0.0,0
1779788543382,1.0134,1.0013,0.991,1.0141,1.001,0.99,0.9883,1.013,0.9869,0.0572,0.022,0.0053,-0.0232,-0.0723,-0.051,-0.0315,0.0406,0.001,72.33,164.59,84.92,-1.16,-126.65,-90.09,1.36,-98.27,0.11,26.73,6.21,-10.6,-0.87,-50.19,-29.1,1.0,-34.99,-0.92,-103.89,95.77,10.95,49.23,-67.56,-100.78,11.95,-100.21,-132.21,-9.95,46.5,-48.96,-0.93,30.12,11.24,14.14,-31.06,27.69,0.3007,0.4845,0.5347,0.4899,0.2907,0.3266,1.1866,0.7129,0.6164,1,1,1,1,1,1,1,0,1,0.000313,0,0,0,0,0,0,0,0.0,0
1779788544382,1.0055,1.0079,1.0149,1.0022,0.998,1.0071,1.0002,1.004,0.9966,-0.0494,0.0295,-0.0726,-0.0732,-0.0091,0.0447,-0.0435,0.0569,-0.0701,71.21,163.1,85.86,-1.71,-123.7,-88.44,-0.03,-101.56,-0.78,26.31,6.39,-9.03,-0.61,-49.97,-29.54,-0.1,-34.99,0.53,141.24,39.99,-49.77,-72.98,-91.18,108.97,60.37,128.92,61.04,-1.24,-22.88,22.69,-31.31,41.05,-42.2,22.94,41.22,-17.71,0.637,0.244,1.2524,0.7731,1.1007,0.1519,0.2439,0.2571,0.1854,1,1,1,1,1,1,1,0,1,0.000374,0,0,0,0,0,0,0,0.0,0
1779788545382,1.0042,0.9922,0.9982,1.0093,1.0099,0.997,1.0016,1.0147,0.9868,0.0564,-0.0219,-0.047,0.0649,-0.065,-0.0318,-0.0788,0.062,0.0573,71.69,162.56,85.38,0.34,-126.26,-91.37,-0.57,-99.94,1.01,27.93,5.03,-9.79,-0.64,-50.91,-30.12,0.21,-34.22,0.78,-41.74,-43.85,-134.09,-24.48,-26.48,-60.06,6.47,-60.97,-106.55,-27.18,43.73,40.7,-36.16,23.94,33.88,-47.46,10.75,44.45,0.7737,0.8336,0.303,0.5337,1.1307,0.707,0.3409,0.525,1.1837,1,1,1,1,1,1,1,0,1,0.000453,0,0,0,0,0,0,0,0.0,0
1779788546382,0.9974,1.0125,0.9872,0.9972,1.0101,0.9939,0.9931,0.9983,0.9929,-0.0154,0.0476,0.0729,-0.0785,0.0731,0.0674,-0.0511,0.0695,-0.0739,73.18,162.43,84.69,0.34,-124.86,-91.74,-1.92,-99.17,-0.46,27.71,5.92,-9.55,-0.99,-49.05,-30.48,0.95,-35.26,0.09,-130.97,-50.86,97.64,-76.55,-36.6,-124.54,-59.69,-19.12,-139.8,12.35,40.37,44.0,36.36,16.47,7.26,27.98,12.23,-5.51,0.4532,0.5156,1.4103,0.1611,0.8521,0.5153,0.6857,0.1144,1.2415,1,1,1,1,1,1,1,0,1,0.000167,0,0,0,0,0,0,0,0.0,0
1779788547382,1.0099,1.0033,1.007,1.0092,1.0122,1.0031,1.0067,0.9893,1.0013,-0.0706,0.015,-0.0036,0.0298,0.0129,-0.0223,-0.0425,-0.0168,-0.0435,73.21,163.76,83.38,-0.69,-126.07,-89.72,1.91,-100.93,1.67,26.96,6.97,-10.84,-0.54,-49.47,-29.23,-0.54,-34.68,0.69,-40.48,-146.75,101.12,60.51,10.79,10.98,110.1,145.08,143.93,40.42,-1.47,7.69,26.8,11.82,-15.86,9.37,23.87,11.12,1.467,1.0171,0.2148,0.7212,0.2069,1.4367,1.404,0.7152,1.3102,1,1,1,1,1,1,1,0,1,0.000455,0,0,0,0,0,0,0,0.0,0
1779788548382,0.987,1.0134,1.014,1.0002,0.9967,0.9884,0.9916,0.9895,1.0093,-0.0573,-0.0624,0.0724,0.0553,0.0581,0.0621,0.0357,0.0485,0.0313,73.67,164.06,84.46,1.82,-124.1,-91.56,-0.28,-98.73,0.76,26.96,6.4,-10.57,-0.16,-50.76,-30.37,-0.6,-34.84,-0.79,115.14,-123.29,142.07,22.36,16.5,39.72,-91.47,-54.28,-128.96,48.11,-39.38,-37.99,-8.38,42.0,45.72,13.46,37.5,-49.12,1.0563,1.2453,1.2139,1.2137,0.168,0.4394,0.229,0.4798,0.8421,1,1,1,1,1,1,1,0,1,0.000342,0,0,0,0,0,0,0,0.0,0
1779788549382,0.9858,1.0006,1.0007,0.9876,1.0017,1.0146,0.9881,0.995,1.0097,-0.0172,-0.0397,0.0445,-0.0059,0.076,0.0514,-0.0435,-0.0531,-0.0332,71.3,161.47,86.61,-0.82,-125.11,-89.88,-0.1,-100.95,0.71,26.7,5.78,-9.32,0.76,-49.9,-30.24,0.55,-34.03,-0.26,-9.31,-65.31,-37.75,10.26,-147.76,-93.9,40.95,-109.61,133.23,-46.32,7.79,-47.65,33.34,14.03,-1.77,9.31,-25.24,44.02,0.2443,1.2019,1.4021,0.8221,0.1465,0.5651,1.0413,0.6247,0.5261,1,1,1,1,1,1,1,0,1,0.000419,0,0,0,0,0,0,0,0.0,0
1779788550382,1.0018,0.9965,1.0024,1.0087,0.9883,1.0035,0.994,0.9996,0.9905,-0.0477,-0.0668,0.017,-0.0374,0.0419,0.059,0.051,-0.0237,-0.0596,70.3,163.56,85.17,1.99,-123.02,-90.57,2.0,-101.43,-0.6,26.19,5.72,-9.42,-0.22,-50.03,-30.32,-0.84,-34.95,0.79,64.87,-89.57,-80.11,-140.61,118.31,108.98,123.75,-124.32,70.37,-25.05,10.13,-13.05,-28.74,36.93,-10.28,-28.52,-38.7,30.16,1.4316,1.2319,0.305,1.351,0.3462,1.2975,0.9223,0.2774,0.6546,1,1,1,1,1,1,1,0,1,0.000389,0,0,0,0,0,0,0,0.0,0
1779788551382,0.9994,1.0052,1.0083,0.9871,0.9867,0.99,1.006,0.9851,0.9967,0.0185,0.0587,0.0451,0.0169,0.0411,-0.0362,0.0788,0.0446,0.0135,72.01,161.56,84.33,1.25,-125.23,-89.77,1.75,-98.43,-0.84,26.21,6.97,-9.27,0.56,-50.9,-30.93,-0.9,-35.08,0.17,94.21,110.95,143.58,130.49,55.69,-67.49,18.44,-109.43,-42.68,17.39,-6.75,-18.13,-26.4,13.35,-44.83,11.67,3.65,22.06,0.8248,1.1933,1.1394,1.4728,0.319,1.0574,0.1349,0.1368,0.313,1,1,1,1,1,1,1,0,1,0.000302,0,0,0,0,0,0,0,0.0,0
1779788552382,1.0104,1.0081,0.9973,0.9888,1.0059,1.0054,0.9879,1.0088,0.9906,0.0019,-0.0086,-0.0768,-0.0012,0.0068,-0.0689,0.0395,-0.0231,-0.0266,73.2,164.07,83.37,1.45,-123.54,-90.98,-1.4,-100.44,-1.21,26.44,6.77,-9.35,-0.34,-50.23,-29.91,-0.77,-34.77,-0.82,92.38,-126.52,-94.51,9.79,-86.13,108.41,-84.62,-127.2,-136.45,-24.9,-43.4,-16.93,31.81,34.88,30.55,-18.49,5.22,-23.75,1.3069,1.0862,0.903,0.2574,1.147,0.1935,1.01,0.91,0.2682,1,1,1,1,1,1,1,0,1,0.000462,0,0,0,0,0,0,0,0.0,0
1779788553382,1.0057,0.9879,0.9977,0.9964,0.9878,0.9889,0.9867,0.9987,1.0064,0.0111,0.0394,0.0046,0.0316,-0.0196,0.0442,0.0206,-0.055,-0.0331,71.11,162.69,86.1,-1.31,-126.09,-91.06,0.91,-101.07,0.69,27.53,5.47,-10.38,-0.94,-50.93,-30.22,0.57,-35.91,-0.92,39.31,104.1,120.96,-11.57,-68.54,-21.74,47.82,-56.61,-83.24,-42.02,48.67,-34.34,11.9,-46.0,-18.04,-30.06,-32.44,-42.4,1.0492,0.939,0.1091,1.0633,1.0403,0.7041,0.4912,0.7527,0.3983,1,1,1,1,1,1,1,0,1,0.000467,0,0,0,0,0,0,0,0.0,0
1779788554382,1.0097,0.9987,1.0145,0.9905,1.0006,0.9941,0.9938,0.9851,0.9901,0.0327,0.0008,-0.0404,-0.0317,0.012,0.0635,0.0408,0.0588,-0.0609,72.28,161.74,83.49,0.46,-123.2,-89.9,-1.33,-98.15,0.15,26.51,5.87,-9.37,-0.69,-49.18,-29.43,0.58,-34.59,0.0,87.08,-13.24,-11.17,-67.77,-57.28,144.12,-75.74,42.69,-33.76,-38.4,1.21,0.82,21.86,-3.65,-34.6,-19.41,-20.16,20.7,1.0887,1.0811,1.2615,1.1854,1.4845,0.8275,0.2915,0.3591,0.9044,1,1,1,1,1,1,1,0,1,0.000161,0,0,0,0,0,0,0,0.0,0
1779788555382,1.015,0.9996,1.0096,1.0111,1.0055,1.0086,1.0021,1.0089,0.9984,0.0345,0.0684,0.0429,0.0021,0.0482,-0.0737,-0.025,0.0482,0.0008,73.43,163.49,85.87,-0.3,-125.3,-88.65,0.07,-100.2,-0.33,26.2,5.06,-9.28,-0.56,-50.98,-29.4,-0.46,-34.7,0.84,-42.15,-139.21,18.88,-89.21,-98.12,77.27,-115.63,124.89,-100.17,-15.29,1.4,-33.22,29.71,9.93,17.1,-4.26,2.82,33.58,0.3426,1.3352,0.8813,1.1294,0.567,0.5377,1.4948,1.3822,0.2927,1,1,1,1,1,1,1,0,1,0.000444,0,0,0,0,0,0,0,0.0,0
1779788556382,0.9872,1.008,0.9862,1.0095,1.0002,0.9979,1.0089,1.011,0.9868,-0.0079,0.0137,-0.051,-0.0226,-0.0441,-0.0056,0.0093,0.0238,-0.0788,70.74,162.14,86.68,-1.61,-125.17,-91.46,0.6,-98.34,-0.93,27.71,6.58,-9.39,0.45,-50.05,-30.02,0.53,-35.37,0.21,61.51,34.69,-138.05,-96.35,-53.36,-133.8,138.65,60.64,-55.81,47.19,-28.37,-6.74,29.4,-21.04,22.11,-25.57,-12.96,-49.23,1.1689,1.2265,0.7366,0.2799,0.6535,0.9201,0.9152,1.1467,0.2196,1,1,1,1,1,1,1,0,1,0.00035,0,0,0,0,0,0,0,0.0,0
1779788557382,0.9894,1.0,0.9878,0.9926,1.0027,1.0039,0.9978,0.9997,1.008,0.0576,0.0775,0.023,0.0695,0.0291,0.0243,0.0304,-0.0422,-0.0298,72.3,164.95,86.28,-1.32,-125.61,-88.78,0.7,-99.49,1.94,27.17,5.6,-10.55,0.21,-49.99,-29.77,-0.27,-35.94,0.36,-45.39,-41.99,-37.16,127.06,-51.68,24.94,-143.88,-128.55,61.74,0.7,-15.02,-6.24,-49.11,-45.16,-1.77,28.38,13.25,33.0,1.0955,1.3118,1.3163,0.2614,0.6521,0.9483,1.2466,1.1578,0.2636,1,1,1,1,1,1,1,0,1,0.000169,0,0,0,0,0,0,0,0.0,0
1779788558382,1.0059,0.9936,0.9852,0.999,1.0014,0.9878,0.9964,0.9884,1.0145,-0.0466,0.0419,0.0428,-0.0752,0.0792,0.0245,-0.0568,-0.0359,0.0234,73.77,161.87,83.24,0.07,-125.89,-89.68,-0.04,-98.86,-0.99,26.09,5.31,-9.79,0.27,-49.55,-30.89,-0.5,-34.96,0.23,30.84,-149.63,-36.6,28.0,-52.08,102.26,30.93,104.22,39.67,-44.23,-38.61,-42.12,-36.25,-3.57,22.44,-34.97,-7.13,-39.77,0.1366,1.4849,1.2259,0.6855,0.8706,0.216,1.3812,1.3755,0.4594,1,1,1,1,1,1,1,0,1,0.00013,0,0,0,0,0,0,0,0.0,0
1779788559382,0.9978,1.0104,0.9877,0.9865,1.0068,0.9897,0.9927,0.9953,1.0112,-0.0799,0.0186,-0.07,-0.0753,-0.0306,-0.0747,0.0305,0.0082,0.0699,73.3,164.88,83.89,-1.28,-125.71,-92.0,0.53,-98.54,-0.35,26.78,6.34,-9.17,-0.38,-50.56,-29.06,0.91,-35.85,-0.74,-145.67,-25.18,113.32,-71.84,-136.59,68.41,-5.18,-72.79,-17.61,47.6,-49.66,14.32,5.03,18.5,-45.23,46.6,33.65,-17.47,1.373,0.8551,0.3181,0.5009,1.2551,1.0063,1.1658,1.4794,0.5998,1,1,1,1,1,1,1,0,1,0.000204,0,0,0,0,0,0,0,0.0,0
1779788560382,1.0053,1.0126,1.0035,0.997,0.9992,0.9948,1.0018,0.9869,1.0141,-0.0241,-0.038,-0.0726,0.0527,-0.0423,0.0275,0.0511,0.0508,-0.0278,73.78,164.75,83.34,-0.02,-126.26,-88.68,-1.01,-101.22,1.8,26.74,5.04,-10.12,-0.1,-50.79,-29.63,-0.98,-35.14,0.96,-148.02,-44.21,115.15,-76.8,11.14,4.17,118.64,-106.04,-35.05,44.25,-15.35,18.78,-26.2,9.09,-33.96,-48.36,13.92,-48.79,0.9701,0.1666,0.5624,0.1741,0.6271,0.8379,0.6241,1.206,1.383,1,1,1,1,1,1,1,0,1,0.000157,0,0,0,0,0,0,0,0.0,0
1779788561382,0.9953,0.9937,0.9932,1.0116,0.9973,0.9997,1.0045,0.9854,1.0041,0.0507,-0.0482,-0.0641,0.0173,0.0505,-0.0306,-0.0003,0.021,-0.0041,73.57,163.9,85.33,-0.3,-125.6,-90.03,1.29,-101.01,-1.01,26.83,5.05,-10.39,0.65,-50.18,-29.77,-0.46,-34.49,-0.05,9.69,-46.74,86.36,5.45,-32.33,-124.58,50.83,83.33,29.69,-23.03,6.2,30.43,19.07,40.62,-46.64,12.34,5.32,8.68,1.026,1.1374,0.3828,1.1212,0.4386,0.2852,1.3345,1.4746,0.3236,1,1,1,1,1,1,1,0,1,0.000257,0,0,0,0,0,0,0,0.0,0
1779788562382,1.0062,1.0093,0.9919,0.9938,0.9918,0.9959,0.9934,1.0001,1.0141,-0.0087,0.0614,-0.0796,-0.0268,0.0552,-0.0713,-0.0412,-0.0516,0.0766,71.35,164.51,83.67,-1.26,-125.22,-88.05,0.67,-99.4,0.96,26.95,6.48,-9.72,0.85,-50.17,-29.67,-0.98,-35.54,0.31,88.08,19.44,-133.49,141.81,88.72,-95.79,-14.04,13.35,105.9,-37.47,45.31,19.88,10.36,-14.98,-26.85,-41.64,35.18,-23.97,0.8768,0.5921,0.952,1.4745,0.5077,0.3767,0.5982,0.8355,1.0106,1,1,1,1,1,1,1,0,1,0.000438,0,0,0,0,0,0,0,0.0,0
1779788563382,1.0122,0.9944,0.9899,0.9975,0.9899,1.0021,1.0041,0.9881,1.0065,-0.0428,-0.0435,-0.0447,-0.0322,-0.0642,0.0352,-0.0555,-0.0507,0.0688,73.48,162.37,85.89,0.39,-126.61,-88.45,1.96,-99.34,-1.97,27.75,5.35,-9.06,-0.17,-49.47,-29.83,0.19,-35.53,0.71,117.34,72.05,-110.84,-73.79,137.08,-54.31,-13.5,126.86,126.34,29.29,43.81,-4.3,17.0,25.54,-45.82,-22.86,43.42,-10.43,0.4032,0.6744,0.4321,0.929,1.3517,1.1908,0.5871,0.8086,1.3989,1,1,1,1,1,1,1,0,1,0.00017,0,0,0,0,0,0,0,0.0,0
1779788564382,1.0106,0.9938,0.9886,0.9952,1.0112,0.9908,0.9888,0.9864,0.9892,0.0694,0.0701,0.0589,-0.0519,-0.0018,0.0174,0.0111,0.0258,0.0286,72.51,164.9,83.82,0.01,-123.29,-91.83,1.58,-100.44,1.38,26.93,5.8,-10.17,0.82,-50.75,-30.88,-0.14,-35.87,-0.86,-59.01,16.38,61.54,-141.74,96.97,-46.12,137.29,-4.97,70.78,-9.11,46.54,38.76,48.14,-30.11,-24.21,-24.19,-9.15,45.42,0.3102,0.4335,0.8322,1.3928,1.0544,1.2646,0.9849,0.303,0.4874,1,1,1,1,1,1,1,0,1,0.000351,0,0,0,0,0,0,0,0.0,0
1779788565382,1.008,1.0111,1.0029,0.9913,1.006,0.9859,0.9894,0.9946,0.9854,0.0731,-0.0573,-0.0035,-0.0439,-0.0301,0.0675,0.054,0.0017,0.01,72.09,164.09,84.48,-1.34,-124.02,-89.74,-1.7,-101.85,0.96,26.12,5.47,-9.98,0.98,-50.44,-30.31,-0.96,-34.74,-0.15,111.9,101.86,-102.68,-24.52,-118.72,125.41,3.64,121.86,93.41,-41.24,31.58,-49.94,34.96,-30.16,-26.45,-1.07,12.44,-18.09,0.7074,0.8088,1.2641,1.329,0.6259,0.5745,0.9492,0.8465,1.1201,1,1,1,1,1,1,1,0,1,0.000206,0,0,0,0,0,0,0,0.0,0
1779788566382,1.0122,1.0012,1.0077,1.0034,1.0081,1.0052,1.0027,0.9921,0.9928,-0.028,-0.0776,-0.018,0.0234,0.0525,-0.0535,0.0085,-0.0345,-0.0004,72.15,162.03,86.18,1.15,-125.44,-89.79,-1.61,-98.77,0.51,27.62,5.58,-10.37,-0.84,-49.71,-30.43,0.75,-35.52,-0.62,77.12,43.71,-134.7,57.46,-79.04,-0.83,-37.0,-59.05,-126.75,27.48,-32.3,48.09,-17.4,-43.44,-41.73,-1.08,-3.55,-35.27,1.4871,0.2957,0.633,1.1776,1.3155,0.6291,1.2924,0.5212,0.4676,1,1,1,1,1,1,1,0,1,0.000367,0,0,0,0,0,0,0,0.0,0
1779788567382,0.9912,1.0138,0.9938,0.9919,1.0109,1.0072,0.9859,0.9879,0.991,-0.046,-0.0021,0.0253,-0.0745,-0.0044,-0.0372,-0.0173,0.0441,-0.0114,73.29,162.47,84.9,-1.62,-126.22,-90.61,-0.77,-98.41,1.59,27.97,6.98,-10.33,0.57,-50.2,-29.63,-0.74,-35.58,0.06,-80.52,-93.45,28.6,20.53,109.39,-56.17,129.22,-29.69,-121.32,3.03,39.21,45.48,-25.84,-10.37,-13.34,-20.67,-19.22,2.36,0.7898,1.326,1.1671,0.1501,1.2912,0.974,0.4687,1.2484,0.9136,1,1,1,1,1,1,1,0,1,0.000384,0,0,0,0,0,0,0,0.0,0
1779788568382,1.0042,0.9973,1.0052,1.0075,1.0064,1.005,0.9937,1.0102,1.0078,-0.0331,-0.024,0.0675,-0.0742,-0.0378,0.0555,0.0151,0.0721,0.0072,72.93,164.89,83.83,-0.97,-124.65,-89.72,0.69,-99.11,1.28,26.24,5.24,-10.52,-0.31,-49.04,-29.56,-0.19,-34.04,0.31,-8.12,84.34,-149.59,-19.11,121.02,-91.36,120.12,41.5,144.11,-23.08,-6.23,-40.77,-22.19,-1.36,-4.24,18.28,-9.79,14.91,1.1921,1.2281,0.5581,0.4489,0.2559,0.7579,0.9962,0.4638,0.8198,1,1,1,1,1,1,1,0,1,0.00036,0,0,0,0,0,0,0,0.0,0
1779788569382,0.9928,0.9989,1.0139,1.012,1.0002,0.9962,1.0045,0.9878,0.9977,-0.0024,0.0514,0.0041,0.0048,0.0115,0.0263,0.0201,-0.055,0.0352,71.3,161.08,83.92,-0.8,-123.33,-88.35,-1.45,-99.59,-0.17,26.89,6.18,-10.56,-0.81,-50.1,-30.78,0.88,-34.14,0.51,-30.41,85.53,-135.6,-6.2,147.49,-84.71,34.16,-103.7,124.37,41.31,-13.29,14.56,26.97,-46.84,-32.82,12.14,4.17,-33.41,0.2433,1.0232,0.1319,1.4438,1.2916,1.1402,0.9087,0.8247,0.2906,1,1,1,1,1,1,1,0,1,0.000116,0,0,0,0,0,0,0,0.0,0
1779788570382,0.9867,0.9877,0.9888,1.013,1.0053,0.9898,1.0058,1.0019,0.9883,-0.0699,0.0679,-0.0613,-0.0187,0.055,0.0369,-0.0701,-0.0559,-0.0326,73.05,162.05,85.12,-1.08,-126.4,-89.25,-0.39,-98.5,-1.11,27.74,6.35,-9.81,-0.74,-49.3,-29.14,0.48,-35.52,0.77,15.64,123.67,77.69,-95.71,-134.04,-107.78,10.86,-11.79,53.5,-4.84,41.39,12.13,41.28,10.51,-44.79,43.27,-31.97,35.62,0.8727,1.4821,1.4778,0.7473,0.5923,0.3369,1.1376,0.4855,0.6307,1,1,1,1,1,1,1,0,1,0.000469,0,0,0,0,0,0,0,0.0,0
1779788571382,0.9959,1.0049,0.9917,0.9985,0.9961,0.999,0.9915,1.0088,0.9996,0.0695,-0.0683,-0.0366,-0.018,-0.0368,-0.0643,-0.0432,0.0442,-0.047,71.22,162.04,83.46,-0.17,-124.13,-88.0,-1.47,-101.99,-1.95,26.9,5.64,-9.57,0.57,-50.06,-29.55,-0.74,-35.92,-0.83,-128.75,46.57,18.25,-98.79,129.28,149.84,109.75,100.13,-29.47,45.24,-27.43,-21.26,10.11,-13.4,4.15,-7.42,-4.44,-16.09,0.5312,0.9796,0.7041,1.1136,0.7657,0.339,0.4408,0.3942,1.0984,1,1,1,1,1,1,1,0,1,0.000409,0,0,0,0,0,0,0,0.0,0
1779788572382,1.0143,1.0091,1.0029,1.013,0.988,0.9924,1.0095,1.0006,0.995,-0.0732,0.0132,0.0263,0.0181,-0.0102,0.0018,0.0188,-0.0079,0.0221,70.27,161.35,84.14,-0.57,-124.05,-90.63,0.47,-100.02,-0.35,27.88,6.51,-10.32,-0.26,-49.45,-29.92,0.67,-34.73,0.29,-138.63,34.1,26.78,-66.37,75.34,-100.03,59.93,-0.47,-147.33,-15.7,-0.27,-1.99,-42.89,-49.57,-45.04,40.6,10.37,9.52,0.9452,1.1198,0.5262,0.3309,0.6081,0.1886,0.6214,1.1068,0.8664,1,1,1,1,1,1,1,0,1,0.000212,0,0,0,0,0,0,0,0.0,0
1779788573382,0.986,1.0012,1.0082,0.9861,1.0081,1.0024,1.0003,1.0145,1.0086,0.057,0.0251,-0.0541,-0.0183,-0.0075,0.0447,-0.028,-0.0349,0.0475,71.89,162.82,86.93,1.97,-123.08,-91.5,-1.74,-99.31,-0.23,26.02,6.99,-9.87,0.6,-49.42,-30.89,-0.88,-35.32,0.08,-93.96,-84.46,-44.78,-3.02,130.96,-94.75,11.93,61.06,0.59,2.77,9.76,-30.54,29.74,-15.95,-14.42,31.88,26.92,-37.01,0.5805,0.4013,1.199,0.7607,1.1536,1.0046,0.8394,0.8869,1.4678,1,1,1,1,1,1,1,0,1,0.00013,0,0,0,0,0,0,0,0.0,0
1779788574382,0.9989,1.0025,1.0091,0.9962,1.0118,0.9971,0.9995,0.997,0.9939,-0.0396,0.0217,0.005,-0.0472,-0.0328,-0.0669,-0.0293,-0.0733,0.0273,70.1,161.67,85.76,-1.86,-123.24,-89.04,0.05,-101.46,-0.41,26.63,6.6,-10.39,0.13,-50.13,-30.43,0.02,-34.26,-0.51,-105.46,-1.82,-45.76,-140.42,-62.56,-119.14,-61.65,44.87,128.47,-22.37,34.21,-22.53,35.46,-17.0,19.81,9.37,25.03,-4.58,0.5004,0.2174,0.9194,1.4646,0.2295,0.2126,1.145,1.2874,0.3606,1,1,1,1,1,1,1,0,1,0.000412,0,0,0,0,0,0,0,0.0,0
1779788575382,1.0145,1.0078,1.0072,1.0132,1.0114,1.0028,0.9963,0.9926,0.9974,-0.006,0.0225,0.077,0.0387,-0.0646,0.0701,0.0193,0.0399,0.0697,70.62,162.16,86.0,1.89,-125.46,-89.63,-1.27,-98.8,-0.01,26.46,5.58,-9.12,-0.6,-49.87,-30.43,0.71,-34.03,-0.05,85.56,-30.39,-82.46,-146.4,36.4,-29.07,65.93,125.8,28.51,17.61,-32.31,13.88,14.04,-16.22,-30.69,3.21,-43.85,-36.44,0.7895,1.4817,0.1918,0.731,0.1021,0.5946,0.5867,0.1078,1.3954,1,1,1,1,1,1,1,0,1,0.00013,0,0,0,0,0,0,0,0.0,0
1779788576382,1.0028,0.9913,1.0101,0.9944,1.0067,1.0051,1.0107,0.9905,0.9878,0.0659,0.0639,-0.07,0.0026,-0.018,0.0783,-0.0721,0.0757,-0.0706,70.61,164.59,84.9,1.64,-124.18,-88.85,-1.15,-101.84,-1.95,27.31,5.38,-9.01,-0.61,-50.14,-29.4,-0.32,-34.61,-0.5,-23.16,66.48,56.22,-146.62,-111.55,97.44,-136.13,126.57,-65.11,14.2,39.81,45.4,48.44,16.99,33.18,-23.94,-21.35,35.04,0.5626,0.3696,1.4773,0.3538,0.5748,0.8724,1.0722,0.8488,0.6446,1,1,1,1,1,1,1,0,1,0.000286,0,0,0,0,0,0,0,0.0,0
1779788577382,1.0058,0.9963,1.0038,0.9976,1.006,1.0081,1.0012,1.0023,0.9871,-0.0483,-0.0454,-0.0502,0.0481,-0.0077,0.0405,-0.0137,-0.0791,0.062,70.98,162.7,84.25,-1.95,-124.17,-90.63,0.05,-98.57,-1.25,26.14,6.89,-9.85,0.57,-50.56,-29.31,-0.32,-35.17,-0.98,-76.39,58.51,-36.23,50.77,-140.67,23.96,-92.45,48.47,-129.86,29.35,-10.67,34.19,40.83,-7.27,-26.49,-31.87,-47.42,35.99,1.0953,0.9418,0.2528,1.2991,0.4307,0.4585,0.3184,1.4369,1.4333,1,1,1,1,1,1,1,0,1,0.000414,0,0,0,0,0,0,0,0.0,0
1779788578382,1.0128,0.9861,0.9906,1.0028,1.0009,0.9911,0.9915,1.0091,0.9965,0.0148,0.0365,0.006,-0.0697,0.0385,0.0495,0.0228,0.0406,-0.0484,73.69,163.21,84.17,1.76,-125.12,-91.68,-1.51,-100.95,1.64,27.82,6.63,-10.43,-0.49,-49.11,-30.61,0.26,-35.79,0.89,54.4,20.02,37.54,-41.53,39.39,-61.21,-124.25,-120.58,-113.06,13.29,42.02,-15.94,-9.72,14.12,-18.0,45.55,-38.68,-8.89,0.9022,0.3729,1.1201,0.8892,0.9074,0.4456,1.1349,1.415,0.2182,1,1,1,1,1,1,1,0,1,0.000139,0,0,0,0,0,0,0,0.0,0
1779788579382,1.0012,0.9863,0.9953,1.013,0.9879,0.9966,1.0015,1.0083,1.0046,0.0693,0.0725,0.0246,-0.0726,-0.0401,0.0701,0.0695,0.0668,-0.0417,70.41,162.31,84.49,-1.19,-126.14,-91.37,1.78,-98.26,-1.89,27.41,5.86,-9.14,0.45,-49.57,-29.09,0.63,-35.8,0.0,24.6,36.9,131.77,-99.78,-125.81,-15.38,-28.31,-51.93,-111.6,-17.22,26.43,36.62,-13.49,-33.85,-27.09,-37.01,-15.21,-18.32,0.2739,0.4823,0.8207,0.3499,0.4383,1.1259,0.854,1.4163,1.337,1,1,1,1,1,1,1,0,1,0.000467,0,0,0,0,0,0,0,0.0,0
1779788580382,0.999,1.001,1.0052,1.0115,0.9896,1.0139,0.9982,1.0117,0.9979,-0.0513,-0.0352,0.0755,0.032,-0.0382,-0.034,0.006,-0.0394,-0.0041,72.81,162.65,84.48,0.38,-123.82,-88.47,-1.74,-98.09,-1.08,26.85,6.53,-10.23,0.77,-50.38,-30.09,-0.0,-35.36,0.14,-123.97,-86.42,140.34,51.07,-128.23,-89.99,-26.02,-108.36,148.52,-47.0,0.08,16.72,16.84,17.01,20.28,31.3,18.24,-20.74,0.3329,0.2772,0.2844,0.4223,0.9749,1.363,0.786,0.4747,0.8005,1,1,1,1,1,1,1,0,1,0.000153,0,0,0,0,0,0,0,0.0,0
1779788581382,0.9963,0.9906,0.9951,1.0143,1.0084,1.0083,0.9867,0.9961,1.0034,0.0512,-0.0466,-0.0725,-0.0634,-0.0527,-0.0496,-0.0787,-0.069,-0.0493,71.75,161.75,86.37,1.18,-124.49,-91.66,-1.43,-98.03,0.23,26.38,5.51,-10.07,0.92,-49.66,-30.34,0.36,-34.03,0.77,19.99,85.5,-27.28,13.55,122.18,-4.22,-128.6,11.24,-30.18,-42.95,14.13,2.44,-30.91,25.61,34.21,-43.25,9.37,-24.05,1.4223,0.89,1.0318,0.1634,0.5422,0.121,0.8268,0.4347,0.995,1,1,1,1,1,1,1,0,1,0.000184,0,0,0,0,0,0,0,0.0,0
1779788582382,1.014,1.0141,1.002,1.0043,0.9903,1.0026,1.0106,0.994,0.9912,-0.075,-0.0712,0.072,0.0344,-0.017,-0.0325,0.0717,-0.0122,0.0095,71.7,161.06,83.05,-1.07,-125.25,-89.08,0.57,-100.26,0.29,27.09,6.53,-9.97,0.34,-49.29,-29.4,0.9,-34.06,0.96,33.33,-21.69,121.67,-42.74,-32.85,18.21,61.84,121.09,-36.11,-35.44,46.03,-5.16,-7.71,27.82,12.1,-2.73,-30.55,-42.52,1.2032,1.1806,0.7446,1.3458,1.1141,1.1784,0.4961,1.1388,1.3447,1,1,1,1,1,1,1,0,1,0.000245,0,0,0,0,0,0,0,0.0,0
1779788583382,0.9894,0.998,0.9984,0.9979,0.9977,0.9974,1.0109,0.9979,0.9974,0.0238,0.0248,0.025,0.0646,0.0262,-0.0414,0.0454,-0.0158,0.0384,73.25,163.02,85.01,-0.97,-124.61,-90.73,-0.4,-99.02,0.74,26.07,5.43,-9.51,0.38,-49.86,-29.36,-0.22,-35.86,0.71,-111.5,-129.34,45.09,56.44,99.68,-61.67,-126.52,-54.72,-20.74,2.53,-41.65,-27.29,48.21,-7.7,-11.9,7.08,-24.45,-36.3,1.4703,0.7541,1.4146,1.1213,1.3912,0.1181,0.7057,1.3357,0.5061,1,1,1,1,1,1,1,0,1,0.000347,0,0,0,0,0,0,0,0.0,0
1779788584382,0.9993,1.0092,0.992,0.9934,1.0061,0.9877,1.0011,0.9874,1.015,-0.0044,-0.0775,-0.066,-0.0763,-0.0364,0.0319,-0.0776,-0.0101,0.0704,73.71,163.3,85.47,-1.39,-123.45,-91.46,0.04,-99.99,1.04,27.66,6.75,-9.8,0.47,-49.37,-30.78,-0.42,-35.07,0.77,134.53,-17.25,-7.03,55.08,99.33,-107.56,-8.89,-54.56,19.04,-22.1,-23.46,17.63,32.55,39.95,10.29,21.02,49.35,-29.94,0.3051,1.0091,0.9703,1.3115,0.5809,1.417,0.4606,0.3609,1.3862,1,1,1,1,1,1,1,0,1,0.000244,0,0,0,0,0,0,0,0.0,0
1779788585382,1.0099,1.0134,0.9991,0.9853,1.0035,0.9904,1.0042,0.9947,1.0101,-0.0603,-0.0671,-0.0443,0.0621,0.0612,0.0526,-0.0776,0.0183,0.0481,72.26,164.42,84.44,0.33,-123.27,-88.03,-1.58,-100.82,1.39,26.65,6.65,-9.36,0.1,-49.15,-29.18,-0.87,-35.49,0.47,-108.09,-123.98,-117.76,103.64,-122.86,-114.64,-112.22,137.45,-64.69,30.59,13.61,19.09,-7.69,5.15,25.93,-22.04,47.45,-17.16,0.8241,0.5858,0.9271,0.8683,0.8253,0.4168,1.4473,1.1346,1.2496,1,1,1,1,1,1,1,0,1,0.00037,0,0,0,0,0,0,0,0.0,0
1779788586382,0.9954,1.0032,1.0081,0.9945,0.9876,1.0054,0.9863,1.0019,1.0023,-0.0218,0.0669,-0.0109,-0.0584,-0.0286,0.0448,-0.0238,-0.0453,-0.0367,71.77,163.11,84.16,-1.34,-124.57,-88.23,-1.3,-99.8,-0.98,26.13,5.01,-10.96,0.19,-50.57,-29.1,0.69,-35.6,-0.81,111.47,84.54,43.4,113.08,60.39,145.03,-55.25,68.36,29.83,9.02,12.19,1.99,39.13,-27.03,24.78,6.93,19.49,-32.23,0.6357,1.3916,0.354,1.4956,1.0503,1.2824,1.3816,1.4371,0.7857,1,1,1,1,1,1,1,0,1,0.000114,0,0,0,0,0,0,0,0.0,0
1779788587382,0.9989,0.9936,1.0039,0.9931,0.9873,1.0114,1.002,0.99,0.9989,0.044,0.0423,0.0027,-0.016,0.0056,0.0119,0.0797,-0.0548,-0.0177,70.89,164.83,83.8,0.12,-124.68,-90.09,0.66,-100.07,1.12,26.86,5.24,-9.79,0.4,-49.29,-30.4,0.53,-34.16,0.02,-39.02,43.34,143.07,-144.61,92.2,-126.37,56.32,31.18,88.42,-15.22,7.25,-45.37,6.12,-45.37,27.36,-7.36,-15.55,7.02,1.3997,1.2668,0.1037,1.4729,0.8464,1.3658,0.965,1.4302,1.4137,1,1,1,1,1,1,1,0,1,0.00046,0,0,0,0,0,0,0,0.0,0
1779788588382,0.9948,0.9875,0.997,0.9868,0.9928,0.9989,0.9981,0.9958,0.9929,-0.0657,-0.0313,-0.0117,-0.0061,-0.0374,-0.0153,0.0606,-0.043,0.0385,70.12,162.8,83.31,-0.64,-124.19,-91.35,-0.81,-100.38,-1.68,26.51,6.26,-9.25,-0.81,-49.08,-30.52,-0.85,-35.78,0.27,-27.86,117.19,-83.02,99.38,37.59,5.26,149.65,125.15,5.48,7.88,-46.72,-11.61,18.66,-40.49,22.06,17.07,31.86,-43.95,0.663,0.8466,1.0781,0.7844,0.9931,0.6289,0.8491,0.5958,0.5623,1,1,1,1,1,1,1,0,1,0.000285,0,0,0,0,0,0,0,0.0,0
1779788589382,1.0147,0.9973,0.9946,1.0137,0.9872,0.9945,1.0133,1.0007,1.0004,-0.0566,0.072,-0.0594,-0.0683,-0.0783,0.0719,0.0257,0.0455,0.001,72.18,164.25,83.49,-0.35,-123.43,-91.19,0.66,-100.05,-1.23,26.99,6.9,-10.01,0.34,-49.91,-30.27,0.71,-35.46,0.2,-94.66,92.61,23.03,78.11,14.75,44.58,116.65,-42.23,116.94,24.37,5.47,8.44,7.22,5.63,-17.27,-30.97,41.43,39.59,0.6226,0.2343,1.2285,1.3632,1.1877,1.2932,1.4216,0.7938,1.3976,1,1,1,1,1,1,1,0,1,0.000187,0,0,0,0,0,0,0,0.0,0
1779788590382,1.0044,1.0131,1.0111,1.0081,0.9992,0.9944,1.0035,1.007,0.9948,0.003,0.0703,-0.0333,0.011,-0.0373,0.0737,0.0463,0.0629,0.0421,70.13,161.36,85.97,1.5,-124.02,-88.71,-1.36,-101.21,1.49,26.17,6.79,-9.02,0.44,-49.95,-29.46,0.76,-35.8,-0.28,18.73,78.13,-21.12,68.09,-60.05,-39.57,63.59,-13.82,-93.56,-40.29,-46.83,-7.19,35.12,18.53,-49.59,-31.34,-34.08,23.07,1.3635,0.7774,1.1283,0.9168,1.4013,0.1347,0.4456,0.7852,0.3065,1,1,1,1,1,1,1,0,1,0.000259,0,0,0,0,0,0,0,0.0,0
1779788591382,1.0031,0.9937,0.9898,1.0089,0.9934,0.9991,1.0116,0.9996,0.9861,-0.0108,0.0686,0.0007,0.0682,0.0654,-0.0263,-0.0261,0.0781,-0.0301,71.7,161.61,84.75,-0.18,-125.33,-89.4,-0.87,-101.13,-0.74,26.96,5.29,-9.07,-0.32,-49.74,-30.14,-0.65,-35.07,-0.15,-99.47,121.55,25.66,-51.99,-95.33,-133.51,142.66,-122.54,-5.45,-11.09,-42.97,36.03,3.1,-18.49,3.82,-42.36,28.97,18.35,0.9477,1.3595,0.7796,0.7539,0.6975,0.5018,0.9522,0.341,0.1289,1,1,1,1,1,1,1,0,1,0.000108,0,0,0,0,0,0,0,0.0,0
1779788592382,0.9856,1.0112,1.0057,0.9889,1.0074,0.9875,1.0064,1.0112,1.0095,0.0502,0.0746,0.0627,0.0515,0.0707,-0.0212,0.0549,-0.0409,0.0159,71.79,162.58,83.4,1.68,-126.4,-89.02,-0.9,-99.83,-1.19,26.81,5.92,-9.86,-0.43,-49.36,-29.32,0.03,-34.23,0.51,-50.32,-85.9,65.88,-44.82,-137.87,11.6,83.61,24.36,23.46,31.31,-4.51,45.73,-48.74,-30.75,23.55,11.38,-33.27,-32.85,1.1365,0.8687,0.7579,0.623,0.3202,1.3468,0.2503,0.2607,1.0167,1,1,1,1,1,1,1,0,1,0.000145,0,0,0,0,0,0,0,0.0,0
1779788593382,0.9957,1.0127,0.9977,1.0072,1.0074,1.0022,0.9854,1.0007,0.9897,0.0775,0.0123,0.0695,-0.0717,-0.0649,0.0209,-0.074,-0.052,-0.0631,72.2,164.49,84.32,-1.86,-124.23,-88.13,1.89,-100.54,1.34,27.48,6.78,-10.32,-0.22,-50.58,-29.0,-0.59,-34.95,0.24,-86.98,74.05,-121.06,-42.81,-130.8,-59.34,-11.68,28.78,-94.21,-42.07,1.05,-6.83,0.89,0.08,-17.45,37.98,34.28,-24.24,0.9117,0.9147,0.9506,1.0241,0.5852,0.3859,1.05,1.4865,1.3012,1,1,1,1,1,1,1,0,1,0.000441,0,0,0,0,0,0,0,0.0,0
1779788594382,1.004,1.0147,0.9864,0.9978,1.007,1.0058,0.9913,0.9894,1.0105,0.0031,-0.0736,0.0062,-0.0124,0.0325,0.0676,0.0744,-0.0654,0.042,73.16,163.87,85.72,1.61,-125.83,-88.04,-0.48,-100.72,-0.06,26.24,5.25,-10.45,0.95,-49.25,-30.28,0.23,-35.81,0.13,91.95,77.54,-56.16,-9.61,1.06,138.72,43.7,33.8,-10.56,19.27,30.18,37.74,10.95,-23.24,-37.21,13.04,-48.54,49.29,1.0078,1.4867,0.7114,0.4379,1.2624,0.5035,0.6693,0.174,0.6103,1,1,1,1,1,1,1,0,1,0.00019,0,0,0,0,0,0,0,0.0,0
1779788595382,0.9888,0.9897,1.0057,0.9862,0.9864,0.996,0.9872,0.9965,0.9989,-0.0742,0.0749,-0.0468,-0.0042,-0.0689,-0.0088,-0.0615,-0.0488,0.0764,71.15,164.66,85.73,-0.94,-124.26,-88.48,-1.1,-98.38,-1.9,26.13,5.7,-10.89,0.35,-49.05,-30.0,-0.9,-34.96,0.46,43.37,68.39,-20.78,42.7,148.41,-132.65,24.36,-81.8,-34.85,7.13,4.08,-46.77,27.18,-49.15,-45.28,-6.58,-22.96,9.3,0.9797,1.1104,0.7086,0.6955,0.5994,1.0134,0.2394,0.3731,1.0502,1,1,1,1,1,1,1,0,1,0.000275,0,0,0,0,0,0,0,0.0,0
1779788596382,1.0131,1.0011,0.9928,0.9868,1.0111,0.9956,0.9979,1.0035,0.9856,-0.0617,0.0149,-0.0221,-0.0356,-0.0379,0.008,-0.0656,-0.02,-0.0586,73.43,163.69,85.0,-1.64,-123.96,-89.01,-0.61,-100.5,-1.76,26.57,5.15,-9.56,0.12,-49.26,-30.72,0.69,-34.43,-0.53,-143.07,-66.45,68.11,-20.5,-57.99,147.6,65.59,72.84,-39.77,8.38,19.66,26.1,1.36,48.0,5.25,1.57,-4.54,-22.43,1.3557,0.3941,0.5847,0.656,1.3765,0.4431,1.1818,1.2259,0.6581,1,1,1,1,1,1,1,0,1,0.000205,0,0,0,0,0,0,0,0.0,0
1779788597382,0.9903,0.9935,0.9921,1.0131,1.0094,0.992,1.007,1.0019,0.9902,0.0631,-0.0404,0.0012,-0.0517,-0.076,-0.0068,-0.0276,-0.0124,-0.0152,72.5,163.65,86.14,-1.14,-124.57,-88.82,-1.21,-99.65,1.78,26.2,6.33,-10.51,0.92,-49.71,-30.56,-0.03,-35.93,-0.84,64.92,-146.57,-92.99,1.7,105.43,-134.18,138.97,-90.46,41.58,21.61,-12.45,6.99,8.54,-42.87,-16.04,-20.92,21.91,-6.95,0.6655,0.6042,1.2096,1.1437,1.0801,0.6589,0.5897,0.1928,0.8811,1,1,1,1,1,1,1,0,1,0.00023,0,0,0,0,0,0,0,0.0,0
1779788598382,1.0136,0.9921,0.989,0.9879,0.9903,0.9875,1.009,1.0059,1.0014,0.0457,-0.0346,0.0216,-0.0324,0.0525,-0.006,0.0625,-0.0445,0.0275,72.72,162.44,83.35,-1.71,-125.68,-88.04,1.81,-99.5,0.27,27.49,6.28,-9.16,-0.13,-50.87,-30.6,-0.05,-35.62,0.06,-66.82,-87.36,88.06,-114.91,65.02,-124.14,142.31,-71.19,64.81,13.58,33.66,-6.73,37.17,45.11,-25.6,2.59,-16.28,21.64,0.3912,0.1868,0.9565,0.557,0.8674,0.9179,0.3753,0.3167,0.1491,1,1,1,1,1,1,1,0,1,0.000484,0,0,0,0,0,0,0,0.0,0
1779788599382,1.0035,0.9909,1.0127,0.9878,1.0139,1.004,1.011,0.9967,1.0134,-0.0789,0.0713,0.0268,-0.0627,0.0229,0.0153,-0.0025,0.04,0.0687,70.89,161.5,85.97,1.02,-123.49,-88.8,-0.2,-99.81,0.49,27.45,6.69,-10.99,0.57,-50.94,-29.44,0.08,-35.33,0.35,92.96,-123.11,-86.34,102.32,-109.21,16.31,149.01,-58.03,-115.72,-28.95,9.77,1.52,-18.74,-28.06,-2.92,34.72,-23.77,45.35,0.8021,0.3583,0.483,1.4124,1.1343,1.3835,0.4567,1.029,0.4759,1,1,1,1,1,1,1,0,1,0.000243,0,0,0,0,0,0,0,0.0,0
1779788600382,0.9969,1.0131,0.9874,0.9885,1.0065,0.997,1.0076,0.9878,0.9932,0.0302,-0.0557,0.0148,-0.0525,-0.0094,-0.0178,0.0384,0.0447,-0.0659,72.89,162.97,83.21,-0.93,-123.06,-88.85,-1.66,-98.66,0.89,26.81,5.2,-9.32,-0.88,-49.79,-30.66,0.52,-35.67,-0.57,-105.46,105.47,112.89,71.2,39.66,1.93,22.37,93.68,-139.98,-6.56,7.35,-4.98,31.08,14.31,36.52,-13.97,-29.28,-30.35,0.6211,1.1123,1.2427,0.8833,0.3722,0.5156,1.0846,1.3157,0.2967,1,1,1,1,1,1,1,0,1,0.000467,0,0,0,0,0,0,0,0.0,0
1779788601382,1.0106,0.9869,1.0129,0.9853,1.0085,0.9916,1.0034,1.0003,1.0146,-0.0584,0.0583,0.0277,0.0401,0.0672,-0.0148,-0.0438,0.0384,0.0322,72.98,163.2,86.32,0.87,-123.45,-91.82,-1.59,-98.3,-1.54,26.85,5.48,-9.61,0.9,-49.36,-30.49,0.81,-35.98,0.79,-122.66,24.99,55.86,-70.49,16.23,11.03,82.39,-24.72,34.84,-7.44,43.46,-38.93,32.68,22.79,34.92,45.32,-35.99,-14.72,0.9924,0.3367,0.2975,0.2962,0.1352,0.9001,0.1161,0.8963,1.124,1,1,1,1,1,1,1,0,1,0.000434,0,0,0,0,0,0,0,0.0,0
1779788602382,0.997,0.9868,1.0042,1.0131,1.0117,1.0142,0.9895,1.0019,1.0149,-0.024,-0.0628,0.0638,0.0572,0.0087,0.0271,-0.0583,-0.0162,0.0302,70.85,163.7,83.47,-1.72,-124.07,-90.42,1.49,-101.99,0.98,27.95,5.55,-9.11,0.07,-49.63,-30.26,-0.09,-35.95,-0.63,110.86,-72.78,92.29,-16.99,-122.85,-75.41,-62.17,120.5,-126.41,9.82,31.18,27.79,-0.02,-39.97,45.84,-30.19,-35.0,-17.84,0.331,0.2482,1.0029,0.4993,1.2375,0.7827,0.9687,0.2151,1.3402,1,1,1,1,1,1,1,0,1,0.00021,0,0,0,0,0,0,0,0.0,0
1779788603382,0.9896,0.9939,1.0055,0.9906,0.9887,1.0149,1.0126,0.9909,1.0037,0.0348,-0.0603,0.0453,0.0786,-0.0536,-0.0534,-0.0182,-0.0684,-0.0723,71.36,163.78,83.73,-1.63,-126.83,-88.33,0.36,-99.04,-0.13,26.09,5.02,-10.01,0.95,-49.19,-29.81,-0.9,-35.31,-0.61,13.53,-116.12,133.99,-101.97,34.34,-75.79,41.09,-14.61,80.42,-45.65,24.17,-38.63,43.63,5.77,35.71,-23.19,-31.71,-43.42,0.4983,0.9698,0.4379,1.0754,0.7875,0.8221,1.1418,0.2169,0.3449,1,1,1,1,1,1,1,0,1,0.000485,0,0,0,0,0,0,0,0.0,0
1779788604382,1.0116,1.0053,0.9969,1.0051,1.0125,0.9897,1.0103,1.0133,1.0093,0.04,0.0574,-0.0245,-0.0606,0.0759,-0.0727,-0.0375,0.0731,-0.0678,72.88,163.95,83.6,0.14,-123.17,-90.89,-1.46,-100.33,-1.48,27.58,5.01,-9.02,0.93,-50.01,-29.44,0.12,-34.76,0.03,20.97,26.56,-96.62,-58.44,41.81,-27.91,-65.23,93.43,101.29,22.74,26.91,-42.24,-6.61,17.23,12.24,24.83,-22.09,44.77,0.853,0.1771,1.1274,1.0525,0.6505,0.6454,1.3685,0.5068,0.288,1,1,1,1,1,1,1,0,1,0.000253,0,0,0,0,0,0,0,0.0,0
1779788605382,1.0078,1.0027,0.9977,1.0143,0.9978,0.9902,0.9914,0.9906,1.0046,-0.0345,-0.066,0.0207,0.0651,-0.0201,0.0425,0.0559,0.006,0.0148,72.45,162.92,83.66,-1.99,-123.59,-91.43,1.94,-98.53,1.56,26.05,5.14,-10.55,-0.81,-50.54,-29.18,0.4,-35.22,0.68,-3.6,0.27,-56.74,-74.37,-42.21,-80.34,109.71,128.23,-121.25,-48.28,29.64,44.6,15.02,24.92,21.74,-19.1,46.98,-1.34,1.3468,1.1002,0.7343,0.7024,1.0082,0.2861,1.0201,0.8771,0.1406,1,1,1,1,1,1,1,0,1,0.000342,0,0,0,0,0,0,0,0.0,0
1779788606382,1.0018,1.0008,1.0034,1.0094,1.0025,1.009,0.9901,0.9876,0.9912,-0.0092,-0.0013,0.0529,0.0166,0.0468,-0.0531,-0.0777,-0.0124,-0.0093,72.47,161.03,84.76,-1.53,-125.36,-89.54,-0.42,-101.75,0.7,26.64,5.49,-9.71,0.73,-50.4,-29.69,-0.22,-35.33,-0.15,-27.28,146.4,147.66,-99.51,45.58,-99.53,-83.37,79.38,129.67,-32.79,4.45,-6.35,26.17,-33.17,16.32,41.92,-28.74,-10.17,0.4902,0.1856,1.4421,0.3622,1.4415,0.7467,0.7253,0.444,0.7983,1,1,1,1,1,1,1,0,1,0.000231,0,0,0,0,0,0,0,0.0,0
1779788607382,1.0005,1.0141,0.988,1.006,0.9982,1.0043,0.9984,0.9936,0.9867,-0.0475,0.0382,-0.0588,-0.0376,-0.0061,0.062,-0.0319,0.0763,-0.0049,73.69,161.05,86.15,-0.88,-126.66,-89.25,0.79,-101.29,-1.64,26.07,5.34,-9.02,-0.07,-49.85,-29.37,-0.55,-35.71,0.36,-47.14,-120.41,-133.44,130.41,37.15,53.7,28.95,-14.41,-115.92,44.28,25.09,45.89,-7.11,10.97,23.75,-47.19,37.33,-46.78,0.6199,1.1926,0.392,1.0146,0.764,0.5423,0.9073,1.1241,0.815,1,1,1,1,1,1,1,0,1,0.000201,0,0,0,0,0,0,0,0.0,0
1779788608382,1.0106,1.0043,0.9997,1.0045,1.0138,0.9967,0.9869,0.9904,0.9883,-0.0504,-0.0751,0.0373,0.0343,0.0767,-0.0053,-0.0177,-0.0065,-0.0633,70.6,164.01,86.93,-1.2,-126.0,-91.96,0.02,-101.9,1.71,26.26,5.31,-10.38,0.62,-49.29,-30.09,-0.58,-34.54,-0.06,149.36,91.41,-32.05,16.08,59.45,5.32,-141.92,-6.13,24.92,-10.51,-5.43,11.09,-6.45,-28.18,48.85,-49.44,-23.97,-19.95,0.6044,0.1567,0.1483,0.1592,0.4215,0.8536,0.1297,0.7629,1.0145,1,1,1,1,1,1,1,0,1,0.000313,0,0,0,0,0,0,0,0.0,0
1779788609382,1.0125,0.9888,0.9952,0.9991,0.9973,0.987,1.005,0.9995,0.9923,0.05,0.042,0.0352,0.0731,-0.0068,-0.0009,-0.0247,0.0617,0.0607,72.78,161.73,86.35,-1.58,-124.95,-89.02,-1.98,-100.68,-0.82,26.78,6.46,-10.2,-0.77,-49.83,-30.17,-0.64,-35.84,-0.97,94.85,-17.54,-83.27,40.22,94.55,141.5,56.52,51.95,2.82,38.7,-16.09,-10.12,-39.83,-1.07,-37.12,-14.12,-14.5,37.17,0.4225,1.4025,0.6384,0.4798,0.1655,0.8493,1.3464,1.4305,1.0633,1,1,1,1,1,1,1,0,1,0.000472,0,0,0,0,0,0,0,0.0,0
1779788610382,1.0081,0.9999,1.0074,0.9931,0.9995,0.9889,0.9955,1.011,0.9881,0.0724,0.0101,-0.0242,0.0199,0.0296,-0.017,-0.0045,-0.0064,-0.0276,72.88,161.39,86.48,-1.4,-126.94,-91.36,0.45,-100.45,0.22,27.0,6.98,-10.9,0.25,-50.65,-30.62,0.2,-35.46,0.37,78.43,84.92,-17.4,-133.64,69.0,136.41,93.54,92.81,148.47,0.67,-39.0,20.44,-17.63,-41.64,-38.28,-33.08,26.15,-38.45,1.1741,0.6912,0.3236,0.8182,0.8416,0.6282,0.6539,1.39,0.2114,1,1,1,1,1,1,1,0,1,0.000408,0,0,0,0,0,0,0,0.0,0
1779788611382,0.9854,0.9944,1.008,1.0049,0.997,1.0086,0.9853,0.9884,0.9997,0.0195,-0.0058,0.0256,0.0732,-0.0199,-0.075,0.0676,0.0532,0.0662,73.87,161.93,83.83,-0.88,-123.68,-91.28,0.89,-99.48,0.99,27.82,6.72,-10.33,-0.19,-50.78,-29.15,-0.68,-34.78,-0.47,132.14,-3.65,-69.57,133.15,89.72,20.29,27.64,89.37,-33.74,-9.84,-8.57,-40.73,32.12,48.26,40.4,35.01,30.07,-19.24,0.2143,0.3813,0.7048,0.4484,1.078,0.5577,0.3026,1.0457,0.6497,1,1,1,1,1,1,1,0,1,0.004,0,1,0,1,1,0,0,0.0,1
1779788612382,1.0124,1.0033,1.0126,0.9924,0.9935,1.0035,0.9851,1.0079,0.999,-0.0271,-0.0365,-0.072,-0.0353,-0.0017,-0.0503,0.0342,-0.0274,0.0274,73.67,163.78,85.37,1.47,-126.65,-90.76,-0.61,-98.52,0.25,27.83,5.52,-9.58,-0.67,-50.49,-30.35,-0.13,-35.01,0.07,-66.13,-81.22,-33.08,-66.75,5.02,93.1,131.79,-149.13,61.87,-20.53,28.0,-47.56,-39.38,45.08,43.1,-47.7,-36.95,24.79,0.7812,1.2368,0.9301,0.5155,0.5853,0.739,1.1758,0.267,1.2177,1,1,1,1,1,1,1,0,1,0.0045,2,1,0,1,1,0,0,0.02,1
1779788613382,1.0063,1.0042,1.0087,1.0068,0.9977,0.9859,1.0148,0.9851,0.9828,0.0759,-0.0283,0.0523,0.0589,-0.0789,0.0759,-0.0066,-0.0604,-0.0217,72.93,162.54,85.41,1.8,-126.54,-91.59,0.24,-101.31,1.54,26.23,5.88,-10.43,0.4,-49.41,-30.03,-0.8,-35.78,0.55,113.93,-115.22,52.17,-126.01,98.99,130.31,26.41,138.88,137.75,-29.87,26.15,42.64,-44.04,-40.0,-43.72,-45.75,-13.51,-7.66,0.5939,0.7194,1.0123,1.3538,1.0243,0.1698,1.495,0.6708,0.262,1,1,1,1,1,1,1,0,1,0.005,4,1,0,1,1,0,0,0.04,1
1779788614382,1.0045,1.0129,1.0043,1.0137,0.9635,0.9971,0.9886,1.0095,0.9769,-0.0509,-0.0741,-0.0704,0.0709,0.0495,0.061,0.0585,-0.0123,0.0573,70.87,164.77,83.6,-0.89,-126.48,-91.4,-1.39,-101.82,-1.86,27.96,5.64,-10.28,0.21,-50.88,-29.44,0.58,-35.01,-0.88,-38.73,45.4,76.08,-97.99,27.87,121.69,-80.69,-130.39,68.58,-8.42,29.93,-48.3,-37.73,11.72,-7.37,43.31,30.17,7.52,0.1599,0.2391,1.3526,1.1595,1.0555,1.3764,0.3254,1.2267,0.9815,1,1,1,1,1,1,1,0,1,0.0055,6,1,0,1,1,0,0,0.06,1
1779788615382,0.9914,0.9955,0.9982,1.0049,0.9662,0.9878,0.9916,0.9961,0.9855,-0.0732,0.018,0.0611,0.0608,-0.0366,-0.0646,0.0323,0.0554,0.0611,70.28,162.72,85.54,0.85,-126.09,-90.36,1.41,-98.73,-0.66,27.65,6.44,-10.6,-0.28,-50.28,-30.98,-0.37,-35.34,1.0,-22.77,60.3,26.47,-110.57,31.16,59.67,-83.48,25.53,23.08,12.89,-42.35,-21.66,-17.42,-12.4,-5.69,6.09,-12.92,-38.89,0.9584,0.7524,0.1793,1.2903,1.3424,1.2567,1.2628,0.2359,0.1663,1,1,1,1,1,1,1,0,1,0.006,8,1,0,1,1,0,0,0.08,1
1779788616382,1.0027,0.9863,1.008,0.9907,0.972,0.9981,1.0024,0.9906,0.9914,0.0715,-0.057,-0.0328,0.0028,-0.0286,0.0413,-0.0582,0.0778,0.0054,72.54,161.02,84.29,-0.26,-126.83,-89.16,-0.4,-101.7,1.65,27.72,6.97,-9.29,-0.57,-50.98,-30.57,0.05,-34.46,-0.6,139.11,-26.29,-92.41,148.78,-71.31,44.3,-11.73,-96.43,-109.96,-49.11,1.38,17.05,7.91,-34.62,-38.22,-37.6,37.41,-10.79,0.6958,1.3358,0.243,0.1111,0.299,0.6966,1.3035,0.2719,0.5274,1,1,1,1,1,1,1,0,1,0.0065,10,1,0,1,1,0,0,0.1,1
1779788617382,0.9961,1.0047,1.0087,0.999,0.9576,0.9989,1.0062,1.0043,0.9637,-0.0133,0.049,0.0379,0.0475,0.0689,-0.0249,0.013,-0.0453,0.0401,70.58,163.11,85.87,1.7,-124.51,-91.19,-0.78,-100.55,-0.39,26.17,5.63,-9.87,-0.78,-50.91,-30.4,0.92,-34.56,-0.65,-120.9,5.17,12.63,54.77,125.16,76.97,-64.26,-128.8,-13.57,-0.45,-1.01,42.74,15.9,42.41,-45.59,-27.94,7.19,-13.75,1.2216,0.1906,1.4021,0.4192,0.6123,0.8574,0.8733,1.3155,0.8883,1,1,1,1,1,1,1,0,1,0.007,12,1,0,1,1,0,0,0.12,1
1779788618382,0.9912,0.9853,1.0115,1.0049,0.9425,1.0011,0.9869,0.9901,0.9793,-0.0688,0.014,-0.0026,0.0444,0.0704,-0.0648,-0.0389,0.0597,0.0768,71.99,164.27,84.81,-1.62,-126.54,-91.39,1.76,-100.34,1.24,26.95,6.17,-10.43,0.42,-49.75,-30.99,-0.02,-35.5,0.04,66.86,-5.54,60.74,-64.13,-55.13,63.19,-76.87,-138.07,-129.44,-28.51,1.54,-15.51,-23.52,39.48,11.64,-25.14,4.58,36.31,1.0768,1.1164,1.0383,0.8372,0.927,0.4692,0.8048,1.4265,1.4589,1,1,1,1,1,1,1,0,1,0.0075,14,1,0,1,1,0,0,0.14,1
1779788619382,1.0047,1.0127,0.9968,1.0007,0.9398,0.9923,0.9983,0.9971,0.9613,0.0067,-0.0367,-0.0777,-0.0082,0.0384,-0.0692,-0.0097,-0.0006,0.0172,71.61,164.2,85.44,-0.49,-125.95,-89.73,-0.91,-99.86,1.49,26.32,6.16,-10.87,-0.47,-50.61,-30.85,0.93,-34.46,-0.39,-89.11,-99.17,8.11,-149.77,-91.72,-84.16,-6.02,-0.25,124.31,3.23,-2.27,-21.13,37.95,-39.09,-38.28,-15.0,30.47,-46.92,0.2852,0.9953,1.181,0.2669,1.1772,0.1066,0.5787,0.548,0.2137,1,1,1,1,1,1,1,0,1,0.008,16,1,0,1,1,0,0,0.16,1
1779788620382,1.0013,1.0081,1.0005,1.0115,0.9146,1.0146,0.9922,1.0029,0.9621,0.0722,-0.0268,0.0589,-0.0664,0.0353,0.0348,-0.0569,-0.0461,0.0558,72.45,164.37,84.84,1.19,-126.49,-89.97,0.66,-101.58,-0.38,27.91,6.39,-9.62,0.56,-50.89,-30.89,0.9,-34.25,0.37,-143.25,140.3,69.79,118.3,123.97,-122.67,-82.57,128.24,-25.67,-2.23,7.59,43.83,-23.17,33.75,-5.63,-1.23,-23.58,4.73,1.1268,1.4831,0.3789,1.0133,0.4024,0.8367,0.9181,1.0299,0.264,1,1,1,1,1,1,1,0,1,0.0085,18,1,0,1,1,0,0,0.18,1
1779788621382,1.0143,0.9943,1.0085,1.0048,0.9185,1.0118,1.0145,0.9871,0.9518,0.0563,0.0748,0.0598,-0.0562,-0.0017,-0.0326,0.0742,-0.0526,0.0467,72.11,164.17,83.51,-0.69,-124.32,-88.01,1.14,-101.75,0.66,26.21,5.69,-10.02,0.41,-49.9,-30.75,-0.42,-35.24,0.16,-148.38,-81.58,-6.89,68.6,-77.03,120.84,43.11,4.17,71.17,10.84,1.26,-35.63,30.67,-39.46,-27.23,6.26,-7.32,-39.37,0.339,1.1128,0.6476,0.1608,1.4383,0.5235,1.1079,1.0216,1.1946,1,1,1,1,1,1,1,0,1,0.009,20,1,0,1,1,0,0,0.2,1
1779788622382,0.9991,0.9905,0.9956,1.0048,0.9175,1.0021,1.0117,1.0064,0.9584,-0.0049,0.0683,0.0156,-0.0259,-0.0202,-0.0306,-0.0075,0.0455,-0.0263,72.64,164.64,86.41,-1.44,-126.63,-90.99,0.87,-100.15,1.33,27.13,5.4,-9.7,-0.82,-50.4,-29.18,0.01,-35.06,0.6,-147.07,61.46,84.09,-5.38,-71.98,136.19,-40.36,95.74,-6.3,45.99,48.24,2.26,-28.4,-29.03,38.66,29.25,-2.76,-42.36,0.242,1.0254,0.4949,0.4385,0.9492,0.1242,1.0171,0.8015,0.6676,1,1,1,1,1,1,1,0,1,0.0095,22,1,0,1,1,0,0,0.22,1
1779788623382,1.0071,1.0121,1.0137,0.9959,0.9003,0.9966,0.9922,1.0016,0.9629,0.0585,0.034,0.0649,0.004,0.0103,-0.0483,0.0027,0.0282,-0.0144,71.13,163.94,85.9,-1.25,-126.53,-91.88,0.13,-101.89,0.32,26.22,5.88,-10.51,0.71,-50.18,-29.02,-0.28,-34.05,0.01,5.63,3.18,-80.36,-85.47,94.64,-122.28,53.93,112.01,-56.83,-38.06,-40.74,-13.42,20.55,42.23,8.31,11.52,-47.66,4.49,1.4809,0.4333,1.3673,0.8842,0.184,1.0509,1.0014,1.2548,1.1411,1,1,1,1,1,1,1,0,1,0.01,24,1,0,1,1,0,0,0.24,1
1779788624382,1.0093,0.9871,0.9981,0.9925,0.8957,0.9989,1.0027,0.9984,0.9511,-0.0474,0.0193,0.0245,0.0081,0.0151,-0.0416,-0.0515,0.0271,0.0663,70.34,162.44,85.71,0.51,-125.73,-89.28,-0.7,-100.17,1.05,27.24,5.07,-9.89,0.6,-50.21,-30.95,-0.81,-34.43,-0.83,57.54,-117.06,113.69,-76.62,-125.65,-118.96,5.48,-1.66,-69.57,-1.67,40.23,30.04,-4.72,39.56,-16.87,-39.26,19.23,-8.45,0.5283,0.61,1.3948,0.7052,1.0678,0.1206,0.1749,1.1897,1.4123,1,1,1,1,1,1,1,0,1,0.0105,26,1,0,1,1,0,0,0.26,1
1779788625382,1.0028,1.0115,0.9964,0.9855,0.8918,1.0077,1.0069,1.0149,0.9586,0.002,0.0611,0.002,-0.0386,0.0393,0.0131,0.0135,0.0407,0.0368,73.69,161.41,86.34,-0.7,-126.36,-89.33,1.39,-100.33,-0.1,27.0,6.17,-10.06,0.49,-49.26,-29.13,-0.43,-35.33,0.36,-47.73,-75.03,-14.38,78.93,-40.0,26.18,-123.38,-17.48,74.18,43.5,-12.07,-8.0,26.81,-27.28,-35.06,-6.94,15.79,-33.15,1.1069,1.1904,0.9561,0.3067,1.2515,1.3776,0.2109,1.2365,0.3079,1,1,1,1,1,1,1,0,1,0.011,28,1,0,1,1,0,0,0.28,1
1779788626382,1.0086,1.0112,1.0077,0.9982,0.8876,0.9919,1.0084,0.9979,0.9512,-0.0508,0.0191,-0.033,0.0759,-0.0108,-0.0719,0.0538,0.0186,-0.0243,73.72,161.72,84.81,0.68,-126.61,-91.32,-0.0,-101.59,-1.19,27.45,6.23,-10.73,0.48,-50.57,-30.56,0.6,-35.62,-0.46,-99.72,131.89,-33.23,132.74,22.83,-149.29,98.89,125.67,-86.34,1.07,-43.25,-17.24,6.94,-26.5,-16.93,-21.41,3.93,-40.66,0.7481,0.4116,1.23,0.609,0.7481,0.3409,1.3105,1.2087,0.4633,1,1,1,1,1,1,1,0,1,0.0115,30,1,0,1,1,0,0,0.3,1
1779788627382,1.0087,0.9904,0.9968,0.999,0.8795,0.9971,0.9956,1.0126,0.9334,0.0236,0.0368,0.0386,0.0536,0.0731,0.0454,-0.066,-0.0603,0.0284,70.95,161.07,86.31,-0.46,-124.45,-88.01,-0.57,-100.52,1.82,26.61,5.19,-10.48,0.3,-49.68,-30.24,0.97,-35.54,0.99,-16.53,-66.07,-30.87,140.88,105.78,-54.98,-135.05,-23.81,109.5,20.12,34.72,44.36,-24.24,45.56,21.27,2.36,-24.67,17.1,0.548,0.2819,1.0594,0.3102,0.2689,1.2095,1.3852,0.1916,0.3451,1,1,1,1,1,1,1,0,1,0.012,32,1,0,1,1,0,0,0.32,1
1779788628382,0.9966,0.9879,1.0092,1.0106,0.8638,1.0067,1.0067,0.9968,0.9411,0.0028,-0.0274,-0.0362,0.0758,-0.0088,0.0179,0.0428,-0.0356,0.0565,70.66,162.98,84.25,-0.0,-123.5,-90.2,0.32,-99.72,1.35,26.06,6.29,-10.89,0.79,-50.48,-30.43,-0.44,-35.88,-0.38,-125.19,45.66,-50.38,53.77,91.37,-76.03,-117.35,-79.04,-81.99,21.84,-18.67,35.71,-7.08,-24.77,5.36,-21.29,-3.25,34.94,0.1848,1.2689,0.185,0.2927,0.8881,1.4842,0.5706,0.1404,0.4256,1,1,1,1,1,1,1,0,1,0.0125,34,1,0,1,1,0,0,0.34,1
1779788629382,0.9855,0.9916,0.9859,0.9996,0.8546,0.9953,1.0054,0.9949,0.9222,0.0626,0.0057,-0.0566,-0.0796,-0.0387,0.0002,0.0087,-0.033,0.0798,71.47,162.29,84.01,1.85,-124.62,-88.66,-1.72,-101.34,-1.04,26.15,5.38,-10.96,0.34,-50.01,-29.62,-0.17,-35.32,-0.57,-15.39,-9.64,137.3,122.15,140.92,-116.05,-115.06,35.05,-49.52,-33.69,17.56,-42.98,-6.8,-36.82,11.43,8.13,45.65,7.04,1.1119,0.1681,1.2531,1.2954,1.4961,0.1082,0.7765,1.4725,1.0254,1,1,1,1,1,1,1,0,1,0.013,36,1,0,1,1,0,0,0.36,1
1779788630382,0.9894,0.9893,0.9967,1.0137,0.8355,1.0026,0.9863,1.0052,0.9199,0.0265,0.054,-0.0192,-0.0649,0.0365,-0.0544,-0.0159,0.032,-0.0594,73.39,161.16,84.67,-1.44,-123.75,-88.47,-0.37,-101.98,-0.75,26.67,6.64,-9.56,0.34,-49.69,-29.8,0.89,-35.11,-0.17,-15.3,4.83,-107.81,-73.49,64.0,-22.04,-32.61,-25.0,147.27,24.19,-27.48,26.34,-23.41,19.69,-19.46,-46.75,26.2,17.92,0.4105,0.6452,1.4895,0.8212,1.2358,0.6013,1.2312,1.1444,0.8643,1,1,1,1,1,1,1,0,1,0.0135,38,1,0,1,1,0,0,0.38,1
1779788631382,1.0116,1.0028,0.9911,1.0035,0.84,1.0141,0.9909,1.0077,0.9087,-0.0796,-0.0535,0.0545,0.0333,0.0187,0.0218,-0.0388,-0.006,0.0407,73.52,164.0,84.8,1.11,-125.02,-91.45,1.88,-101.03,-0.33,27.71,5.52,-10.95,0.76,-50.03,-29.93,0.27,-35.79,0.59,118.11,-122.3,-16.88,40.59,-133.18,45.88,-127.12,-10.92,7.12,-6.52,29.78,-5.58,-48.78,-15.89,-26.15,20.68,-10.55,-38.58,1.2148,1.4439,1.2741,0.6418,0.5729,0.9251,0.3967,1.2165,0.7153,1,1,1,1,1,1,1,0,1,0.014,40,1,0,1,1,0,0,0.4,1
1779788632382,0.9879,1.0008,1.0126,1.0113,0.8175,0.9874,0.9932,1.007,0.9231,0.0329,-0.0496,-0.0601,-0.046,0.0315,-0.0446,0.0664,-0.0283,-0.0521,71.23,164.19,83.33,-1.91,-124.51,-91.33,-1.24,-98.47,0.74,26.65,5.55,-9.02,0.94,-49.3,-29.63,0.54,-35.23,0.3,133.03,-127.15,-148.54,-0.66,144.2,18.15,101.73,143.31,89.13,-45.46,-24.69,44.45,21.51,-11.58,-21.04,-6.46,35.13,24.7,0.3725,1.1045,0.6764,1.3791,1.018,0.8457,1.4476,0.8048,0.8003,1,1,1,1,1,1,1,0,1,0.0145,42,1,0,1,1,0,0,0.42,1
1779788633382,0.9931,1.0024,1.0077,1.0089,0.8108,1.0039,1.0001,1.0149,0.8998,-0.0513,0.0371,0.0574,-0.0694,-0.0623,0.0058,-0.075,0.0632,0.0679,72.07,162.78,84.73,-1.61,-126.5,-89.24,0.41,-99.03,0.58,26.33,5.64,-9.72,0.99,-49.12,-29.53,0.84,-35.35,-0.26,57.97,-107.76,135.48,-114.99,68.03,58.91,52.65,74.91,-89.24,28.61,-38.85,19.58,-26.82,-5.53,32.49,-25.86,21.28,-40.66,1.1042,1.4395,1.1313,0.7396,1.1434,1.2669,1.0186,0.3174,0.1402,1,1,1,1,1,1,1,0,1,0.015,44,1,0,1,1,0,0,0.44,1
1779788634382,0.9983,0.998,1.012,1.0097,0.8292,1.0113,1.0036,1.0018,0.9204,-0.0192,0.0313,0.0596,-0.0697,-0.033,-0.0533,0.0705,0.0778,-0.0285,72.57,164.84,84.62,-1.27,-125.25,-89.15,-0.74,-100.16,-1.93,26.49,5.92,-10.79,0.65,-50.3,-29.84,0.59,-35.72,0.46,135.73,-17.68,-49.18,-20.49,-0.34,109.09,-38.71,65.82,115.1,8.34,49.67,-22.06,-35.07,-38.69,36.64,49.22,-35.48,42.45,1.0527,0.4417,0.6436,1.3754,0.18,1.0736,1.4793,0.4388,0.1482,1,1,1,1,1,1,1,0,1,0.0155,46,1,0,1,1,0,0,0.46,1
1779788635382,0.9998,0.99,1.0103,1.0133,0.7966,1.0005,1.0066,1.0036,0.8916,-0.0681,-0.0422,0.0052,0.0162,0.0181,0.043,-0.0648,0.0071,0.0353,71.55,162.11,86.76,0.22,-125.56,-88.6,1.36,-101.72,1.04,26.79,6.62,-10.63,-0.13,-50.83,-30.17,0.46,-34.69,-0.39,70.16,-44.59,90.55,-62.06,52.65,-20.77,-30.46,8.65,-128.99,31.81,43.84,-25.09,-0.6,13.23,39.78,-12.48,-32.4,-31.63,0.6158,0.4009,0.7052,1.4809,0.2889,0.1078,0.1432,0.4907,0.4122,1,1,1,1,1,1,1,0,1,0.016,48,1,0,1,1,0,0,0.48,1
1779788636382,0.9987,1.0055,1.0081,1.001,0.8027,1.0094,0.9855,1.0114,0.9115,0.0163,0.0305,-0.0202,-0.0796,-0.0522,-0.0002,-0.026,-0.0761,0.024,71.12,163.82,86.14,1.99,-124.08,-90.52,-0.62,-101.29,1.03,27.8,6.06,-10.7,-0.52,-50.45,-30.1,-0.0,-34.1,0.49,64.47,122.67,-95.95,18.47,-134.46,-0.74,-119.7,-100.8,65.85,-26.08,-47.92,39.59,23.09,8.01,8.68,22.92,6.55,-46.13,1.3007,0.719,0.5456,1.4227,1.1266,1.4422,1.1697,1.4733,0.7702,1,1,1,1,1,1,1,0,1,0.0165,50,1,0,2,0,1,0,0.5,1
1779788637382,1.0017,1.0112,0.9969,0.9938,0.7824,0.9858,1.01,1.003,0.8865,0.0075,0.0703,-0.0466,-0.0602,-0.0509,0.0098,0.0739,-0.0378,-0.0258,72.62,164.33,85.88,-1.67,-125.61,-89.93,-0.76,-101.95,1.24,26.45,5.38,-9.73,-0.62,-49.54,-30.62,0.61,-34.3,-0.93,134.57,122.57,72.77,-87.83,21.97,60.24,-62.33,108.26,-68.69,19.08,-36.66,-16.96,41.83,8.16,13.32,-49.25,-39.8,9.86,0.1134,0.9103,1.0753,1.4838,1.4638,0.5359,1.4644,0.1424,0.955,1,1,1,1,1,1,1,0,1,0.017,52,1,0,2,0,1,0,0.52,1
1779788638382,1.0147,0.9997,0.9984,0.9943,0.7779,1.0111,0.9967,0.9863,0.8928,-0.0554,-0.0701,0.058,-0.0065,0.0667,-0.0103,0.0672,-0.0292,0.0225,72.44,163.76,83.72,1.85,-125.14,-90.56,-0.63,-98.08,0.8,26.95,5.96,-10.54,-0.86,-50.09,-30.33,-0.87,-35.45,-0.85,-36.37,118.21,-91.89,85.13,-13.06,12.06,-110.77,98.68,25.96,-35.58,12.71,46.0,-46.84,-4.23,28.11,33.85,-15.66,-27.23,0.9654,1.1632,0.2746,0.7738,1.0353,0.4808,1.3761,0.8289,0.9682,1,1,1,1,1,1,1,0,1,0.0175,54,1,0,2,0,1,0,0.54,1
1779788639382,0.9904,1.0033,1.0104,1.0084,0.7741,0.9934,1.0115,1.0042,0.882,0.0327,-0.0097,0.0112,0.0607,0.0701,0.0373,-0.0354,0.0779,0.0636,73.81,162.51,86.4,0.64,-126.76,-91.44,-1.06,-98.77,0.35,26.56,6.92,-10.01,0.7,-50.23,-30.97,0.04,-35.59,0.96,-106.08,-118.92,119.14,-146.96,-7.03,-71.87,-61.62,-30.56,97.22,-16.92,27.27,-12.38,1.67,-33.96,19.62,-49.47,43.99,-6.37,0.5555,0.8622,1.1867,0.584,0.4061,0.1173,1.4587,1.2318,1.4954,1,1,1,1,1,1,1,0,1,0.018,56,1,0,2,0,1,0,0.56,1
1779788640382,0.9955,1.0029,0.9913,1.0068,0.7787,0.9967,0.9884,1.0067,0.8786,-0.0213,-0.0182,0.0157,-0.0656,0.0654,0.0393,-0.0709,0.0524,0.079,70.62,164.68,86.0,-1.38,-125.87,-88.08,-1.62,-101.15,0.42,27.76,6.61,-9.01,0.83,-50.94,-29.85,-0.68,-34.84,0.83,-75.43,-14.18,-36.47,-112.48,-16.44,89.32,65.27,-132.6,-102.95,15.12,-1.12,-3.14,10.67,-20.35,-14.16,-13.81,-34.07,30.02,0.3823,0.6813,0.9866,1.2062,1.2931,1.0869,1.2239,0.5853,1.1404,1,1,1,1,1,1,1,0,1,0.0185,58,1,0,2,0,1,0,0.58,1
1779788641382,0.9886,0.9963,1.0055,0.9917,0.7748,1.0013,0.9931,1.0012,0.8819,-0.0432,-0.0472,0.008,-0.0211,-0.0094,-0.0677,-0.0334,0.0786,0.0396,73.28,162.55,84.18,-0.73,-125.73,-91.17,-0.66,-101.83,0.19,27.01,5.29,-9.21,-0.07,-50.21,-29.95,-0.97,-35.82,0.06,88.15,124.17,-64.04,67.03,-56.62,-97.5,61.17,-114.68,55.65,15.1,19.43,-10.78,-18.66,4.72,13.82,-19.12,44.86,-28.84,0.5773,0.6374,1.0601,0.5137,1.1031,0.6136,1.0704,0.9757,0.789,1,1,1,1,1,1,1,0,1,0.019,60,1,0,2,0,1,0,0.6,2
1779788642382,1.0074,1.0069,1.0133,0.9934,0.7556,1.0028,0.998,1.0054,0.8712,0.0436,0.0491,0.0798,-0.0407,0.0751,0.062,0.0337,-0.0209,0.037,73.47,162.35,86.63,1.17,-124.27,-88.96,-1.56,-98.03,-1.25,26.57,5.43,-10.27,-0.39,-49.27,-29.59,-0.63,-34.89,0.62,-10.72,-103.88,149.19,129.36,10.67,-48.26,142.95,130.95,56.46,14.4,47.44,19.23,-23.46,-44.32,23.75,13.17,36.8,-40.04,1.1944,1.1225,1.1433,0.9198,1.3063,0.7478,0.3492,1.1038,0.4958,1,1,1,1,1,1,1,0,1,0.0195,62,1,0,2,0,1,0,0.62,2
1779788643382,0.9978,0.9951,1.0031,1.0012,0.7558,1.0008,0.9864,0.9887,0.8584,-0.037,0.0522,-0.0416,0.0273,0.0739,-0.052,0.0702,0.079,-0.0789,72.07,161.15,83.46,0.06,-126.42,-90.04,-0.46,-98.0,-1.63,26.62,6.6,-10.9,-0.56,-50.56,-29.76,-0.79,-34.4,-0.41,138.03,134.61,19.32,45.47,-53.29,22.19,-64.56,48.71,143.57,34.54,-41.0,30.76,42.08,-18.87,-16.69,-46.0,-43.57,-47.75,0.4833,0.4239,0.1421,0.8777,1.4556,1.4929,1.36,1.2871,1.4245,1,1,1,1,1,1,1,0,1,0.02,64,1,0,2,0,1,0,0.64,2
1779788644382,1.0094,0.9916,0.9861,1.0123,0.7366,0.9991,1.0075,0.9973,0.8682,-0.0347,-0.0056,0.0176,0.0643,-0.045,-0.0038,0.0737,0.0495,-0.0687,71.03,161.79,86.24,0.12,-123.95,-90.85,0.44,-99.47,-1.39,26.08,5.7,-9.19,0.76,-49.81,-30.78,0.04,-35.73,-0.63,-121.26,45.54,-24.73,-15.98,42.1,-6.79,-67.58,51.69,-44.87,28.15,-4.94,-7.11,16.81,-19.5,48.14,41.06,-37.24,17.32,0.4093,0.7894,0.9808,1.3755,0.5838,1.3536,1.0503,1.1825,0.7157,1,1,1,1,1,1,1,0,1,0.0205,66,1,0,2,0,1,0,0.66,2
1779788645382,1.0115,1.0139,0.9961,0.9978,0.7262,0.9977,1.0025,0.9952,0.8611,-0.0302,-0.012,0.0105,0.0346,-0.066,0.0019,0.0255,0.052,-0.0083,70.69,163.42,86.27,-0.9,-125.84,-90.34,-1.19,-99.26,-1.83,26.88,6.31,-9.98,-0.62,-49.76,-30.39,-0.9,-35.45,0.23,106.5,84.55,7.56,-86.49,138.5,-129.06,-102.26,-147.33,-131.21,42.61,7.64,-15.89,14.97,15.26,17.92,10.88,31.58,38.19,0.2149,0.7219,0.4475,1.0045,1.1199,1.1732,0.2125,1.1102,0.4992,1,1,1,1,1,1,1,0,1,0.021,68,1,0,2,0,1,0,0.68,2
1779788646382,1.0012,1.0121,0.9939,1.0142,0.7324,1.0084,0.9936,0.9954,0.8663,0.0732,-0.0203,-0.0594,0.0723,-0.0786,-0.0407,0.0067,0.0035,-0.0078,71.99,163.78,83.17,-1.9,-123.22,-90.36,-1.23,-98.55,-1.27,26.8,6.22,-10.12,-0.08,-49.09,-30.06,-0.81,-34.03,0.5,-76.39,-137.9,-103.26,-83.53,77.71,-58.57,134.49,78.12,149.23,37.36,28.92,28.72,-25.22,19.19,-43.81,12.89,-20.71,-18.68,0.9002,0.91,1.0975,0.7528,1.1613,0.5599,1.2608,0.7748,1.4409,1,1,1,1,1,1,1,0,1,0.0215,70,1,0,2,0,1,0,0.7,2
1779788647382,1.0007,1.0137,0.9955,1.0127,0.7236,0.9912,1.0041,0.986,0.8625,-0.0069,0.0457,-0.0281,0.024,0.0751,-0.0345,-0.0043,-0.0157,0.0708,73.03,162.21,86.85,0.93,-125.79,-89.81,-0.71,-99.59,-1.42,27.89,6.5,-9.71,-0.36,-50.21,-30.92,0.12,-35.14,-0.17,88.92,-59.07,64.35,-58.71,35.13,86.84,-43.18,146.19,120.86,-31.92,48.08,32.7,-46.69,24.02,14.49,-36.74,46.36,-34.27,0.9738,0.293,0.7667,0.3575,1.2941,0.8088,0.3011,1.2082,0.1527,1,1,1,1,1,1,1,0,1,0.022,72,1,0,2,0,1,0,0.72,2
1779788648382,1.0077,1.0094,1.0124,1.0094,0.7104,0.998,1.0098,0.9863,0.8605,0.0694,0.0429,-0.0209,0.0371,0.0417,0.031,-0.003,0.0378,0.0747,71.96,164.46,84.21,0.25,-126.59,-90.58,-1.35,-99.07,1.64,27.86,5.84,-10.7,-0.9,-50.74,-30.0,0.86,-35.93,0.74,-41.59,2.36,118.48,-119.61,20.15,128.05,82.95,145.48,122.85,3.12,-32.17,-32.85,-22.05,-26.26,-33.14,19.02,-40.01,-11.45,0.5503,0.6808,0.1149,0.6396,1.3648,1.3897,0.6843,1.1317,0.6524,1,1,1,1,1,1,1,0,1,0.0225,74,1,0,2,0,1,0,0.74,2
1779788649382,0.9922,1.0073,0.9921,1.001,0.6886,1.0038,0.9951,0.9869,0.8511,0.0626,0.043,-0.0201,0.0239,-0.0133,-0.0067,-0.0699,-0.0199,0.0447,73.95,163.93,83.08,-0.12,-126.72,-91.2,-1.32,-98.56,-0.3,27.8,6.8,-9.82,0.14,-49.52,-30.44,-0.12,-34.36,-0.26,100.54,-141.05,-121.86,-15.79,-63.9,-42.93,-139.11,-59.44,-135.05,12.22,-11.87,-18.76,-20.29,20.45,36.56,32.53,17.86,19.83,1.3703,0.4117,1.3945,0.9943,0.4528,0.612,1.3577,0.514,0.4115,1,1,1,1,1,1,1,0,1,0.023,76,1,0,2,0,1,0,0.76,2
1779788650382,1.0063,0.9954,0.9866,0.9906,0.7003,0.9944,0.999,1.0017,0.8587,0.0409,-0.0429,0.0658,0.0694,-0.0242,0.0391,0.0227,-0.0372,0.0636,72.32,163.14,84.99,1.87,-125.93,-88.34,-1.65,-101.58,1.27,26.95,6.62,-10.41,0.72,-50.45,-29.12,-0.7,-35.78,-0.31,-59.54,84.23,5.38,-38.82,34.44,-22.2,45.5,54.55,-83.48,-45.96,-13.67,-29.46,5.05,3.05,-49.37,19.1,-27.16,7.44,0.3181,1.3685,1.4854,1.4868,0.2261,1.2756,1.4229,1.4251,0.973,1,1,1,1,1,1,1,0,1,0.0235,78,1,0,2,0,1,0,0.78,2
1779788651382,1.0002,0.9948,1.012,0.9903,0.6668,1.0071,0.9966,1.0031,0.8307,-0.0746,0.0119,0.0188,0.0733,-0.0226,0.0693,0.0383,-0.0111,0.023,72.91,163.05,86.52,0.78,-123.61,-91.62,-1.93,-99.07,0.76,26.06,5.04,-10.37,0.35,-49.07,-30.54,0.57,-34.98,0.14,57.2,-97.78,-8.85,-57.87,145.04,113.94,-87.93,17.0,46.24,26.79,-32.18,15.48,-11.67,8.31,-22.19,37.04,-38.71,-21.14,0.4739,1.0158,0.9164,1.4787,1.1713,1.2328,0.7975,0.7057,1.0643,1,1,1,1,1,1,1,0,1,0.024,80,1,0,2,0,1,0,0.8,2
1779788652382,0.9902,0.9956,1.0086,1.0072,0.6842,0.9978,0.9979,1.0069,0.8417,-0.0303,-0.049,-0.0212,-0.0686,0.0254,0.0092,0.072,0.0718,0.0767,70.12,162.66,85.77,1.0,-124.94,-88.85,0.69,-99.73,1.81,26.29,5.91,-9.58,-0.17,-50.83,-30.92,-0.02,-35.45,0.79,-52.91,149.04,-9.11,34.02,133.66,-100.45,-142.69,134.37,57.3,-27.61,22.52,-37.01,-37.94,33.96,-6.61,17.25,11.97,14.28,1.0127,1.4343,0.7717,0.6124,0.161,0.8933,1.0002,0.7466,0.4584,1,1,1,1,1,1,1,0,1,0.0245,82,1,0,2,0,1,0,0.82,2
1779788653382,1.0104,0.9855,0.9902,0.9967,0.6558,1.0048,1.0053,1.0083,0.8367,-0.0046,-0.0331,-0.0141,0.0599,-0.0213,0.0182,-0.0473,0.0627,0.0348,70.2,163.12,85.58,1.08,-123.57,-88.99,-1.05,-101.83,0.65,26.37,6.95,-9.03,0.85,-49.54,-30.66,0.06,-34.54,0.25,136.31,-57.88,60.72,74.96,90.04,-24.52,-7.44,54.76,-108.92,35.67,22.22,42.52,-15.4,-4.96,-31.01,-3.75,27.84,39.01,1.0933,0.1304,1.3122,0.9132,0.1906,0.3629,0.7795,1.1653,0.9317,1,1,1,1,1,1,1,0,1,0.025,84,1,0,2,0,1,0,0.84,2
1779788654382,0.9911,0.9892,1.0103,0.996,0.6471,1.0082,0.9987,0.9918,0.8418,0.0072,0.0312,-0.0585,-0.0045,-0.0664,-0.0149,0.0762,-0.0292,0.0702,73.37,162.87,85.32,-0.32,-124.26,-88.96,0.79,-101.68,-0.7,26.99,5.55,-10.88,0.99,-50.94,-29.74,-0.21,-34.1,-0.59,-68.01,-86.75,-106.08,21.66,49.49,-142.48,89.21,-132.26,24.34,13.59,26.29,5.95,0.82,-14.97,-45.78,19.07,11.01,-22.86,1.1879,1.4613,0.5033,1.4098,0.6173,1.0843,0.5451,0.384,1.2268,1,1,1,1,1,1,1,0,1,0.0255,86,1,0,2,0,1,0,0.86,2
1779788655382,1.0133,1.009,1.0015,0.9913,0.6532,1.0048,0.9995,1.0123,0.8321,-0.0391,-0.0328,-0.0775,0.0781,0.044,-0.0262,0.0623,0.0661,-0.0387,72.35,162.91,86.46,-1.97,-125.2,-91.93,0.95,-98.36,0.3,26.46,6.74,-10.87,0.99,-50.36,-29.21,0.03,-34.43,0.28,65.67,-131.5,90.67,-18.1,-9.9,-119.51,130.14,30.53,24.61,-19.17,-1.81,-43.48,-23.35,-5.77,42.57,-41.95,-32.41,-21.28,0.1067,0.3979,1.2336,0.507,0.4455,0.3087,0.928,0.5202,1.2853,1,1,1,1,1,1,1,0,1,0.026,88,1,0,2,0,1,0,0.88,2
1779788656382,0.9855,0.9969,1.0072,0.9851,0.6468,1.0133,0.9866,1.0046,0.8107,0.0641,0.0624,-0.0416,-0.0358,0.0232,0.044,0.0162,0.0151,-0.0702,71.51,163.07,84.75,0.37,-124.2,-91.38,-0.22,-100.76,0.42,26.16,5.68,-10.35,-0.01,-49.17,-30.84,0.81,-34.85,0.92,-149.8,-121.58,-90.26,108.27,-56.23,-36.7,140.29,62.54,-79.73,-38.47,17.74,31.64,9.88,-36.62,-13.77,-30.4,1.77,-18.02,0.7847,0.6998,1.4578,0.5978,0.5752,0.1102,0.6408,1.3659,0.2454,1,1,1,1,1,1,1,0,1,0.0265,90,1,0,2,0,1,0,0.9,2
1779788657382,1.0009,0.9912,1.0065,0.9878,0.6261,0.9918,1.0053,0.9964,0.8239,-0.0477,-0.0042,0.0669,0.0226,0.0429,-0.0234,-0.0392,0.0785,0.0201,73.76,163.94,84.8,0.77,-123.52,-88.69,-0.11,-101.66,1.41,27.81,5.63,-9.27,0.4,-49.34,-29.07,-0.95,-34.58,0.8,39.22,91.55,-42.05,-30.4,-133.96,-95.82,-25.35,77.5,94.93,22.11,-3.05,-43.34,-25.26,-30.61,-43.56,-4.95,-20.89,-21.19,1.1027,0.5777,1.1518,1.4286,0.3606,0.6497,0.5408,0.5308,0.1842,1,1,1,1,1,1,1,0,1,0.027,92,1,0,2,0,1,0,0.92,2
1779788658382,0.9921,0.9904,1.0057,1.003,0.6224,0.9853,1.0056,0.995,0.817,-0.0257,0.0727,0.007,0.0092,-0.0169,-0.0329,-0.0747,0.0728,-0.0712,72.01,164.64,85.24,-1.13,-123.37,-89.06,0.01,-100.0,0.02,27.35,6.77,-10.0,0.47,-49.17,-29.94,0.0,-35.63,0.72,-74.35,119.59,15.78,-25.26,-141.05,0.8,-8.98,-135.76,-39.25,19.64,33.5,-22.65,-25.58,46.3,-38.72,-37.13,47.82,10.18,0.2786,1.1604,1.2782,1.245,0.4515,1.3282,0.3503,0.9035,0.6663,1,1,1,1,1,1,1,0,1,0.0275,94,1,0,2,0,1,0,0.94,2
1779788659382,0.9962,1.0053,0.9874,1.0118,0.6046,0.9862,1.0127,0.9882,0.8153,-0.0332,0.0334,-0.0242,0.0571,0.0706,-0.0476,-0.0138,0.06,-0.0061,70.66,161.98,83.85,-0.93,-123.85,-89.61,-0.08,-101.33,0.2,26.83,5.84,-9.5,-0.35,-50.8,-30.08,-0.78,-35.01,0.13,12.35,3.23,3.09,-115.94,-117.02,108.42,-67.38,-48.71,-122.77,9.21,23.55,-46.53,-47.11,49.14,-13.29,-35.79,-34.75,4.84,0.8686,1.2766,0.1542,1.1739,0.3085,0.7398,0.6345,0.7689,1.427,1,1,1,1,1,1,1,0,1,0.028,96,1,0,2,0,1,0,0.96,2
1779788660382,1.0118,1.002,0.9991,1.0109,0.6012,0.9966,0.9947,1.0102,0.7976,0.0077,-0.0665,-0.0589,-0.0465,-0.0376,-0.0674,-0.0778,0.0398,-0.0653,73.33,163.41,86.72,-0.76,-126.08,-89.4,0.4,-101.31,0.05,27.78,5.64,-10.7,0.86,-49.69,-29.47,-0.6,-34.66,0.2,38.93,68.59,-45.46,42.69,94.4,-15.12,95.33,36.21,-79.05,31.06,-42.88,-17.89,-40.73,-16.1,38.18,2.61,23.84,-10.09,0.4437,0.3104,0.4491,1.0488,1.1402,0.6463,0.527,0.8468,0.4965,1,1,1,1,1,1,1,0,1,0.0285,98,1,0,2,0,1,0,0.98,2
1779788661382,0.999,0.9947,1.0082,1.0126,0.6107,1.0083,1.0032,0.9997,0.8052,-0.0689,-0.0136,-0.0484,0.0498,-0.0635,0.0205,-0.0753,-0.0102,-0.0441,70.22,164.57,84.34,-1.99,-124.37,-88.26,0.92,-98.61,1.65,26.57,6.9,-10.9,-0.46,-49.53,-29.43,-0.65,-34.86,0.47,-125.85,-29.92,-127.63,25.41,-19.51,-147.16,50.91,-25.63,-2.03,-26.75,49.03,-35.35,-13.48,16.2,29.86,0.74,-8.98,-35.56,1.01,0.3385,0.7298,0.1156,1.3487,1.4937,0.8168,1.458,0.7887,1,1,1,0,1,1,1,0,1,0.029,100,1,1,3,0,0,1,1.0,2
1779788662382,1.0101,1.007,1.0081,1.0017,0.6013,0.994,0.9894,0.9905,0.8078,-0.0091,0.0572,-0.0459,-0.0691,-0.067,0.0119,0.0163,0.0116,-0.0666,72.47,162.1,83.43,0.72,-125.73,-88.94,0.72,-101.93,-1.07,26.48,5.01,-10.59,0.41,-49.65,-29.32,0.3,-34.41,0.77,19.01,135.08,1.56,-40.03,11.58,-25.48,42.98,-143.65,-6.48,-4.49,2.15,4.99,-13.41,16.9,-36.56,-29.55,29.14,-8.32,1.3828,1.0094,1.2436,1.298,0.4363,0.4419,1.233,0.6736,1.3321,1,1,1,0,1,1,1,0,1,0.0295,100,1,1,3,0,0,1,1.0,2
1779788663382,0.9954,1.0056,0.996,1.013,0.5804,0.9898,0.9964,0.9854,0.7859,-0.0415,0.0198,-0.0589,0.0461,-0.0679,0.029,0.0795,0.0296,-0.0072,73.59,164.2,85.98,0.06,-126.81,-91.58,-0.36,-99.65,-1.05,26.52,6.4,-10.34,-0.47,-49.19,-29.09,0.29,-35.77,0.99,-95.25,-11.61,25.43,-114.2,-74.2,-8.5,-47.19,129.03,-33.46,39.76,-20.49,-6.71,5.36,35.41,0.49,29.65,14.63,-5.09,0.4865,1.4335,1.0399,0.1074,1.4314,0.9361,1.4591,0.4054,0.7152,1,1,1,0,1,1,1,0,1,0.03,100,1,1,3,0,0,1,1.0,2
1779788664382,0.9882,0.9987,0.9884,1.0133,0.5874,0.9983,1.0034,1.0064,0.7981,-0.014,-0.0273,0.0361,-0.0222,0.0776,0.0115,0.0109,0.0411,0.0419,70.46,163.69,84.76,-0.9,-126.05,-89.76,1.83,-100.87,1.3,26.66,5.1,-10.3,0.72,-50.28,-29.24,-0.23,-34.43,0.06,-50.82,84.83,-149.89,79.01,18.09,-25.59,-69.51,-47.41,-90.33,7.14,-30.89,43.22,-6.91,-28.52,11.56,-3.1,-34.21,-33.04,0.8866,1.0236,1.206,1.3459,0.2633,1.1985,0.8274,0.194,0.3699,1,1,1,0,1,1,1,0,1,0.0305,100,1,1,3,0,0,1,1.0,2
1779788665382,0.9907,0.9856,0.9875,0.9989,0.561,1.0045,1.0114,0.9867,0.7819,-0.0573,0.0342,0.0382,0.0174,-0.0537,-0.0518,-0.0765,0.0666,-0.0095,70.94,161.43,83.54,0.06,-124.41,-91.93,0.89,-98.94,1.11,26.38,6.95,-9.67,-0.35,-50.49,-29.78,-0.83,-34.52,0.91,3.14,-128.38,-34.0,32.51,-34.68,-104.76,-141.15,-73.51,117.86,-47.78,-3.87,-14.74,-6.6,-39.47,-29.49,13.5,-21.97,0.92,0.6166,1.2425,1.2111,0.4932,1.2041,1.1683,0.9648,0.6831,0.9819,1,1,1,0,1,1,1,0,1,0.031,100,1,1,3,0,0,1,1.0,2
1779788666382,0.9997,0.9877,1.0086,0.9912,0.5496,1.0073,1.0042,1.0088,0.7664,-0.0593,-0.0474,-0.052,-0.0353,-0.0502,0.0284,0.0427,0.0231,0.0751,73.8,161.31,85.18,-0.87,-125.71,-88.7,1.87,-99.38,1.52,27.02,6.66,-9.41,-0.07,-49.07,-29.83,0.25,-34.15,-0.43,105.41,10.32,-97.63,95.88,122.17,-99.74,67.67,79.47,-102.71,-7.65,30.05,0.5,37.5,7.05,-29.93,-0.43,-33.82,18.58,0.196,0.498,0.1303,0.8208,0.5136,0.3665,0.9504,0.6989,0.2307,1,1,1,0,1,1,1,0,1,0.0315,100,1,1,3,0,0,1,1.0,2
1779788667382,1.0015,0.997,0.9982,1.0084,0.5521,0.999,1.0027,0.9886,0.7723,0.0342,0.0545,-0.0783,-0.0705,-0.0462,-0.0463,-0.0149,0.0737,-0.0617,72.06,164.46,84.06,-1.82,-125.01,-89.68,0.77,-98.53,0.78,26.58,5.3,-10.28,-0.55,-50.84,-30.11,0.29,-35.55,-0.85,-40.3,-17.51,-8.17,105.22,-62.88,-62.2,85.76,-109.78,63.9,-34.43,-8.86,-11.26,28.23,-20.71,-49.11,47.73,-3.35,1.84,1.2936,0.8342,1.336,0.9718,0.3831,0.6313,0.235,1.4886,1.159,1,1,1,0,1,1,1,0,1,0.032,100,1,1,3,0,0,1,1.0,2
1779788668382,1.0089,1.0005,1.0149,0.9927,0.5395,0.9997,1.0021,1.0002,0.7668,0.0141,0.0109,0.0176,-0.0309,0.007,0.0585,-0.0793,0.0706,-0.0508,73.62,161.4,86.37,-0.84,-126.53,-90.79,1.78,-100.97,-1.42,26.83,5.88,-9.74,0.77,-49.63,-30.01,-0.42,-35.94,-0.35,-70.32,59.18,-44.51,70.93,-102.1,16.72,86.29,9.74,-93.66,-38.4,39.37,-38.25,-11.95,41.56,6.38,39.25,42.63,-41.65,0.8312,1.0679,0.9973,0.8475,1.1415,1.0849,0.5181,0.9436,0.9905,1,1,1,0,1,1,1,0,1,0.0325,100,1,1,3,0,0,1,1.0,2
1779788669382,1.0049,0.9928,0.9923,0.9903,0.5301,1.0074,1.0032,1.0113,0.7663,0.0278,0.0202,-0.0738,0.0113,-0.017,-0.0075,0.0351,-0.067,-0.0035,73.19,163.71,84.18,-0.1,-124.42,-89.72,1.28,-98.23,1.64,26.46,5.26,-10.21,0.96,-50.69,-30.42,-0.94,-35.4,0.21,88.79,-39.98,35.03,-25.87,144.71,-53.28,-51.14,-15.59,-14.15,-48.51,-30.74,-26.1,-29.85,13.89,41.3,49.66,29.17,-1.38,0.8285,0.8039,0.4181,0.7613,0.7755,1.0467,0.7189,1.0185,0.7833,1,1,1,0,1,1,1,0,1,0.033,100,1,1,3,0,0,1,1.0,2
1779788670382,0.9997,0.9945,0.9904,0.9994,0.5293,0.9867,0.9904,0.9946,0.761,-0.0442,-0.0584,0.0407,-0.0613,0.0712,0.0716,-0.0216,-0.0009,-0.0099,71.64,162.54,83.28,1.01,-124.09,-90.72,-1.12,-101.75,-0.18,26.06,6.92,-10.74,-0.83,-50.63,-30.41,0.52,-35.45,0.56,-87.56,-66.96,56.51,-47.77,-69.09,-96.76,-48.86,111.78,119.07,16.77,-16.16,33.57,47.46,-18.21,-24.32,9.86,33.75,20.38,1.0344,1.2424,0.2601,0.6739,1.0914,0.7488,1.4541,0.1426,0.7392,1,1,1,0,1,1,1,0,1,0.0335,100,1,1,3,0,0,1,1.0,2
1779788671382,1.0045,1.007,0.9897,1.0092,0.5273,0.9888,0.9995,0.9855,0.7578,0.0022,-0.0309,0.0791,0.0418,0.0099,0.0446,0.019,-0.0048,-0.0694,71.45,163.6,84.87,1.23,-125.42,-91.01,1.72,-99.73,0.62,27.93,6.03,-9.46,-0.33,-49.18,-30.35,-0.92,-35.83,-0.82,-82.99,-145.4,-112.01,-86.73,-73.46,94.63,-18.33,-90.91,128.13,-37.05,19.16,-10.15,43.91,48.1,34.24,-44.78,29.56,6.05,0.6722,0.1543,1.084,1.0037,1.163,0.2262,1.3695,1.2552,0.6567,1,1,1,0,1,1,1,0,1,0.034,100,1,1,3,0,0,1,1.0,2
1779788672382,1.0009,1.0071,1.0048,0.9979,0.5266,1.0035,0.99,0.9987,0.7609,0.0327,-0.0513,0.0555,0.0397,-0.0037,-0.0295,0.0701,-0.0332,0.0027,72.24,161.07,86.33,1.1,-126.35,-91.93,0.97,-99.83,-0.08,27.32,6.76,-9.16,-0.98,-50.22,-29.98,-0.93,-34.52,-0.49,-147.59,-31.95,86.19,36.75,31.16,-42.52,-88.87,-6.21,26.25,-7.23,14.76,-15.39,7.65,-20.22,-49.86,42.38,1.41,-35.63,1.2378,0.2682,0.5108,1.0418,0.3061,1.3386,1.1002,0.7918,1.0568,1,1,1,0,1,1,1,0,1,0.0345,100,1,1,3,0,0,1,1.0,2
1779788673382,1.0145,1.0071,1.0002,0.99,0.519,1.0011,0.9877,0.998,0.7524,0.0194,-0.0774,0.0321,0.0752,0.0653,-0.0766,-0.0738,-0.0126,-0.0713,71.92,162.48,84.85,1.67,-125.03,-89.03,-0.87,-98.21,-1.51,27.01,6.58,-10.38,-0.29,-49.17,-29.85,0.79,-35.95,-0.8,148.23,-49.1,-105.54,25.92,-121.65,135.78,85.81,-91.59,-137.31,29.5,24.73,-36.01,-14.27,45.12,-38.08,42.21,-37.09,16.49,0.1497,1.4995,0.9504,0.1858,0.8492,1.3886,0.1906,1.3534,1.2812,1,1,1,0,1,1,1,0,1,0.035,100,1,1,3,0,0,1,1.0,2
1779788674382,1.0128,1.0114,1.0077,1.0133,0.5074,1.0098,1.0066,0.9931,0.7595,0.0777,0.0695,-0.074,-0.0572,-0.0782,-0.0223,-0.0784,-0.075,-0.0147,70.36,162.95,84.05,1.79,-123.47,-88.75,0.89,-101.96,-0.89,26.99,5.84,-9.2,0.94,-50.44,-30.63,-0.21,-34.71,-0.23,-92.53,32.69,-40.98,20.62,-26.71,-49.16,86.63,88.89,-143.83,-5.52,48.31,-30.9,-0.14,-10.63,-2.58,0.74,-35.89,33.03,1.0407,1.2852,1.0945,0.875,1.1321,1.0691,0.2321,1.1991,0.7159,1,1,1,0,1,1,1,0,1,0.0355,100,1,1,3,0,0,1,1.0,2
1779788675382,1.0133,0.9878,1.0135,1.0091,0.4986,0.9882,1.0112,0.9868,0.7404,-0.08,-0.0359,-0.0346,0.0195,-0.0093,-0.0205,-0.0616,0.024,-0.0023,73.72,161.32,86.48,1.28,-126.88,-89.4,1.95,-99.66,1.62,27.92,6.75,-10.07,0.18,-50.85,-30.03,-0.52,-34.25,0.77,146.42,-113.81,7.93,-25.06,140.57,8.05,67.79,-115.61,146.41,-42.35,5.51,-18.92,48.87,32.92,37.48,-28.85,-28.34,1.14,0.3019,0.7979,1.3932,1.1932,1.4244,0.6093,1.1215,0.4838,1.0294,1,1,1,0,1,1,1,0,1,0.036,100,1,1,3,0,0,1,1.0,2
1779788676382,0.9972,0.995,1.014,1.0092,0.493,0.9957,1.0051,1.009,0.7324,0.0572,0.0175,0.0586,0.057,-0.0332,0.0458,0.0774,0.0638,-0.0692,72.1,162.78,83.97,1.4,-124.49,-90.57,-1.38,-101.77,2.0,27.88,6.91,-10.14,-0.49,-50.82,-29.38,-0.6,-35.21,0.11,-48.79,-138.55,-73.13,-15.67,-106.54,-28.67,54.96,-69.88,-85.87,10.66,13.24,-34.65,-20.41,-3.2,-9.78,6.8,-7.89,-6.83,0.7456,1.1857,1.4092,0.7262,1.1553,1.1047,0.2218,0.3565,0.6336,1,1,1,0,1,1,1,0,1,0.0365,100,1,1,3,0,0,1,1.0,2
1779788677382,0.9905,1.0014,1.0052,1.0093,0.4576,1.0111,1.0028,0.9885,0.7415,-0.0647,-0.0596,-0.0608,-0.0041,0.0125,0.0666,0.016,-0.065,0.0121,72.96,164.31,86.77,1.22,-125.71,-90.98,1.95,-98.82,1.65,27.94,6.84,-9.61,0.51,-50.41,-30.53,0.83,-35.72,0.14,12.2,47.8,3.55,24.93,-84.56,99.5,-67.22,33.32,108.95,-29.12,-36.92,-18.88,45.17,-33.84,42.91,-10.79,48.66,16.72,1.1491,1.2196,0.2363,0.3771,1.1715,0.1858,1.4088,1.161,0.6152,1,1,1,0,1,1,1,0,1,0.037,100,1,1,3,0,0,1,1.0,2
1779788678382,0.9873,1.0139,0.9993,1.0066,0.4657,1.0067,0.9855,1.0005,0.7219,0.0504,0.0717,-0.0549,-0.068,-0.0207,-0.0139,-0.0082,0.0784,0.0602,70.16,161.93,85.46,1.54,-123.16,-91.59,1.88,-100.76,-1.23,26.66,6.55,-9.16,0.9,-50.42,-29.19,-0.14,-34.79,0.58,-83.68,-89.12,-52.1,21.53,-115.84,-96.55,148.4,-110.43,-94.05,-35.57,1.06,26.83,-0.03,39.59,-13.8,-24.94,5.81,11.92,0.9704,0.3425,1.2197,0.7966,0.5458,0.9261,1.2026,0.2979,1.2484,1,1,1,0,1,1,1,0,1,0.0375,100,1,1,3,0,0,1,1.0,2
1779788679382,0.9999,0.9953,0.9925,0.9922,0.4469,1.0035,0.992,1.0056,0.7137,-0.0638,-0.012,-0.0235,0.0521,-0.0769,0.0172,0.0639,0.0079,-0.0759,70.33,162.45,85.12,-1.8,-124.95,-88.24,-1.35,-99.15,-1.54,27.45,6.19,-9.4,-0.78,-49.63,-29.17,-0.25,-34.07,-0.67,-25.32,146.6,13.03,-85.57,139.21,-47.12,20.84,127.06,-135.04,29.74,48.69,13.03,-12.08,-28.44,35.69,-32.18,45.98,-38.71,0.806,0.3876,0.429,1.4404,0.5276,1.0272,1.4467,0.5796,1.1723,1,1,1,0,1,1,1,0,1,0.038,100,1,1,3,0,0,1,1.0,2
1779788680382,0.9856,1.0019,1.0036,0.9972,0.4451,0.9896,0.9951,0.9924,0.7204,-0.046,-0.0075,0.0246,-0.0123,0.0005,-0.028,-0.0019,-0.0566,-0.0486,73.37,162.65,85.45,1.08,-125.56,-89.13,1.55,-98.91,0.98,26.65,5.0,-10.56,0.47,-50.47,-29.59,0.23,-35.76,0.53,-61.4,24.57,-21.5,-98.06,-116.42,24.99,60.52,112.33,61.33,27.56,-2.22,-12.09,-7.49,16.19,-47.47,17.75,-28.09,-24.33,1.0806,0.818,0.9429,0.666,0.9899,0.2035,0.5507,1.2494,0.1145,1,1,1,0,1,1,1,0,1,0.0385,100,1,1,3,0,0,1,1.0,2
1779788681382,0.9914,1.0023,0.9921,0.9989,0.4474,1.0052,0.9984,1.0034,0.7063,-0.0079,0.0526,-0.0452,-0.0024,0.0226,-0.0573,-0.0619,-0.0512,0.0775,70.06,162.12,83.2,0.8,-123.93,-89.91,0.59,-101.29,0.04,26.09,5.18,-10.44,0.73,-50.17,-29.28,-0.23,-35.52,0.88,-138.31,-7.03,-131.18,-110.64,-70.5,-127.0,-119.9,-25.12,92.1,13.85,-44.56,27.91,-18.84,-35.3,39.07,31.97,22.97,-40.13,1.4442,0.154,0.9199,0.342,0.4493,0.4573,0.1363,0.4176,0.9384,1,1,1,0,1,1,1,0,1,0.039,100,1,1,3,0,0,1,1.0,2
1779788682382,0.9974,0.9981,0.9996,1.0059,0.4458,1.004,1.0006,0.9914,0.7295,-0.0695,-0.071,-0.0365,0.0675,0.0693,-0.0118,0.0476,0.0695,-0.0575,71.12,164.6,83.0,0.49,-124.08,-90.49,-0.28,-101.67,0.72,27.67,5.65,-10.88,0.9,-49.19,-29.1,0.35,-35.74,-0.05,43.95,59.44,68.92,120.72,-11.75,25.77,11.73,56.14,96.31,36.31,-47.6,44.07,-47.98,47.62,20.27,41.01,48.33,7.6,1.4804,0.1151,1.1069,0.2315,0.6434,0.2093,0.5273,0.1843,1.4289,1,1,1,0,1,1,1,0,1,0.0395,100,1,1,3,0,0,1,1.0,2
1779788683382,1.0009,1.0014,1.0129,1.0137,0.4128,0.9954,0.998,0.9878,0.7144,0.0107,0.0522,-0.0164,-0.0335,-0.0686,-0.0614,0.0675,0.0681,0.0155,70.85,163.71,85.13,1.29,-124.71,-89.44,-0.67,-100.05,0.82,27.62,5.51,-9.88,-0.56,-49.81,-30.08,0.9,-34.66,-0.91,-114.11,10.36,84.1,-149.45,-127.05,-141.29,-61.06,94.03,140.66,34.4,-28.07,-18.95,-19.45,-1.87,-11.56,22.49,36.71,-45.73,1.1359,1.3682,0.7506,1.2889,0.2491,1.3365,0.7481,1.0628,0.8304,1,1,1,0,1,1,1,0,1,0.04,100,1,1,3,0,0,1,1.0,2
1779788684382,0.9918,1.0012,1.0089,1.0143,0.4051,0.9887,1.0056,1.012,0.7059,-0.0434,0.0379,0.0293,0.0798,-0.0122,0.0604,0.0721,0.0732,0.0349,70.89,161.86,85.24,1.61,-123.11,-89.44,-0.67,-98.57,1.0,26.91,6.61,-10.07,-0.95,-50.27,-30.45,0.29,-35.42,0.34,85.5,35.36,101.53,4.15,-94.39,49.16,97.51,-101.17,-145.53,38.97,-38.88,14.19,-39.41,-48.63,35.82,9.37,-43.53,-19.42,0.2417,0.4813,1.3039,0.3107,0.3193,1.1819,0.2835,1.2105,1.3348,1,1,1,0,1,1,1,0,1,0.0405,100,1,1,3,0,0,1,1.0,2
1779788685382,0.9967,1.0063,0.9946,0.9936,0.3958,1.0026,1.0109,1.011,0.7164,0.0239,-0.0485,0.0717,-0.0274,0.0211,0.043,-0.0746,-0.0753,-0.013,73.37,162.68,85.64,0.01,-123.27,-91.67,1.83,-98.6,-1.91,27.57,6.11,-10.3,0.06,-50.38,-29.06,0.55,-34.5,0.06,-20.79,39.93,39.43,14.17,134.32,-36.11,34.75,5.3,1.13,-34.82,-17.77,8.31,25.92,-41.63,1.68,36.51,-26.22,-31.27,1.0352,0.9175,1.4789,0.3059,1.0893,0.5971,1.4623,1.0932,0.3381,1,1,1,0,1,1,1,0,1,0.041,100,1,1,3,0,0,1,1.0,2
1779788686382,1.0084,1.0106,1.0001,0.9917,0.4125,1.0114,1.0088,0.9945,0.7094,0.0194,0.0626,-0.0376,-0.0492,-0.0147,-0.0009,-0.0381,0.0304,-0.0766,70.76,164.43,83.36,-1.86,-124.26,-88.4,1.96,-99.81,0.54,26.67,5.33,-10.73,0.96,-49.9,-30.29,-0.59,-34.88,0.42,126.82,-38.35,103.69,93.51,-17.9,71.71,110.15,1.84,119.47,-11.85,16.61,16.9,-49.3,-45.14,47.28,27.1,42.83,-41.22,0.3343,0.644,1.376,1.2904,1.0538,0.7266,0.3807,1.1627,1.1474,1,1,1,0,1,1,1,0,1,0.0415,100,1,1,3,0,0,1,1.0,2
1779788687382,0.9958,0.9965,0.9912,0.9938,0.3844,1.0047,0.9926,1.0014,0.7092,-0.0152,0.0227,-0.0756,-0.0275,-0.0168,-0.0145,0.0777,0.0728,0.0434,73.75,161.76,84.96,0.23,-125.01,-88.68,0.24,-101.55,-1.53,27.88,5.42,-9.91,-0.88,-49.82,-29.3,0.73,-34.14,-0.63,86.21,135.58,-54.36,100.95,23.4,69.44,23.12,-146.57,12.65,-42.74,15.96,-40.7,17.92,-36.53,-6.37,-33.48,-39.02,-39.64,1.3536,0.2988,0.2507,0.495,0.7644,0.7846,0.7719,0.2809,0.7646,1,1,1,0,1,1,1,0,1,0.042,100,1,1,3,0,0,1,1.0,2
1779788688382,1.0067,1.0089,1.001,0.9992,0.3851,0.9913,1.0059,0.9871,0.69,0.0517,-0.0113,-0.0248,-0.0411,-0.0671,-0.013,-0.016,-0.0489,0.0536,71.73,161.46,86.98,0.72,-125.06,-88.79,-1.53,-100.82,-0.91,26.17,6.84,-9.21,0.52,-50.18,-30.88,0.91,-34.78,-0.8,-120.52,-66.27,144.53,135.38,133.57,105.09,-0.44,-128.24,44.34,10.14,-27.81,-1.67,28.11,40.76,-24.89,-10.06,45.0,-0.68,0.9711,0.4415,1.2045,0.5001,1.0521,0.7673,0.8305,0.4349,0.8485,1,1,1,0,1,1,1,0,1,0.0425,100,1,1,3,0,0,1,1.0,2
1779788689382,0.9886,0.9958,1.0097,1.0025,0.3895,0.9953,1.008,0.9963,0.6882,0.0158,-0.0382,0.0369,-0.012,0.0542,-0.0574,-0.0786,0.0496,-0.0384,73.38,164.7,83.06,-0.86,-126.23,-89.9,-0.6,-100.25,1.55,26.77,5.62,-10.77,0.83,-49.29,-30.14,0.04,-35.37,-0.85,-61.64,-48.63,77.79,33.66,59.72,41.17,141.49,52.53,34.54,12.08,-24.73,-37.04,-48.06,44.61,-11.69,-8.08,43.06,-26.4,1.1018,0.8972,1.0001,0.74,1.269,0.6282,0.9496,0.7929,0.7299,1,1,1,0,1,1,1,0,1,0.043,100,1,1,3,0,0,1,1.0,2
1779788690382,1.0086,0.9936,1.0075,0.9934,0.3698,1.014,0.9852,0.991,0.6746,-0.0089,0.0588,-0.0519,-0.0718,0.0644,-0.0082,-0.0792,-0.0731,-0.0404,71.36,161.3,86.78,-1.35,-124.56,-89.79,-0.91,-101.27,-1.82,27.43,6.29,-10.04,-0.74,-50.27,-30.23,-0.44,-35.48,0.37,95.89,-29.18,-110.3,134.02,69.27,116.66,57.6,-21.46,-40.55,34.7,41.18,40.5,-24.18,1.62,6.83,-32.58,46.48,2.98,0.3948,1.4238,0.3381,1.2534,1.2018,0.1207,1.134,0.2112,1.457,1,1,1,0,1,1,1,0,1,0.0435,100,1,1,3,0,0,1,1.0,2
1779788691382,0.9911,0.993,0.9888,1.0025,1.0136,1.0003,1.0103,0.9931,0.9864,0.0322,-0.029,0.0351,-0.0071,0.0014,0.0301,0.0384,-0.0237,0.0337,71.29,164.25,84.09,1.2,-123.83,-90.36,-1.21,-99.72,1.4,27.68,6.5,-9.54,0.73,-50.67,-30.14,-0.99,-35.04,-0.77,-148.15,38.05,25.0,146.17,133.65,4.96,126.58,2.47,30.15,-47.49,-30.77,-47.21,28.18,18.45,39.21,-27.59,7.12,-5.96,1.1617,0.2831,1.0926,0.1705,0.9988,0.7158,0.5835,0.4214,1.2297,1,1,1,0,1,1,1,1,1,0.000477,80,0,4,0,0,0,0,0.8,0
1779788692382,0.9881,1.002,1.0076,1.0027,1.0034,0.9965,1.0031,0.9989,0.9995,-0.0023,0.0345,-0.0021,-0.0796,-0.0225,0.0052,0.0268,-0.011,0.0024,70.35,163.22,86.86,1.02,-126.85,-89.85,-0.96,-100.96,-0.11,26.74,5.13,-10.32,0.57,-50.68,-29.66,0.14,-35.01,-0.3,-57.85,-141.63,-56.87,-35.55,-8.88,-143.39,-41.77,22.56,77.69,17.85,46.17,-2.06,1.95,37.29,-7.66,11.81,-1.13,-4.57,0.8457,1.1412,0.4996,1.3793,0.6938,0.3419,0.8237,0.2902,0.6608,1,1,1,0,1,1,1,1,1,0.000261,76,0,4,0,0,0,0,0.75,0
1779788693382,0.9939,1.0095,0.988,0.99,1.013,1.0037,1.0116,0.9955,1.006,0.0026,0.0458,-0.0625,-0.0676,0.0399,0.0502,0.0602,-0.0345,-0.0388,71.75,161.83,86.43,-1.18,-126.44,-90.78,1.43,-100.05,-1.14,27.04,6.89,-10.38,-0.03,-50.63,-29.51,0.93,-35.28,-0.62,-24.8,42.33,137.8,122.61,48.08,140.94,-37.28,78.83,-128.88,29.22,-45.04,17.95,26.15,45.31,-18.46,41.41,47.47,-32.73,0.1618,0.2281,1.2334,0.4272,1.4133,0.3081,0.1015,0.4356,0.9476,1,1,1,0,1,1,1,1,1,0.00034,72,0,4,0,0,0,0,0.7,0
1779788694382,0.9877,1.0064,1.0118,1.0101,1.0129,1.0052,1.0133,0.9917,0.9981,-0.0458,0.0757,0.0766,-0.0721,-0.0697,0.0462,-0.0526,-0.0722,0.066,72.29,164.12,83.03,1.86,-124.68,-91.34,1.06,-100.9,-0.69,26.25,6.2,-9.93,0.21,-49.98,-30.51,0.7,-34.61,-0.62,96.07,95.2,-34.19,145.45,135.93,102.61,133.15,-33.27,65.96,8.04,43.6,46.59,2.99,-42.89,5.2,34.81,-47.81,-34.78,0.6097,0.9424,0.662,1.2172,0.7341,0.7534,1.4662,0.5196,1.3906,1,1,1,0,1,1,1,1,1,0.000256,68,0,4,0,0,0,0,0.65,0
1779788695382,1.0065,1.0078,0.9996,0.9915,1.0105,0.9853,1.0144,1.0092,0.9968,-0.0645,-0.0404,0.0172,0.0763,0.0409,0.0674,0.0579,0.0597,0.0398,71.17,164.48,83.08,1.79,-125.46,-91.67,-0.25,-98.59,0.84,27.64,6.82,-9.04,-0.27,-49.48,-29.95,0.29,-34.95,0.48,33.51,-113.21,-77.53,-8.05,131.07,-81.8,53.16,52.42,29.29,-13.17,-4.06,-3.29,1.42,-2.55,49.63,48.02,40.5,-15.56,0.1939,1.2964,0.157,1.4559,0.7641,0.7141,1.486,0.6281,1.1396,1,1,1,0,1,1,1,1,1,0.00014,64,0,4,0,0,0,0,0.6,0
1779788696382,1.011,0.9882,0.9984,0.9978,1.0182,0.9902,0.9901,1.0052,0.9892,0.067,0.0148,0.021,0.0105,0.0227,-0.0759,-0.0331,-0.0705,0.0742,73.06,163.85,84.96,1.09,-123.59,-88.03,0.08,-99.87,-1.16,27.8,6.1,-9.49,0.77,-50.14,-30.54,0.23,-35.33,0.17,-53.35,-21.46,50.87,59.48,89.19,76.94,45.12,44.09,-97.24,28.78,-19.59,23.04,32.83,38.57,-20.16,-28.98,-22.05,39.56,0.9473,1.0819,0.3633,1.3054,1.0687,0.2622,1.2975,1.2855,0.9452,1,1,1,0,1,1,1,1,1,0.00026,60,0,4,0,0,0,0,0.55,0
1779788697382,0.9998,1.0093,1.0126,1.0051,1.0254,1.0148,1.0126,0.9868,1.0027,-0.0749,0.0466,-0.0383,-0.0008,-0.061,0.0289,-0.0499,-0.0295,0.0153,72.58,164.01,85.93,0.44,-123.03,-91.93,-0.99,-99.27,-1.81,26.87,5.96,-10.87,-0.53,-49.77,-30.88,-0.0,-35.35,0.25,18.03,-93.71,141.07,-45.92,1.39,-44.86,-118.28,57.74,86.48,25.67,23.11,11.22,21.51,25.05,-32.28,40.11,-48.68,-18.21,0.4235,0.9762,1.2123,1.3625,0.399,1.096,0.2366,0.4973,0.1058,1,1,1,0,1,1,1,1,1,0.000277,56,0,4,0,0,0,0,0.5,0
1779788698382,1.0053,0.9944,1.0124,0.9978,1.047,0.9969,0.9932,1.0107,1.0088,-0.0779,0.0402,-0.0372,-0.0075,-0.0089,0.0262,0.0498,-0.0203,0.0017,70.49,162.87,84.23,1.91,-126.4,-91.86,1.06,-101.45,1.51,27.82,5.58,-9.2,0.98,-50.72,-29.03,-0.12,-34.54,0.42,-81.76,-28.63,112.65,-124.77,-57.31,-24.43,38.05,-39.83,-144.65,-29.82,-3.54,6.01,19.09,-20.4,-10.55,37.47,-44.6,41.68,1.3302,0.9335,0.335,0.1472,0.9873,1.2449,0.3038,0.6362,0.204,1,1,1,0,1,1,1,1,1,0.00044,52,0,4,0,0,0,0,0.45,0
1779788699382,0.9918,1.002,1.0053,1.01,1.0376,0.9854,0.9866,0.993,1.0128,0.0666,0.0166,-0.0724,0.034,-0.0378,-0.0577,0.0064,-0.0519,0.0333,72.59,161.54,85.54,0.2,-123.59,-90.64,-0.03,-99.37,1.57,27.84,6.96,-10.87,0.63,-49.54,-30.61,0.72,-35.65,0.72,-90.48,118.53,42.16,-115.5,98.23,14.28,38.46,-29.27,27.26,-31.12,5.3,23.35,-41.67,-4.87,-38.84,-43.12,-16.79,5.14,1.2936,1.0225,0.4128,1.2452,0.5389,0.1996,0.9057,0.9279,1.3935,1,1,1,0,1,1,1,1,1,0.000342,48,0,4,0,0,0,0,0.4,0
1779788700382,0.9892,0.9933,0.9978,0.991,1.0684,1.0122,0.9869,1.0139,0.9947,0.0378,-0.0489,0.0126,0.0458,0.0042,0.0755,0.0511,-0.0515,-0.0685,73.58,163.66,85.51,-0.55,-123.89,-88.7,-0.14,-100.76,-1.69,27.43,5.93,-9.23,-0.95,-49.39,-29.38,-0.86,-35.8,0.33,-50.61,112.35,-94.91,24.23,-23.63,-55.15,95.97,-55.5,25.02,7.37,7.48,-38.04,-38.25,-40.93,-48.29,-43.49,5.33,29.83,1.2386,1.3836,0.8538,1.359,1.0087,1.2853,0.3124,1.4953,1.1004,1,1,1,0,1,1,1,1,1,0.000438,44,0,4,0,0,0,0,0.35,0
1779788701382,0.9973,0.994,0.9994,0.9999,1.0622,0.9983,1.0105,1.0046,0.9982,-0.0156,0.0501,-0.0564,-0.0339,0.0528,0.017,0.0572,0.0567,-0.0565,73.91,161.01,84.63,-0.35,-126.56,-90.15,0.32,-99.12,-1.29,27.41,6.0,-10.13,0.69,-49.02,-29.96,-0.34,-35.52,0.11,3.77,-45.71,24.61,-48.8,35.29,-22.63,-115.32,-71.69,-20.27,24.46,2.97,-3.19,-1.46,2.56,36.78,-15.57,-40.0,23.62,0.1373,1.0438,0.5722,1.4047,1.0096,0.287,0.1691,1.3624,1.0485,1,1,1,0,1,1,1,1,1,0.000427,40,0,4,0,0,0,0,0.3,0
1779788702382,0.9992,1.0073,0.9864,0.9895,1.0511,0.9869,0.9939,1.0013,1.0079,-0.0147,-0.0046,0.0231,0.0681,0.0723,0.0746,0.0415,0.0253,-0.0006,70.23,163.23,84.55,-1.51,-124.13,-89.21,0.75,-98.66,0.45,26.23,5.47,-10.75,-0.73,-49.9,-30.96,0.29,-35.37,-0.61,84.64,76.05,-96.4,124.29,114.76,71.08,-96.82,-139.64,-101.97,-10.5,-32.27,-26.19,18.58,-16.43,31.84,-31.44,1.17,-36.66,1.3988,0.9093,0.5456,1.4531,0.4798,0.4747,0.447,0.4052,0.9707,1,1,1,0,1,1,1,1,1,0.000143,36,0,4,0,0,0,0,0.25,0
1779788703382,0.9898,1.0058,0.9925,0.9966,1.0662,0.9956,0.9902,0.9905,0.9983,0.0231,-0.0182,-0.0662,0.0764,0.0126,0.0378,-0.0334,0.0403,0.06,73.52,162.76,85.25,1.14,-126.25,-89.99,-0.08,-98.08,-1.86,26.43,6.79,-10.53,-0.4,-50.33,-29.78,0.08,-34.67,-0.81,108.06,135.14,148.44,136.57,-24.39,-118.04,30.74,-142.64,141.9,-12.31,-24.71,0.62,14.56,-12.59,38.69,16.18,28.37,49.34,0.2009,0.7967,1.1006,0.5511,1.4737,0.2263,0.5376,0.9187,0.2181,1,1,1,0,1,1,1,1,1,0.000216,32,0,4,0,0,0,0,0.2,0
1779788704382,1.0144,1.0019,0.9873,1.007,1.0884,1.0058,0.9936,0.9904,1.0061,-0.0103,-0.0632,0.0528,0.0521,0.0578,-0.0081,-0.0738,0.0782,0.0163,73.35,161.96,86.54,-0.14,-126.94,-89.65,0.46,-100.05,-1.53,26.81,5.67,-10.74,0.49,-49.25,-29.44,-0.99,-35.49,-0.13,55.44,-56.81,101.44,-29.15,41.74,19.91,8.91,-24.45,46.72,-8.15,24.64,20.72,41.83,28.51,6.11,39.98,-35.19,30.93,0.2715,1.2719,1.3214,0.5531,1.3218,0.4826,1.2676,1.0839,0.7064,1,1,1,0,1,1,1,1,1,0.000103,28,0,4,0,0,0,0,0.15,0
1779788705382,1.0096,0.9943,0.9936,1.0046,1.0846,1.0077,1.0108,1.0082,0.9889,0.03,0.0636,0.0093,0.0679,-0.0424,0.0785,0.0401,0.0439,0.0025,70.95,163.57,85.19,1.17,-125.08,-88.98,-1.36,-100.98,-0.92,26.96,5.9,-9.87,0.87,-49.49,-30.67,0.67,-35.58,-0.15,-1.07,-23.31,-39.61,54.68,99.01,-36.11,144.44,28.25,-3.28,5.34,33.9,46.12,39.01,-45.94,-23.57,-23.63,-37.76,16.97,0.1484,1.1542,0.3716,0.9366,0.718,1.364,1.2601,1.1243,0.7964,1,1,1,0,1,1,1,1,1,0.000415,24,0,4,0,0,0,0,0.1,0
1779788706382,1.001,0.9976,0.9902,1.0108,1.0752,1.0003,1.0058,1.0001,0.9887,0.0582,0.048,0.0407,-0.0247,-0.0762,-0.0036,-0.0732,-0.0754,0.0636,73.81,164.44,84.1,-1.4,-125.28,-90.9,0.49,-99.61,0.65,27.54,5.66,-9.14,0.61,-50.46,-30.63,0.47,-34.32,0.51,-29.78,9.72,142.93,143.0,87.7,10.5,68.7,-19.01,44.12,-43.75,-30.23,-48.88,-46.34,-12.38,14.77,16.95,-35.76,-38.28,0.6017,1.3814,0.9356,0.7601,0.8473,0.3516,1.3021,0.9537,0.8782,1,1,1,0,1,1,1,1,1,0.000172,20,0,4,0,0,0,0,0.05,0
1779788707382,1.0136,0.9981,0.9995,0.9931,1.0995,0.9867,1.0126,1.0091,0.9854,-0.0307,-0.0262,0.0236,0.0508,0.0095,-0.0161,0.0691,-0.0713,0.052,73.66,162.54,86.95,1.08,-126.99,-88.23,1.21,-99.83,-1.71,26.37,6.45,-10.76,0.15,-49.14,-30.76,0.93,-35.2,0.37,-123.33,38.23,120.73,119.72,23.83,-0.79,-35.32,-147.61,-106.22,-26.06,-5.72,-49.01,-28.37,-47.8,17.05,-33.41,-7.28,44.76,0.477,1.4665,1.184,0.1039,1.4819,0.1405,0.6702,1.2324,0.678,1,1,1,0,1,1,1,1,1,0.000239,16,0,4,0,0,0,0,0.0,0
1779788708382,1.0054,0.9915,0.9863,1.0015,1.1113,0.9957,0.9875,1.0131,0.9851,-0.0134,0.0091,-0.0333,-0.0207,0.0245,0.0489,0.0721,0.0293,0.0783,71.84,164.58,85.67,0.74,-125.36,-89.85,-0.97,-101.57,-1.75,27.59,5.59,-10.73,0.0,-50.97,-30.41,-0.84,-35.32,0.49,-11.69,34.02,-122.71,65.16,-12.0,45.52,-69.98,-12.2,-146.85,-48.2,-34.16,4.63,-34.75,-39.56,-5.57,-35.79,-13.75,-28.25,0.1381,0.9063,1.4239,0.835,0.3104,0.5786,1.3568,0.4044,0.6399,1,1,1,0,1,1,1,1,1,0.000362,12,0,4,0,0,0,0,0.0,0
1779788709382,0.9858,0.9907,0.9896,1.0084,1.1062,0.9886,0.9965,0.9861,1.0146,-0.0043,-0.0052,0.0424,-0.0659,0.0696,0.0057,-0.0237,-0.072,0.0448,72.01,162.46,83.37,1.89,-123.24,-88.37,-1.44,-100.92,-1.16,26.27,5.79,-9.83,0.34,-50.94,-30.01,-0.24,-34.93,0.14,-146.04,-141.7,89.31,-19.68,-25.66,61.03,-70.11,103.5,88.37,26.67,-23.28,0.49,15.58,19.88,-26.24,49.1,-34.51,-7.13,1.2508,1.2233,0.7187,0.4325,0.9724,0.186,0.8211,1.0713,1.0403,1,1,1,0,1,1,1,1,1,0.000126,8,0,4,0,0,0,0,0.0,0
1779788710382,0.9874,1.0072,1.0071,1.0041,1.1188,0.9966,1.0071,0.9906,1.0063,-0.0487,-0.0018,0.0484,0.0071,-0.0076,-0.0681,0.0478,0.0192,-0.0144,70.85,162.0,84.79,-1.0,-126.22,-91.34,1.11,-98.69,0.71,26.7,5.63,-10.35,-0.05,-50.04,-30.72,0.26,-35.17,-0.09,33.26,-113.94,-80.99,-144.46,-80.12,60.08,114.32,-63.53,38.42,23.81,-44.92,28.98,-2.52,32.7,-45.65,39.08,-2.59,42.09,1.3446,1.4396,0.3701,0.1024,1.02,1.4115,0.3631,0.1867,0.1691,1,1,1,0,1,1,1,1,1,0.000366,4,0,4,0,0,0,0,0.0,0
1779788711382,1.0043,0.9992,1.0013,1.0123,1.117,0.9939,1.0149,1.0079,0.995,-0.0068,0.0418,0.0556,0.0781,0.0402,0.0355,0.0649,0.0736,0.0038,73.33,162.66,83.73,-1.99,-124.23,-88.02,-1.84,-99.58,0.18,26.8,6.8,-10.41,-0.02,-49.1,-29.92,-0.77,-34.51,0.76,71.29,-126.81,-108.92,80.96,-67.67,-111.08,139.17,22.62,-89.09,-1.08,31.33,-43.62,48.21,31.59,37.82,33.71,32.4,-17.54,1.1999,0.3566,0.5816,1.2616,0.2017,0.983,0.2685,1.1255,0.4521,1,1,1,0,1,1,1,1,1,0.000322,0,0,4,0,0,0,0,0.0,0
1779788712382,0.9908,1.0049,0.9881,1.0033,1.1307,1.0045,1.0121,0.9918,1.0069,0.0773,0.0039,-0.0606,0.0792,-0.0028,0.0724,-0.0763,0.0359,0.0268,72.31,162.07,84.53,-0.91,-124.99,-88.5,-0.65,-98.04,-0.07,26.14,5.78,-9.82,-0.58,-49.82,-29.51,0.05,-34.53,-0.82,7.18,83.48,-138.24,-122.07,70.69,119.47,-46.9,-76.62,62.73,-17.28,18.14,-11.27,17.37,-39.14,-37.28,13.67,4.21,49.4,0.5877,1.0578,1.1341,0.1272,0.1834,1.1026,1.4839,0.1791,0.7447,1,1,1,0,1,1,1,1,1,0.000439,0,0,4,0,0,0,0,0.0,0
1779788713382,1.0013,0.987,1.0147,1.0083,1.145,1.0008,1.0093,0.9898,1.0084,-0.0238,-0.0517,0.0034,-0.0676,0.0775,0.0119,0.0786,-0.0658,-0.0454,71.57,163.01,84.48,0.52,-124.43,-91.34,-1.01,-100.37,0.9,26.33,5.05,-10.81,0.83,-50.22,-30.26,0.55,-35.21,0.79,53.34,-18.05,-115.38,123.64,141.5,40.4,60.86,31.37,58.78,-18.9,46.93,27.61,32.43,-32.59,14.94,41.29,42.51,-11.91,1.122,0.6418,0.9042,0.2499,0.9881,1.1358,1.1727,0.3872,0.6811,1,1,1,0,1,1,1,1,1,0.000214,0,0,4,0,0,0,0,0.0,0
1779788714382,1.0088,0.9897,1.0008,1.0143,1.1447,0.9965,0.9906,0.999,1.0008,-0.0059,-0.0776,-0.0137,0.0775,-0.0267,0.0016,0.0543,-0.0267,0.0355,70.15,163.14,86.22,-0.88,-125.31,-88.19,-0.1,-101.75,-1.27,27.5,5.93,-10.56,-0.21,-49.32,-29.44,-0.66,-35.6,-0.85,33.78,25.33,10.39,61.8,-3.87,64.55,22.86,56.74,-59.82,-23.86,8.43,13.27,34.21,-33.64,-11.06,-8.43,33.94,1.28,1.2915,0.7552,1.141,1.3929,1.2092,1.158,1.3709,1.0241,0.4037,1,1,1,0,1,1,1,1,1,0.000346,0,0,4,0,0,0,0,0.0,0
1779788715382,0.9942,0.9972,0.9897,0.9914,1.1325,1.0036,0.9872,0.9976,1.0128,0.0072,-0.0515,-0.0563,-0.0277,0.0365,0.0519,-0.0566,-0.0267,-0.0766,72.22,162.42,83.22,1.57,-124.67,-91.87,0.65,-101.41,0.31,26.1,6.42,-10.36,-0.89,-50.51,-29.98,-0.43,-34.55,0.76,134.07,33.42,-129.06,-118.2,-21.75,-57.78,-112.16,131.02,-19.27,47.29,4.55,-43.74,47.65,12.33,-40.84,13.53,-29.27,-37.52,1.0466,1.3044,0.498,1.1628,1.2051,0.2283,0.1792,1.4386,0.3072,1,1,1,0,1,1,1,1,1,0.000238,0,0,4,0,0,0,0,0.0,0
1779788716382,0.9934,1.0012,1.0042,0.9961,1.1632,0.994,0.9907,0.9998,1.0063,-0.012,0.0135,0.034,0.0111,-0.0773,-0.0653,-0.0292,-0.0338,-0.0697,71.63,163.11,85.38,1.3,-125.0,-89.78,1.65,-101.5,-1.31,26.32,5.17,-9.91,-0.69,-50.34,-30.64,0.04,-35.12,-0.46,-140.39,115.27,61.18,-31.28,137.8,-138.41,-71.9,-45.45,-0.05,-34.78,-39.36,-10.47,13.09,20.15,36.38,-6.66,-7.56,-11.09,0.9563,0.5228,0.6923,0.5186,0.3804,1.2277,0.7779,1.2278,0.8683,1,1,1,0,1,1,1,1,1,0.000337,0,0,4,0,0,0,0,0.0,0
1779788717382,1.013,1.0007,1.0085,1.0007,1.1526,0.996,0.9958,0.9898,0.9946,-0.0276,-0.0346,-0.02,0.0037,0.0458,-0.0084,0.0254,-0.075,-0.0313,71.72,164.95,83.11,-0.59,-123.79,-90.44,0.59,-100.48,-0.75,27.71,5.41,-9.93,0.96,-50.06,-30.26,-0.69,-34.75,-0.3,-38.98,-37.57,142.65,23.46,46.3,136.34,37.42,5.52,-3.9,37.18,-33.08,-47.95,16.65,15.14,-33.56,-4.08,21.93,-41.72,1.382,1.3325,0.3024,1.3951,0.87,1.197,1.1624,0.974,0.9259,1,1,1,0,1,1,1,1,1,0.000103,0,0,4,0,0,0,0,0.0,0
1779788718382,1.0108,1.008,1.0085,0.9853,1.1579,0.9976,1.0139,0.9891,1.0041,-0.0465,-0.0108,0.0621,0.0534,0.0724,0.0219,0.0173,0.0595,0.0227,72.24,163.23,85.01,-0.25,-125.18,-91.71,0.4,-101.36,-0.83,27.65,6.93,-10.04,-0.27,-49.42,-29.08,-0.06,-34.23,0.83,-91.61,140.17,106.17,57.34,76.07,-94.85,-121.29,84.96,-114.69,47.17,-47.6,43.72,-3.22,44.67,22.02,33.88,-12.38,-41.66,0.9674,0.7455,0.6829,1.0154,0.9457,0.7691,1.1936,1.0071,0.7569,1,1,1,0,1,1,1,1,1,0.000374,0,0,4,0,0,0,0,0.0,0
1779788719382,0.9936,0.9925,0.9949,1.0089,1.174,0.9963,1.0124,1.0144,0.9916,0.031,0.0687,0.0771,-0.0127,0.053,-0.0021,0.0342,0.0782,0.0448,70.81,164.57,84.41,1.12,-126.34,-89.34,1.5,-101.36,0.48,27.28,6.39,-10.38,0.28,-50.58,-30.8,0.68,-34.55,0.41,30.03,135.87,136.83,48.12,-97.73,73.28,83.38,-82.4,88.48,8.66,-3.69,-34.61,-42.92,13.71,43.25,22.49,-20.44,15.68,1.4326,1.3938,0.5989,1.0436,1.082,0.244,0.5219,0.1029,0.2229,1,1,1,0,1,1,1,1,1,0.000318,0,0,4,0,0,0,0,0.0,0
1779788720382,0.9978,0.991,1.0132,0.9909,1.1641,1.0055,1.0123,1.0057,1.0056,-0.0367,0.0485,-0.0565,0.001,0.0497,0.0111,0.0292,0.0236,0.0538,73.88,164.33,83.17,-0.87,-123.99,-91.86,1.79,-100.37,-1.74,27.71,5.1,-9.03,0.36,-50.65,-30.87,-0.61,-34.72,-0.72,-39.11,-139.22,-88.95,-34.96,0.89,-136.16,123.33,-142.75,138.82,2.85,18.4,40.11,31.33,17.17,38.41,-13.79,42.36,-29.28,0.7889,0.6531,0.144,0.8981,0.9504,0.8441,0.7148,1.411,1.1857,1,1,1,0,1,1,1,1,1,0.000237,0,0,4,0,0,0,0,0.0,0
1779788721382,0.9982,1.0141,0.997,0.9908,1.1765,1.003,1.0053,0.9906,1.0086,0.0605,0.0193,-0.0111,0.0499,-0.0528,-0.0166,-0.0758,0.0555,-0.0376,70.3,164.64,83.43,1.05,-124.56,-89.61,-1.63,-99.14,-1.63,27.03,5.74,-9.9,0.64,-49.24,-30.87,-0.39,-34.61,0.4,124.48,30.09,2.99,-107.16,-4.94,45.93,-136.67,53.77,-20.92,-4.31,15.4,39.19,0.85,-8.07,40.67,24.91,11.89,35.42,1.0348,1.4698,0.7234,0.6918,1.4627,0.3241,1.1697,0.9316,0.7147,1,1,1,0,1,1,1,1,1,0.000438,0,0,4,0,0,0,0,0.0,0
1779788722382,0.9862,1.0001,1.0057,1.0087,1.1768,0.9947,0.9856,0.995,0.9865,-0.0577,0.0241,-0.0339,-0.0081,0.0427,0.0074,0.0513,0.0141,0.0115,71.47,162.92,84.87,-1.93,-124.01,-88.11,-0.94,-100.42,1.19,26.28,5.11,-9.91,0.83,-50.68,-30.43,0.92,-34.86,-0.0,-32.96,92.45,11.99,11.69,115.9,-19.49,143.22,-69.23,132.87,1.89,-44.18,-37.67,6.57,45.72,-1.67,-4.49,-30.08,-32.57,0.6196,0.3597,0.7816,0.8558,1.3228,1.3006,1.1425,0.2412,0.4707,1,1,1,0,1,1,1,1,1,0.000357,0,0,4,0,0,0,0,0.0,0
1779788723382,0.9966,0.9983,1.0051,1.0078,1.2007,0.9996,1.013,0.9876,1.0012,-0.001,0.0094,-0.0251,0.0001,-0.0591,-0.0625,0.0059,-0.0377,-0.0188,70.44,162.75,85.91,-1.4,-123.83,-88.75,1.16,-100.7,-1.8,26.15,5.14,-10.49,0.81,-50.13,-29.61,0.51,-34.47,0.14,148.44,74.13,124.83,123.36,7.59,34.21,139.99,94.71,-55.24,-11.43,-17.63,-20.55,13.23,-43.22,-22.5,-27.28,-45.28,18.12,1.3677,1.3067,1.0546,0.3107,0.5847,0.5413,1.2413,1.1965,0.6438,1,1,1,0,1,1,1,1,1,0.000309,0,0,4,0,0,0,0,0.0,0
1779788724382,0.9935,0.9875,1.0089,0.9991,1.2073,1.0024,0.9866,0.9942,1.0073,-0.04,0.05,0.0271,0.051,-0.0443,0.0346,0.0437,-0.0126,0.048,70.29,161.41,86.57,-1.42,-125.65,-89.18,1.56,-99.88,-0.08,26.75,6.06,-10.66,0.34,-50.84,-30.73,-0.53,-35.95,-0.79,4.78,22.89,-104.85,-124.13,-104.27,95.91,-65.73,-55.91,-145.78,19.65,-29.91,35.99,-10.21,-5.14,10.38,1.36,48.03,-14.53,0.6551,1.257,1.3459,0.4112,0.1469,0.8964,0.1494,0.8067,0.6993,1,1,1,0,1,1,1,1,1,0.000313,0,0,4,0,0,0,0,0.0,0
1779788725382,1.0112,0.9981,0.9925,0.9989,1.1945,1.009,0.9921,1.0035,0.9936,-0.0407,-0.0559,-0.0624,0.0284,-0.0207,0.0367,-0.0619,0.0402,0.0547,72.79,161.48,83.7,-1.48,-123.01,-88.52,0.06,-98.03,-1.33,27.58,5.15,-10.37,-0.57,-50.91,-30.89,-0.99,-35.95,-0.67,71.64,38.46,-89.1,65.46,-117.6,-93.32,-108.03,-62.14,-33.52,48.2,6.87,-27.02,-29.33,-31.14,-46.25,-43.01,-23.83,12.3,0.7974,0.9481,1.0748,0.6081,0.3246,0.8201,0.517,1.4762,0.4172,1,1,1,0,1,1,1,1,1,0.000455,0,0,4,0,0,0,0,0.0,0
1779788726382,0.9979,0.9908,0.9852,1.0073,1.2113,0.9919,0.9868,1.0023,0.9965,0.0561,0.0719,-0.0526,-0.0625,0.0596,-0.0398,-0.0319,0.0679,-0.0448,71.79,161.67,86.76,-0.93,-123.23,-91.5,-1.59,-99.36,-1.66,26.36,6.21,-10.77,0.44,-49.96,-30.73,-0.72,-35.04,-0.36,-99.44,111.24,-16.62,49.11,-2.31,-1.64,93.73,99.11,82.45,30.8,22.6,15.81,-44.03,26.73,39.19,1.85,8.03,-14.94,1.095,0.1103,1.0321,1.2869,0.3017,0.5595,1.1967,0.2236,0.3777,1,1,1,0,1,1,1,1,1,0.000478,0,0,4,0,0,0,0,0.0,0
1779788727382,1.0001,0.9883,1.0016,1.0094,1.2306,0.994,0.9877,1.0,0.9898,0.0618,0.0623,0.0237,-0.0105,0.0524,-0.0472,0.0441,0.0595,0.0652,73.8,164.6,85.51,-0.78,-124.38,-89.62,1.63,-99.88,1.71,27.09,6.35,-9.45,0.4,-49.31,-29.01,-0.61,-34.71,0.38,70.29,-43.97,-32.24,41.88,76.87,-100.27,112.23,-69.66,-51.66,-43.32,-12.72,-38.64,-21.08,5.85,15.64,43.65,33.41,39.25,1.1029,0.6211,0.6174,0.4233,0.6042,0.7334,0.3905,0.5637,0.2072,1,1,1,0,1,1,1,1,1,0.000341,0,0,4,0,0,0,0,0.0,0
1779788728382,0.993,0.9916,0.9905,0.9982,1.2216,1.0066,1.0003,1.0127,0.9927,0.0145,-0.0534,0.0329,-0.0021,0.0314,-0.0244,0.0748,0.0298,-0.0525,71.47,161.14,86.19,-0.27,-126.18,-88.83,0.9,-99.57,-1.57,26.5,6.21,-10.93,-0.86,-49.95,-29.87,0.47,-34.53,0.09,86.66,79.64,-70.77,44.67,-112.18,58.35,2.4,126.08,-77.34,-24.95,-1.45,-22.72,-12.09,-36.11,25.93,19.83,14.31,-10.46,0.3373,0.5896,0.3085,1.1872,0.6712,0.9924,0.9536,0.6728,1.3197,1,1,1,0,1,1,1,1,1,0.000424,0,0,4,0,0,0,0,0.0,0
1779788729382,0.9899,0.9984,0.9988,1.0062,1.215,1.0109,0.9905,0.9966,1.0128,0.0166,-0.0466,0.0024,0.0257,0.0605,-0.0782,-0.0245,-0.0326,0.0454,73.62,161.31,86.46,-1.12,-123.98,-91.33,1.4,-98.68,1.13,27.32,6.97,-10.59,-0.73,-49.4,-29.58,-0.26,-35.8,-0.73,28.58,-25.78,37.71,70.49,-145.58,-127.37,143.22,-93.42,-48.49,-23.44,42.92,45.59,-15.25,8.43,-30.16,-23.57,32.06,31.98,0.4982,1.2857,1.1054,1.0911,0.5491,0.4982,0.4717,0.3997,0.6365,1,1,1,0,1,1,1,1,1,0.000403,0,0,4,0,0,0,0,0.0,0
1779788730382,1.0111,1.0029,0.9968,1.0044,1.2388,1.0037,0.9904,1.0073,0.9905,0.0718,-0.0665,0.0121,0.0587,0.0117,-0.0349,-0.0696,0.0388,0.0647,71.17,164.47,84.26,-1.17,-126.1,-91.55,0.86,-98.69,-1.56,27.68,5.24,-10.37,0.91,-49.96,-29.12,0.39,-35.23,0.95,-103.02,122.95,32.03,-115.59,-82.52,9.61,69.83,-96.09,-31.61,12.02,44.5,-21.61,48.51,36.59,-14.26,-4.02,-44.46,24.45,0.5422,0.7157,0.7181,0.8216,0.3556,0.9917,0.1643,0.7483,0.822,1,1,1,0,1,1,1,1,1,0.000163,0,0,4,0,0,0,0,0.0,0
1779788731382,0.9926,1.0053,0.993,0.9911,1.2417,1.0001,0.9932,1.0085,1.0097,0.0266,-0.0759,0.0205,0.0424,0.0368,-0.0731,-0.0221,-0.0793,-0.0432,73.14,163.63,86.51,1.49,-124.2,-89.96,0.25,-100.0,1.49,27.71,6.9,-9.46,0.72,-50.34,-29.85,-0.49,-35.89,0.32,74.29,-98.96,-136.72,-81.86,83.25,79.16,-102.25,-46.26,-54.18,-16.21,42.31,-16.0,-43.82,35.71,-5.16,-11.61,-15.45,-35.78,1.3699,1.2245,1.03,0.2182,0.1036,0.2425,0.3054,1.4368,1.4715,1,1,1,0,1,1,1,1,1,0.00021,0,0,4,0,0,0,0,0.0,0
1779788732382,1.0076,1.0062,1.0136,1.0013,1.2485,1.0077,1.0136,1.0141,0.9966,-0.0677,0.0147,0.0338,0.0135,0.0629,0.0103,0.0077,-0.0247,-0.0058,71.11,163.8,83.8,-0.81,-124.43,-89.1,1.22,-99.48,1.7,26.28,5.32,-9.67,0.11,-50.44,-29.28,0.75,-34.77,-0.38,112.33,80.05,70.08,-100.62,-109.12,-15.63,-120.26,117.71,98.53,-7.62,-41.36,39.85,17.73,27.94,48.91,17.05,21.48,-38.5,0.6347,0.6523,0.6139,1.1744,0.5505,0.6778,1.1686,1.0043,0.8224,1,1,1,0,1,1,1,1,1,0.000392,0,0,4,0,0,0,0,0.0,0
1779788733382,0.9981,1.0064,1.014,1.0096,1.255,0.9934,1.0069,0.9908,1.0041,0.0463,-0.0238,0.0596,-0.0653,-0.0739,0.0702,0.055,-0.0596,-0.0137,71.6,163.47,85.18,0.85,-125.41,-91.99,-0.2,-101.69,0.89,27.15,6.83,-10.71,0.32,-49.34,-29.32,-0.64,-34.26,0.14,136.41,-103.08,107.96,-54.25,22.82,-8.09,-25.56,-143.98,-20.87,-40.44,-33.19,31.96,15.83,26.77,-12.57,-24.0,6.12,-11.44,1.4058,0.1066,1.0828,1.3891,0.9426,1.2063,1.0107,0.4792,0.9569,1,1,1,0,1,1,1,1,1,0.000378,0,0,4,0,0,0,0,0.0,0
1779788734382,0.9994,0.9938,1.0085,1.0077,1.2573,1.002,1.0098,0.9874,0.9976,0.0555,0.0163,0.0375,0.0169,0.0051,0.065,-0.0779,-0.0218,-0.0278,71.38,163.97,84.72,-1.09,-126.11,-88.92,1.17,-100.98,0.76,27.91,5.72,-9.22,0.65,-50.36,-30.61,-0.68,-34.18,0.08,-114.65,2.54,-5.34,-57.61,95.43,-41.52,-82.62,-35.8,-124.23,33.55,49.66,20.73,-21.6,-21.26,36.49,-11.06,12.09,15.25,0.2847,1.2271,0.2128,0.5077,1.3115,0.6589,0.7319,0.9816,0.4738,1,1,1,0,1,1,1,1,1,0.000398,0,0,4,0,0,0,0,0.0,0
1779788735382,0.9915,0.9891,0.989,1.0049,1.2764,0.9916,0.9958,1.0102,1.0029,0.0767,0.0718,-0.041,0.0742,-0.0677,-0.0547,0.0131,0.0413,0.0749,71.19,162.21,86.81,1.46,-123.04,-91.08,1.79,-98.43,-1.08,27.37,5.05,-10.62,-0.5,-49.13,-29.85,-0.31,-35.8,-0.19,-23.8,-74.79,75.4,-39.62,41.57,-134.35,-22.16,-8.98,31.28,-48.25,42.63,33.88,27.46,20.26,-30.79,26.72,46.91,37.61,0.6169,1.2646,0.843,0.77,0.6253,1.3539,1.0412,1.3318,1.1067,1,1,1,0,1,1,1,1,1,0.000381,0,0,4,0,0,0,0,0.0,0
1779788736382,1.0062,0.9973,1.0024,1.0136,1.2698,0.9988,0.9886,1.0149,1.0114,-0.0736,-0.0631,0.0457,0.0348,-0.0333,0.0089,-0.0126,-0.0376,-0.0629,71.12,162.5,86.82,-1.95,-126.39,-90.25,-1.33,-98.28,0.34,26.16,6.96,-9.71,-0.36,-49.11,-29.43,-0.2,-34.92,-0.09,89.4,-6.64,-123.66,-5.16,140.32,65.78,-103.77,140.17,-36.29,1.24,10.03,-17.56,-33.19,39.35,-47.31,43.53,-26.57,47.42,1.3471,0.9676,0.8826,0.4557,0.5037,1.0345,0.412,1.1222,0.4882,1,1,1,0,1,1,1,1,1,0.000168,0,0,4,0,0,0,0,0.0,0
1779788737382,1.0116,0.9993,1.0065,0.9877,1.2784,1.0111,0.9898,0.994,1.0039,-0.0066,-0.0098,0.0329,0.0508,-0.0388,-0.0566,-0.0398,0.0252,-0.0649,72.57,162.24,83.66,-0.52,-125.2,-91.96,-0.56,-100.19,-0.49,26.95,6.38,-9.08,0.41,-49.83,-29.96,0.42,-35.88,0.54,-108.4,-10.37,-14.97,-113.97,-51.1,-136.44,20.57,-102.26,88.22,-49.43,11.62,-12.47,-7.24,44.21,-1.34,42.1,48.25,24.56,0.6828,0.9831,1.499,1.1095,0.7658,1.3474,0.7558,1.4343,0.4602,1,1,1,0,1,1,1,1,1,0.000154,0,0,4,0,0,0,0,0.0,0
1779788738382,0.9974,0.9987,1.0036,1.0058,1.2753,1.0079,0.9859,1.0035,0.9878,-0.0316,0.054,-0.0505,-0.0765,-0.0354,-0.0353,-0.046,0.026,-0.0639,70.67,163.94,84.02,1.27,-126.52,-89.55,0.91,-98.31,0.26,26.87,6.69,-9.09,-0.55,-49.64,-30.46,0.79,-35.97,-0.79,-111.55,82.07,75.48,114.57,-83.05,144.12,-78.38,-32.33,48.13,23.17,7.29,-24.97,3.25,47.45,42.45,-25.31,30.71,-8.51,1.1769,0.4496,0.7197,1.225,0.8797,0.5334,1.436,0.7765,1.4147,1,1,1,0,1,1,1,1,1,0.000419,0,0,4,0,0,0,0,0.0,0
1779788739382,0.9964,0.9908,0.9854,1.0089,1.2951,0.99,1.0002,1.0033,1.0101,-0.0767,0.058,-0.0331,0.0002,-0.0603,-0.0313,0.0559,0.0063,0.0564,71.71,162.37,85.09,-1.91,-125.8,-89.84,-1.51,-100.94,-0.15,27.25,6.72,-10.82,-0.54,-50.7,-30.17,0.01,-35.9,-0.96,-33.41,52.88,-139.96,16.28,52.45,-86.7,138.88,-36.73,-93.68,23.88,-39.51,15.54,25.89,-26.08,-3.03,21.55,22.99,-2.57,0.6554,0.2559,0.5417,1.4759,1.4482,1.3203,1.1322,1.1981,0.3859,1,1,1,0,1,1,1,1,1,0.000482,0,0,4,0,0,0,0,0.0,0
1779788740382,1.0013,1.0107,1.0093,0.9911,1.2949,1.0113,1.0059,0.9987,1.0048,-0.0106,0.0004,0.0483,0.0787,0.0584,0.0124,0.0429,-0.0286,-0.0783,70.62,163.15,83.33,1.82,-123.64,-89.63,-0.53,-98.51,-0.43,27.34,5.05,-9.8,0.3,-50.43,-29.62,0.62,-35.4,0.22,5.77,-18.52,18.7,64.37,93.57,10.12,-71.33,-71.54,49.41,-34.84,-23.05,-7.62,48.23,-36.18,36.64,-25.81,1.82,23.92,0.816,0.1973,1.2492,0.8531,0.1545,1.4509,0.9227,0.8081,1.3481,1,1,1,0,1,1,1,1,1,0.000357,0,0,4,0,0,0,0,0.0,0
1779788741382,1.006,1.0009,1.0024,0.9983,1.314,1.0146,1.0037,1.0077,1.0037,-0.0406,-0.0536,0.0522,0.0244,-0.057,-0.0431,-0.0371,-0.0615,-0.0143,73.78,161.85,84.56,-1.63,-123.6,-88.43,-1.71,-100.97,0.46,27.37,5.43,-9.33,0.34,-50.05,-29.82,0.19,-34.45,-0.43,149.18,11.14,114.79,83.52,103.72,85.89,2.68,-7.89,95.2,-32.38,-30.99,-22.61,-24.86,-21.15,-17.34,8.53,24.16,-23.81,1.0592,1.3996,1.1772,0.8893,1.2038,0.4876,0.8835,1.1663,1.3798,1,1,1,0,1,1,1,1,1,0.000135,0,0,4,0,0,0,0,0.0,0
1779788742382,1.0137,1.0095,0.9909,1.0121,1.3209,1.0118,1.0033,1.0143,1.0107,-0.0342,-0.0268,-0.0112,0.0506,-0.0413,-0.0432,0.0538,0.0658,-0.0272,73.71,164.74,84.72,1.23,-125.28,-89.54,-0.38,-98.26,-0.15,27.06,6.25,-11.0,-0.12,-49.17,-29.77,0.16,-34.16,-0.5,74.47,-38.73,-112.75,100.11,-133.67,90.83,48.01,-83.94,-103.01,15.07,-17.14,-21.64,-26.87,-14.74,-25.23,-26.99,26.11,12.78,0.3354,1.3743,0.7389,0.2094,1.309,0.9217,1.3726,0.7701,0.5882,1,1,1,0,1,1,1,1,1,0.000435,0,0,4,0,0,0,0,0.0,0
1779788743382,1.0116,0.9947,0.9917,0.9948,1.324,0.991,0.9978,1.0046,1.003,-0.0228,-0.0129,-0.0759,-0.0386,0.0778,-0.0333,0.0202,0.0274,-0.0649,70.14,161.53,85.7,1.41,-126.21,-90.09,-1.52,-101.34,-0.5,27.3,5.56,-9.2,0.52,-50.67,-29.78,0.33,-34.38,-0.74,-135.73,66.86,84.71,-12.82,82.0,67.22,-127.11,-43.19,92.88,-6.51,-44.29,-11.85,41.09,-44.86,41.62,-37.8,-33.94,-17.3,0.1917,1.1826,0.4982,0.4306,1.4285,0.6759,0.4061,1.0877,0.5848,1,1,1,0,1,1,1,1,1,0.000168,0,0,4,0,0,0,0,0.0,0
1779788744382,1.0007,0.9932,0.9983,1.0027,1.3143,1.0058,1.0076,1.0117,1.0068,-0.0105,0.0748,0.0702,-0.0507,0.0468,0.0183,0.0479,0.0453,0.0194,72.3,161.61,86.56,-0.03,-124.61,-91.64,-1.92,-100.21,-0.84,26.78,6.29,-10.87,-0.22,-49.76,-30.27,0.27,-34.13,-0.98,-53.98,127.56,91.11,-41.19,141.0,68.18,121.56,83.08,73.65,-47.15,23.66,47.48,-39.0,49.86,11.56,-31.36,0.08,39.62,1.104,0.1148,1.3982,1.3393,0.8581,0.7938,0.6923,1.2114,0.9899,1,1,1,0,1,1,1,1,1,0.000324,0,0,4,0,0,0,0,0.0,0
1779788745382,1.0109,1.0104,0.9964,0.9935,1.3258,1.0133,1.006,1.0089,1.0051,-0.0106,0.0618,-0.0395,0.007,0.0388,-0.0045,-0.0541,0.0687,0.0218,72.48,163.66,83.46,-0.36,-123.67,-88.98,1.1,-101.36,-1.09,26.23,6.42,-10.11,-0.99,-49.69,-29.96,0.98,-35.09,-0.28,-121.34,80.45,33.17,-93.89,147.92,30.71,-120.21,-147.59,86.42,-9.14,28.48,11.95,4.93,-17.85,-19.17,44.85,17.2,-48.15,0.4954,0.9404,0.3261,0.9865,0.8089,1.1457,0.4361,1.3856,0.3116,1,1,1,0,1,1,1,1,1,0.000204,0,0,4,0,0,0,0,0.0,0
1779788746382,1.0086,0.998,0.9851,1.0044,1.3406,0.9969,1.009,0.9952,0.9987,0.0537,-0.0335,0.0599,-0.0652,0.0069,0.0564,0.0553,0.0031,-0.0236,71.96,161.02,84.64,1.45,-124.93,-88.87,0.23,-101.71,0.99,27.85,5.2,-10.45,0.09,-49.61,-30.26,-0.7,-35.49,-0.13,-82.11,-61.46,-104.48,87.23,104.52,-46.42,-42.13,98.89,21.25,-0.78,8.24,46.15,-49.17,-17.2,-30.37,-27.2,17.17,42.99,0.8271,0.3397,1.2507,0.4243,0.9065,1.0912,0.1662,0.7759,0.4467,1,1,1,0,1,1,1,1,1,0.000309,0,0,4,0,0,0,0,0.0,0
1779788747382,1.0021,1.014,0.9869,0.9897,1.3435,0.9956,0.9933,0.9896,1.0035,0.0555,0.0694,-0.0221,0.0484,0.0666,-0.0182,-0.0352,-0.0198,0.0039,71.73,163.51,86.75,1.91,-123.31,-88.14,-1.64,-101.75,-0.58,26.98,5.37,-9.61,-0.86,-49.76,-30.46,-0.16,-35.66,0.72,-77.28,35.83,50.74,-25.6,20.6,-123.51,-128.49,-30.58,90.78,33.52,11.82,31.58,35.99,-33.05,10.55,21.3,-2.3,-4.08,0.6014,0.7596,1.3864,1.4471,1.0166,0.1772,0.5232,0.3388,1.1118,1,1,1,0,1,1,1,1,1,0.000119,0,0,4,0,0,0,0,0.0,0
1779788748382,1.0134,0.9978,1.003,0.9869,1.3531,0.9978,0.9889,0.9899,1.0076,-0.0665,-0.0489,-0.049,-0.0609,0.0627,-0.0214,-0.0795,-0.0641,-0.0746,72.22,162.24,86.89,0.71,-124.63,-89.99,1.09,-99.36,-0.61,26.42,5.44,-9.81,-0.98,-50.2,-30.72,0.14,-35.48,0.71,80.17,-111.84,120.84,108.6,-24.6,-124.25,49.16,139.11,11.46,-42.07,33.39,-24.07,1.34,15.16,-11.83,12.26,-49.92,-46.09,1.3964,0.3161,0.9737,1.2268,0.5994,0.6484,0.3812,0.1426,1.1078,1,1,1,0,1,1,1,1,1,0.000122,0,0,4,0,0,0,0,0.0,0
1779788749382,0.9901,1.0091,0.9857,1.0107,1.3581,0.9887,1.0004,1.0089,0.9959,0.0799,0.0113,0.071,0.0302,0.0739,0.0327,-0.0122,0.0307,-0.0659,71.71,161.32,84.4,0.24,-124.64,-91.09,-1.89,-101.97,0.03,27.74,5.06,-9.39,-0.99,-50.73,-30.29,0.18,-35.89,0.06,-40.76,138.54,-72.81,68.28,98.81,7.15,24.81,89.78,-52.07,-28.58,-4.28,-19.14,-15.1,-15.63,30.88,-48.41,-25.01,30.88,0.1673,0.3159,0.2727,1.4518,1.101,0.7872,1.3897,0.9046,0.624,1,1,1,0,1,1,1,1,1,0.000444,0,0,4,0,0,0,0,0.0,0
1779788750382,1.0104,1.0101,1.0011,1.0091,1.343,0.9909,0.9899,1.0109,0.9931,-0.0227,0.0417,0.015,-0.0298,-0.0198,0.038,-0.0288,0.0299,-0.0314,72.86,163.53,83.21,0.43,-125.03,-88.77,1.47,-101.78,1.39,27.0,6.32,-9.87,-0.21,-50.98,-30.12,-0.62,-35.49,-0.16,115.81,-108.15,-90.91,-37.29,55.56,-13.59,34.41,96.58,-29.14,-25.01,10.71,-41.39,-5.93,-37.11,-25.55,-20.57,29.8,31.94,0.8428,0.4052,0.4053,0.7845,0.5753,0.2935,0.921,0.1454,1.2202,1,1,1,0,1,1,1,1,1,0.000107,0,0,4,0,0,0,0,0.0,0
1779788751382,0.9893,1.0043,1.0035,0.9874,1.3554,0.9887,0.9927,0.9947,0.9936,0.0545,0.028,-0.0432,-0.0643,0.0654,0.0541,-0.0542,-0.0353,0.0562,73.5,164.72,84.95,1.05,-126.55,-88.05,-1.87,-99.35,-1.78,26.4,5.62,-10.75,0.22,-50.2,-29.57,0.18,-35.51,-0.16,97.59,140.52,-101.11,110.65,61.96,-9.21,114.4,68.0,50.94,-17.23,-23.92,45.59,9.41,6.89,-36.97,1.29,6.07,-10.62,0.431,0.2024,1.0412,1.1126,0.5096,1.2881,0.121,0.7565,0.7048,1,1,1,0,1,1,1,1,1,0.00027,0,0,4,0,0,0,0,0.0,0
1779788752382,0.9886,0.993,0.9926,0.996,1.3721,0.9921,0.9886,0.9928,0.9951,-0.0555,0.0105,-0.0739,0.0708,-0.0522,0.0525,-0.0629,-0.0187,-0.0114,71.96,164.63,83.32,-0.64,-124.5,-88.37,-1.47,-100.85,0.69,27.89,6.69,-9.85,0.0,-49.37,-30.59,0.58,-35.74,-0.24,65.41,-116.05,113.23,33.86,-82.11,-140.87,112.54,-147.36,-91.89,21.49,24.9,35.07,-45.87,29.62,-32.89,-17.73,-29.72,-47.04,1.2221,1.42,0.6108,1.4529,0.3894,0.1847,0.3286,0.3234,1.1748,1,1,1,0,1,1,1,1,1,0.000118,0,0,4,0,0,0,0,0.0,0
1779788753382,1.0009,0.9904,1.0108,0.992,1.3634,1.0062,1.0045,0.998,0.9936,0.0638,-0.0143,-0.0013,-0.0415,0.0737,0.0729,-0.0393,0.0762,0.055,71.15,162.14,83.54,-0.71,-125.43,-90.14,1.13,-101.37,0.04,27.1,6.44,-10.45,-0.56,-50.52,-29.7,0.42,-35.05,0.62,30.5,11.33,133.2,77.82,55.92,82.2,96.6,-54.46,-62.1,-40.42,8.67,-4.98,-13.97,-8.1,21.7,28.54,-19.73,3.41,1.4647,1.3758,0.947,0.3721,0.3042,1.4883,0.6799,0.6065,0.4675,1,1,1,0,1,1,1,1,1,0.000404,0,0,4,0,0,0,0,0.0,0
1779788754382,0.9938,0.9925,0.9907,0.9908,1.3903,1.0041,0.9959,1.0028,1.0143,0.0415,-0.0677,0.038,-0.0683,-0.0163,0.0075,-0.008,0.079,-0.0176,71.02,161.21,86.32,1.28,-126.62,-91.09,0.55,-98.82,-1.1,26.38,6.68,-9.77,-0.99,-49.46,-29.29,0.08,-35.46,0.83,-7.54,-95.25,5.86,102.66,-59.48,126.27,-114.42,-139.41,-61.92,-37.84,45.09,-38.75,-22.39,-5.36,34.95,-20.49,38.7,-24.24,0.3227,0.3682,0.3821,0.9739,1.3801,0.3169,0.9777,1.13,1.1027,1,1,1,0,1,1,1,1,1,0.000256,0,0,4,0,0,0,0,0.0,0
1779788755382,0.9907,0.9948,1.0013,1.0107,1.3894,1.0094,1.0084,1.0117,0.9943,-0.0522,0.0093,0.0009,0.0176,0.0511,-0.0719,-0.0645,-0.034,-0.0713,72.51,161.14,86.51,-1.68,-125.32,-90.12,-0.4,-98.28,1.32,26.71,6.84,-9.15,0.94,-50.33,-30.96,0.24,-35.31,-0.92,38.49,57.86,146.04,25.72,-55.53,-120.69,127.39,-56.23,-44.32,33.06,-45.98,-49.78,-38.1,-38.78,-22.31,44.34,6.33,1.49,0.1664,0.8436,0.887,0.2189,1.152,0.4581,1.3495,1.3928,1.221,1,1,1,0,1,1,1,1,1,0.000216,0,0,4,0,0,0,0,0.0,0
1779788756382,1.0022,1.015,0.9862,1.01,1.3813,0.993,1.0026,0.9917,0.9949,-0.0604,-0.0557,0.0392,0.0149,0.0444,0.0164,0.0132,-0.0235,-0.0473,72.97,163.17,83.16,-1.03,-124.8,-91.06,-1.93,-98.96,-1.21,26.78,6.41,-9.77,-0.35,-50.57,-29.17,0.37,-34.05,-0.71,-39.88,132.71,8.59,-52.59,-7.81,-66.77,-74.74,-35.58,41.68,-45.54,18.12,5.95,-18.32,-0.18,10.94,26.14,-30.42,31.54,1.3232,0.1986,1.1546,0.2102,0.1553,0.7245,1.2065,1.4027,1.0465,1,1,1,0,1,1,1,1,1,0.000404,0,0,4,0,0,0,0,0.0,0
1779788757382,0.9998,1.0039,0.9863,1.0043,1.4014,1.0049,1.0018,0.9989,0.9923,0.0487,0.0405,-0.0706,-0.035,0.0115,-0.0211,0.0542,0.0165,0.0375,71.27,163.64,85.71,0.1,-123.74,-90.52,-0.13,-100.31,0.88,26.0,5.73,-9.21,-0.93,-50.58,-30.29,-0.79,-35.54,0.25,123.28,23.75,135.0,-30.21,-89.67,-55.05,-92.74,-85.96,-4.52,-37.49,42.23,-43.99,-26.1,33.5,11.41,-25.86,-17.74,16.26,1.4699,1.2245,0.4783,0.6372,1.2194,0.157,0.3463,0.3799,0.4486,1,1,1,0,1,1,1,1,1,0.000341,0,0,4,0,0,0,0,0.0,0
1779788758382,1.0071,1.0008,1.0047,1.009,1.3931,1.0122,1.0048,1.0069,1.0112,0.0081,-0.0018,0.0167,-0.0057,-0.0149,-0.0155,-0.0647,-0.0115,0.0106,71.65,162.58,86.04,0.21,-126.04,-88.22,1.32,-98.88,1.4,26.17,5.34,-9.37,0.08,-50.02,-30.44,0.15,-34.89,0.09,107.95,106.07,-136.26,-99.93,71.39,67.78,33.47,-27.28,-147.37,-12.14,2.99,14.34,-15.37,-13.58,21.3,-45.89,37.59,12.93,0.7277,1.3683,0.5853,0.5109,0.5836,0.4103,0.889,0.1906,0.1225,1,1,1,0,1,1,1,1,1,0.00031,0,0,4,0,0,0,0,0.0,0
1779788759382,1.0123,1.0132,1.0069,0.9876,1.4117,1.001,0.988,0.9903,0.9884,0.0076,0.0738,-0.0682,-0.0666,-0.0682,-0.0105,0.0144,0.0448,-0.0133,72.61,162.91,86.12,0.32,-123.16,-89.95,0.37,-98.63,-0.48,27.14,6.62,-10.21,-0.3,-49.91,-30.13,-0.85,-35.91,0.5,-31.22,20.65,-38.82,145.29,-120.06,148.92,-149.38,-89.98,20.54,43.01,-33.69,-38.84,24.01,45.07,8.34,38.97,38.84,48.64,0.9506,0.7538,0.4382,1.0393,1.4116,0.6386,0.7822,1.1726,1.0365,1,1,1,0,1,1,1,1,1,0.000396,0,0,4,0,0,0,0,0.0,0
1779788760382,0.9951,1.0019,1.0144,0.9988,1.4137,0.9894,0.9872,1.012,0.9894,-0.0032,-0.0246,-0.0029,0.0641,0.0746,0.0343,0.0597,0.0305,-0.0207,71.1,164.16,85.23,0.67,-126.67,-88.73,-1.34,-98.25,0.16,26.5,6.57,-9.6,0.68,-49.94,-29.24,-0.78,-34.53,-0.33,-146.79,119.26,72.0,59.03,60.14,31.59,111.86,126.28,-53.32,-35.47,27.38,-8.61,-8.33,7.39,-32.12,-44.0,46.84,-2.86,0.2349,0.1893,1.1905,1.2569,0.998,0.1655,1.2445,1.497,1.4236,1,1,1,0,1,1,1,1,1,0.000214,0,0,4,0,0,0,0,0.0,0
1779788761382,1.0146,1.0049,1.0108,1.0045,1.4309,0.9998,1.0042,1.0006,1.0017,-0.0594,-0.0117,-0.0447,0.0398,0.0554,0.0222,0.0435,0.0506,-0.0103,73.22,163.4,83.68,0.17,-123.92,-91.24,0.56,-100.17,1.3,26.23,6.37,-9.7,-0.12,-49.48,-29.8,0.95,-35.85,0.88,-25.53,-110.29,-120.99,-8.84,29.67,-44.53,131.71,-103.3,146.04,37.46,7.03,37.84,-22.98,-11.95,23.66,-16.35,33.19,37.03,0.4368,1.2577,1.2424,0.1301,1.2737,0.8055,0.2672,0.4539,0.2271,1,1,1,0,1,1,1,1,1,0.000485,0,0,4,0,0,0,0,0.0,0
1779788762382,0.9941,1.0026,0.9995,0.9981,1.4184,0.9854,0.9929,1.0039,0.9903,0.0335,-0.0059,0.0074,0.0411,0.0199,0.0561,0.0096,0.0001,0.0069,73.3,162.57,84.18,-0.42,-126.48,-90.44,0.19,-99.36,-0.26,26.91,5.44,-10.73,-0.67,-50.76,-29.06,0.09,-35.83,-0.44,-112.81,-110.47,-87.54,-132.73,-33.13,63.41,134.11,6.99,-4.91,17.11,-48.89,26.4,16.48,49.78,-23.73,-13.7,-44.78,42.27,1.3393,1.1194,1.4593,0.4253,0.8646,0.6844,1.1129,0.9034,0.3993,1,1,1,0,1,1,1,1,1,0.000268,0,0,4,0,0,0,0,0.0,0
1779788763382,0.993,0.9855,1.0008,1.0039,1.4345,0.9972,1.0142,1.0066,1.0105,0.0743,-0.0461,0.0082,-0.0603,0.0458,-0.0447,-0.0271,-0.0574,-0.0231,71.12,163.81,84.57,-0.96,-125.83,-91.33,1.01,-101.44,-1.99,26.38,5.22,-9.44,0.13,-50.32,-29.47,0.65,-34.83,-0.04,-72.73,54.41,-10.86,100.01,-113.57,-33.65,77.31,-139.47,-71.79,-38.59,-47.76,-33.07,-17.55,-24.33,-3.72,-13.7,-46.35,13.71,0.226,1.4797,0.2837,0.9696,1.3119,0.5581,0.731,0.7378,0.9044,1,1,1,0,1,1,1,1,1,0.000205,0,0,4,0,0,0,0,0.0,0
1779788764382,1.008,1.0086,0.9977,1.0107,1.4413,1.0141,0.9938,0.9972,0.9988,-0.0456,0.0311,0.003,0.0273,-0.0172,0.0648,-0.022,0.0529,-0.0611,73.74,164.41,86.47,-0.65,-125.5,-90.38,-1.35,-101.21,-1.54,27.15,5.94,-10.14,0.21,-49.28,-29.1,0.87,-35.96,0.21,43.71,-130.7,84.69,133.34,1.26,41.05,13.82,104.11,-40.05,-11.05,-14.67,35.06,-13.65,-4.16,-26.42,-41.47,-30.13,-26.39,0.5558,1.4142,0.6655,1.144,0.27,0.251,0.6343,0.3931,0.5722,1,1,1,0,1,1,1,1,1,0.000185,0,0,4,0,0,0,0,0.0,0
1779788765382,0.9863,1.0002,0.9926,1.0057,1.4357,1.0032,1.0044,0.9962,0.9958,-0.0038,0.0225,0.0077,0.0562,-0.0753,0.0792,0.0782,-0.0519,-0.0584,70.85,163.76,83.85,-1.22,-126.74,-88.5,1.42,-98.67,0.59,26.63,6.92,-9.67,0.67,-50.74,-29.23,0.47,-34.01,-0.46,58.83,-127.28,-74.3,-53.59,143.84,69.57,-94.44,-14.0,-97.62,22.34,22.61,-24.83,-1.08,-19.01,8.31,2.28,36.58,-40.86,1.1496,0.5033,0.8291,1.4054,1.032,1.1489,1.0463,0.455,0.8984,1,1,1,0,1,1,1,1,1,0.000342,0,0,4,0,0,0,0,0.0,0
1779788766382,0.9867,0.9937,1.0004,0.9899,1.4396,0.9957,1.0102,1.0089,0.9893,-0.0466,-0.0555,0.0283,-0.0549,0.0427,-0.0511,-0.0307,-0.0107,-0.0058,70.83,163.51,83.53,1.74,-124.2,-90.55,-0.65,-100.02,-0.6,27.91,5.73,-10.23,0.56,-49.45,-29.36,-0.41,-34.59,0.58,-32.1,105.67,-48.01,24.97,-144.16,149.76,131.31,65.9,136.36,-9.21,19.01,-45.58,35.54,-47.7,-2.59,-45.19,9.82,-15.38,0.606,0.3112,1.349,0.6607,0.8911,0.8479,1.0748,0.4438,0.6807,1,1,1,0,1,1,1,1,1,0.00029,0,0,4,0,0,0,0,0.0,0
1779788767382,0.9913,1.0094,0.9868,1.0049,1.4662,0.9891,1.0057,1.0016,1.0123,-0.0236,0.0219,0.0015,0.0412,0.0159,-0.0555,-0.0649,0.0416,0.0131,71.4,164.86,86.46,0.97,-125.52,-88.27,1.59,-100.96,-0.13,27.9,5.49,-10.62,-0.11,-49.13,-29.53,-0.75,-35.3,-0.91,102.99,-118.82,120.93,-29.07,-104.01,41.14,20.42,10.91,-115.94,-8.92,-36.54,31.33,41.98,-32.52,-40.1,-29.58,-17.07,22.2,0.2017,0.3849,0.7363,1.1901,0.5121,1.1574,0.4831,0.9238,0.3995,1,1,1,0,1,1,1,1,1,0.000253,0,0,4,0,0,0,0,0.0,0
1779788768382,0.9908,1.0082,1.0117,1.0075,1.4742,1.0023,1.0077,0.9939,1.0103,-0.056,-0.0141,-0.0631,-0.0206,0.0105,-0.032,-0.049,0.0475,0.0311,70.76,164.94,85.34,-1.14,-126.66,-89.78,0.48,-98.94,1.56,27.99,5.08,-10.95,0.98,-49.89,-29.87,-0.82,-34.25,-0.67,-133.03,-97.47,-7.69,-48.98,96.74,-118.28,-119.68,-81.87,60.2,41.54,-8.2,18.79,-41.24,17.31,16.73,43.27,-28.09,37.63,0.7215,0.6148,0.8569,0.2621,0.768,0.8888,1.4769,0.2786,1.2112,1,1,1,0,1,1,1,1,1,0.00022,0,0,4,0,0,0,0,0.0,0
1779788769382,0.9912,0.991,0.9958,0.9915,1.4684,0.9978,1.0012,0.9966,0.998,-0.0766,0.0322,-0.0734,-0.0421,-0.0327,-0.0624,-0.048,-0.0729,-0.0544,72.13,163.28,83.07,0.53,-126.17,-90.02,1.51,-98.43,-1.1,27.19,5.8,-10.77,-0.79,-50.02,-30.05,-0.66,-35.15,0.97,-108.2,-108.48,112.27,22.33,-110.39,133.61,56.53,-109.65,76.74,45.33,-7.21,-45.53,-19.85,20.0,-8.74,46.33,47.12,3.94,0.2963,0.1142,1.3296,0.9783,0.5732,0.3718,1.1423,1.483,1.4692,1,1,1,0,1,1,1,1,1,0.000488,0,0,4,0,0,0,0,0.0,0
1779788770382,0.9926,0.9856,0.998,0.9893,1.4743,0.9947,1.0136,0.9886,0.9854,0.0169,-0.0125,-0.072,-0.0054,0.0538,0.018,-0.0735,0.0418,-0.0569,71.53,163.06,83.95,-0.31,-126.67,-90.32,1.52,-98.84,-0.33,27.83,6.83,-10.07,0.4,-49.34,-30.43,-0.97,-35.08,0.37,131.03,-16.16,-105.6,-98.3,-27.17,-3.89,-146.5,-53.86,78.06,49.44,-12.44,-7.23,-3.7,11.05,24.89,-34.45,23.73,-36.75,0.5609,0.2913,0.9831,0.7836,1.2826,0.1482,1.3067,0.5945,0.696,1,1,1,0,1,1,1,1,1,0.000388,0,0,4,0,0,0,0,0.0,0
1779788771382,0.9928,0.9898,1.0108,1.0091,1.4675,1.0053,1.0076,0.9999,1.0049,-0.0707,0.0784,0.028,-0.0516,-0.0607,-0.0003,0.0112,0.0318,0.0338,71.44,161.21,83.58,-1.06,-125.63,-88.33,-0.23,-100.01,0.23,27.55,5.65,-10.08,0.2,-50.33,-29.64,0.31,-34.74,0.28,-94.86,-133.05,95.78,-104.42,-97.08,38.8,-61.85,-99.41,75.81,-30.79,17.01,47.99,-28.28,-1.97,1.45,43.6,-34.0,32.24,1.3104,0.7446,0.8181,0.8184,1.4497,0.3904,0.6453,0.6266,0.5582,1,1,1,0,1,1,1,1,1,0.000336,0,0,4,0,0,0,0,0.0,0
1779788772382,0.9896,1.0118,1.0147,1.0027,1.4937,1.0134,1.0083,0.9919,0.9891,-0.0025,0.0329,0.0182,0.0226,-0.0494,-0.0349,0.0558,-0.08,0.0675,71.15,161.01,85.79,-1.74,-126.01,-88.76,0.87,-101.71,-1.82,27.11,5.05,-9.73,0.31,-50.64,-30.34,0.95,-35.84,-0.58,-92.61,55.35,30.75,-98.61,-120.53,102.64,-121.96,112.26,-114.74,-25.27,49.97,15.61,-36.83,46.95,-12.34,-10.11,26.28,2.39,1.0412,1.2033,1.2923,0.8719,0.6976,1.388,0.7853,1.4221,1.3461,1,1,1,0,1,1,1,1,1,0.000359,0,0,4,0,0,0,0,0.0,0
1779788773382,0.9893,1.0092,0.986,0.9861,1.4846,0.9974,0.9977,0.9905,1.0053,-0.0178,-0.0664,-0.0221,0.0572,-0.0391,-0.0146,0.0389,0.0794,0.0094,70.75,163.53,84.8,1.66,-124.08,-90.77,1.56,-99.7,-0.14,27.71,6.63,-9.15,1.0,-50.45,-30.05,-0.2,-34.53,0.54,-63.13,14.76,51.53,-34.87,-34.91,77.04,144.68,27.19,136.79,-43.05,1.32,3.79,33.85,-5.05,49.22,39.93,-29.22,22.82,0.8989,0.8868,1.1411,0.7088,0.2427,1.1392,0.5887,0.6155,0.1891,1,1,1,0,1,1,1,1,1,0.000168,0,0,4,0,0,0,0,0.0,0
1779788774382,1.0026,1.007,1.0033,1.0138,1.512,0.9912,1.007,1.0062,0.995,-0.0486,0.0625,0.0239,-0.0431,0.0014,-0.0166,0.0121,-0.0077,0.0078,72.52,164.86,84.51,1.63,-124.64,-89.7,0.53,-101.88,-1.12,27.49,5.31,-9.64,0.44,-50.91,-29.95,0.81,-34.4,0.11,7.89,123.97,-132.63,95.68,-146.42,-119.56,-108.32,-70.4,-32.89,46.04,-37.7,2.7,26.54,-38.27,-34.53,-47.47,3.39,-33.67,1.4892,1.1318,0.4125,0.1051,1.3504,0.7909,0.5345,0.6846,1.0249,1,1,1,0,1,1,1,1,1,0.000297,0,0,4,0,0,0,0,0.0,0
1779788775382,0.9994,1.0129,1.0122,0.9855,1.5102,1.0051,1.0014,1.0052,0.9997,-0.0442,0.0557,-0.0522,-0.009,-0.0162,0.0608,0.0768,0.0078,-0.0473,73.86,162.2,86.05,1.6,-123.48,-89.82,1.31,-98.73,0.1,27.23,5.87,-10.9,0.17,-50.19,-30.86,0.87,-35.95,0.06,85.87,104.37,56.5,-126.77,-34.73,7.77,9.83,-96.28,-2.6,32.39,-6.97,-34.22,16.08,25.73,26.89,-32.99,-41.9,-27.86,1.2297,1.2266,1.4731,1.0058,0.6099,1.4541,0.6971,0.2606,0.5167,1,1,1,0,1,1,1,1,1,0.000214,0,0,4,0,0,0,0,0.0,0
1779788776382,1.0036,1.0065,1.0055,1.0057,1.5178,0.9917,0.9908,0.9955,0.9896,-0.0425,-0.0206,-0.0675,0.0231,0.044,-0.0025,-0.0435,0.0527,-0.0462,72.15,163.82,86.09,1.46,-124.68,-90.06,0.66,-99.57,-0.39,26.13,6.65,-10.13,-0.76,-50.4,-30.66,0.82,-34.46,0.43,-80.21,-47.82,117.18,-53.13,18.26,-5.25,-80.72,-59.64,105.56,31.89,-32.42,27.18,38.62,-26.52,-13.25,-42.46,34.25,-0.09,0.7025,0.9383,0.795,0.6864,0.1436,0.1115,1.0109,1.3823,0.182,1,1,1,0,1,1,1,1,1,0.000312,0,0,4,0,0,0,0,0.0,0
1779788777382,1.006,1.0101,1.0012,1.0124,1.5096,0.991,1.0045,0.9888,1.0129,-0.035,0.0507,-0.0657,-0.038,-0.0743,-0.0465,0.0384,-0.0214,-0.0504,73.14,163.7,86.92,1.3,-125.39,-91.09,-1.59,-100.09,-0.37,27.9,5.44,-10.35,0.15,-50.56,-30.63,-0.57,-35.33,0.59,-133.6,-130.94,-143.12,49.78,-132.41,-99.31,49.06,31.63,70.39,35.03,37.7,-40.87,-23.95,-38.75,20.13,-0.26,47.65,-19.51,0.1307,1.087,1.2517,0.7868,0.2412,0.7554,0.2034,1.4017,1.1252,1,1,1,0,1,1,1,1,1,0.000212,0,0,4,0,0,0,0,0.0,0
1779788778382,1.013,0.9916,1.0104,1.0073,1.5275,0.9986,0.9911,1.0059,1.0123,0.0528,0.0092,-0.0148,0.0524,0.0149,-0.0308,0.0561,-0.0034,0.0113,70.72,162.11,84.16,0.27,-125.14,-88.35,0.34,-98.64,-0.44,26.5,6.31,-10.81,-0.48,-50.26,-30.23,0.43,-34.99,0.99,-52.54,-62.99,-140.73,-120.92,110.19,-97.67,113.82,-15.13,91.01,45.14,-32.38,37.33,25.37,-46.31,45.68,42.2,-21.33,-19.6,1.2476,0.5226,0.2775,0.3158,0.792,0.7992,0.6223,1.019,1.0882,1,1,1,0,1,1,1,1,1,0.000127,0,0,4,0,0,0,0,0.0,0
1779788779382,1.0006,0.9919,0.9944,1.0148,1.522,1.0035,1.001,0.9946,0.9893,0.0776,-0.0758,-0.0157,0.0024,0.0233,-0.0352,0.0268,0.0288,-0.024,70.3,164.26,85.18,0.97,-123.45,-89.1,1.31,-100.54,0.37,27.92,6.59,-10.66,-0.56,-50.94,-29.36,0.17,-34.86,-0.47,2.55,139.05,112.46,107.74,-13.09,82.08,94.63,142.31,109.91,5.21,-17.37,48.39,-18.53,28.94,-40.83,34.53,-13.93,30.01,0.9729,0.7456,0.4816,0.1029,1.1782,1.2822,1.3359,0.1719,1.1517,1,1,1,0,1,1,1,1,1,0.000413,0,0,4,0,0,0,0,0.0,0
1779788780382,1.0092,0.9933,1.0073,0.9923,1.5253,0.9914,1.0126,1.0063,1.0008,-0.0681,0.0353,-0.0533,0.0113,-0.0733,0.0735,-0.0718,-0.0294,0.0507,73.38,163.04,85.86,-1.23,-124.82,-88.7,-0.31,-101.8,-1.02,26.5,6.06,-9.61,-0.61,-49.67,-29.53,-0.79,-35.52,0.5,-0.13,14.36,-133.03,143.12,-129.44,16.4,-103.27,-82.21,79.49,28.02,-46.09,-24.34,-12.81,3.7,42.55,-26.54,-21.6,48.76,1.3584,1.4718,1.0001,1.2089,0.9279,0.9032,0.5219,1.2083,1.2162,1,1,1,0,1,1,1,1,1,0.000157,0,0,4,0,0,0,0,0.0,0
